slot_id,zone,slot_type,distance_m,walking_time_min,parking_fee,occupancy,availability,distance_destination_m,traffic_level,weather,ev_charging,reserved,recommended
S052,A,Standard,103,2.09,50,18,1,197,High,Rain,0,0,1
S093,A,Standard,104,1.82,40,17,0,172,Low,Clear,1,0,0
S015,A,EV,937,15.56,20,16,0,161,Medium,Cloudy,1,0,0
S072,A,EV,794,12.92,80,46,0,1072,Medium,Clear,1,0,0
S061,B,Standard,326,5.91,20,64,0,1061,Low,Clear,0,0,0
S021,C,Large,492,8.5,40,76,0,117,Medium,Clear,0,0,0
S083,A,Standard,932,15.86,60,17,0,877,High,Rain,1,1,0
S087,C,Standard,467,8.06,80,78,1,941,High,Clear,0,0,0
S075,C,Large,681,11.14,10,14,1,1078,Low,Rain,1,0,0
S075,B,Standard,274,4.65,20,26,0,1191,Medium,Cloudy,1,0,0
S088,A,EV,619,10.64,80,67,1,279,Medium,Cloudy,1,1,0
S100,B,Standard,304,5.35,40,72,0,209,High,Clear,0,0,0
S024,A,Compact,225,3.8,20,36,1,235,Low,Rain,0,0,1
S003,B,Standard,615,10.84,50,85,0,1063,High,Clear,0,0,0
S022,C,Standard,195,3.41,60,77,1,926,High,Clear,0,0,0
S053,A,Compact,820,14.06,100,37,0,601,High,Cloudy,1,0,0
S002,D,Standard,713,11.94,100,98,1,196,Medium,Clear,0,0,0
S088,C,Standard,434,7.12,100,67,0,485,Low,Clear,0,0,0
S030,D,Standard,311,5.47,20,59,1,781,Medium,Rain,0,0,1
S038,C,Standard,580,9.89,60,76,1,109,Low,Cloudy,0,0,1
S002,B,Large,903,15.15,60,40,1,892,Medium,Clear,0,0,0
S064,A,Standard,420,6.75,50,21,1,453,Medium,Clear,0,0,1
S060,C,Compact,732,12.5,80,64,1,930,Low,Cloudy,0,0,0
S021,B,Standard,940,15.43,60,13,0,1187,Low,Cloudy,0,0,0
S033,A,Standard,953,16.12,50,51,0,664,Low,Clear,0,1,0
S076,A,Standard,246,3.77,100,100,1,385,Low,Clear,0,0,1
S058,C,Standard,997,16.36,20,63,0,880,Medium,Clear,0,0,0
S022,A,Standard,634,10.65,20,31,1,334,Low,Clear,0,0,1
S089,C,Compact,864,14.57,60,10,0,178,High,Rain,0,0,0
S049,A,Large,646,10.83,50,57,1,364,Medium,Rain,0,0,0
S091,D,Standard,333,5.39,20,52,1,1009,Medium,Clear,0,0,1
S059,B,Standard,351,6.18,60,29,1,120,Low,Clear,0,0,1
S042,D,Standard,181,3.06,80,27,1,394,High,Cloudy,0,0,1
S092,C,Standard,169,2.87,10,79,0,1171,High,Cloudy,0,0,0
S060,D,Standard,777,12.9,30,58,1,225,Low,Clear,0,0,0
S080,C,Standard,185,2.87,80,85,0,933,Low,Clear,0,0,0
S015,A,Standard,677,11.62,80,26,1,1148,Medium,Clear,1,0,0
S062,A,Standard,622,10.17,30,62,1,192,Medium,Rain,0,0,1
S062,C,Standard,578,10.14,40,31,1,980,Low,Cloudy,1,0,0
S047,D,Standard,83,1.14,60,91,1,1096,High,Clear,0,0,0
S062,A,Standard,581,9.78,30,19,0,230,Medium,Rain,0,0,0
S051,B,Standard,257,4.3,10,33,1,1118,Medium,Rain,0,1,0
S055,A,Standard,723,12.02,60,93,1,141,Low,Clear,0,0,0
S064,B,Standard,348,6.0,30,21,1,83,Low,Cloudy,0,1,0
S003,D,Standard,571,9.75,30,13,0,727,Low,Cloudy,1,0,0
S051,B,Standard,143,2.54,10,51,1,808,Low,Cloudy,0,0,1
S007,B,Standard,463,7.4,100,14,0,431,High,Cloudy,0,0,0
S021,B,Standard,420,6.65,50,35,1,1015,Medium,Cloudy,0,0,0
S073,B,Standard,458,7.26,100,68,0,436,High,Rain,0,0,0
S039,A,Standard,432,7.13,100,71,1,584,High,Clear,1,0,0
S018,B,Compact,490,8.8,100,89,0,249,Low,Clear,0,0,0
S004,A,Standard,927,15.44,30,14,1,324,Low,Clear,0,0,0
S089,B,Standard,496,8.9,80,35,0,550,High,Clear,1,0,0
S060,C,Large,668,11.12,100,92,1,508,Medium,Clear,0,0,0
S014,D,Standard,666,11.15,40,15,0,99,Medium,Clear,0,0,0
S009,B,Standard,120,2.18,80,33,1,1019,Medium,Rain,0,0,1
S090,C,Large,992,16.45,100,62,0,1037,High,Rain,0,1,0
S053,B,Large,133,2.28,30,16,1,581,Medium,Cloudy,0,0,1
S002,B,Standard,258,3.79,100,19,0,1053,High,Rain,0,1,0
S084,B,Standard,308,4.87,30,48,0,677,High,Clear,0,0,0
S092,C,Standard,288,4.3,10,95,1,1165,Medium,Clear,0,0,0
S060,D,Standard,351,6.07,100,87,0,388,Medium,Clear,1,0,0
S071,C,Compact,281,4.27,100,37,0,1126,Low,Clear,0,0,0
S044,D,Standard,981,16.77,10,51,1,53,Low,Rain,1,1,0
S008,B,Standard,331,5.62,60,71,1,330,Medium,Cloudy,0,0,1
S047,A,EV,443,7.67,40,61,1,122,Low,Clear,1,0,1
S035,B,EV,467,7.59,20,31,0,817,High,Clear,1,1,0
S078,D,Standard,255,3.91,10,66,0,1020,Medium,Clear,0,0,0
S081,C,Compact,313,5.11,100,20,1,1047,High,Clear,0,1,0
S036,B,Standard,360,6.32,20,23,0,257,Low,Clear,0,0,0
S050,C,Large,908,15.77,100,40,1,309,High,Cloudy,0,0,0
S004,C,Standard,955,16.07,40,13,0,979,Medium,Rain,0,0,0
S002,C,Standard,746,12.04,30,31,1,312,High,Rain,0,0,0
S006,B,Standard,675,10.96,60,73,1,832,Low,Clear,0,0,0
S054,C,Standard,128,1.69,30,86,1,554,Medium,Clear,0,0,1
S004,C,Standard,918,15.26,80,93,0,252,Medium,Rain,0,0,0
S054,B,Large,391,6.43,60,92,1,101,Low,Cloudy,0,0,1
S093,C,Compact,862,14.33,20,88,0,412,Low,Cloudy,0,0,0
S063,B,Standard,611,9.86,80,99,1,94,High,Cloudy,1,0,0
S018,D,Standard,881,14.33,40,93,1,876,Low,Clear,0,0,0
S090,D,Standard,144,2.43,40,70,0,838,Low,Clear,0,0,0
S044,D,Large,819,13.8,10,15,1,820,Low,Rain,0,0,0
S034,C,EV,990,16.14,100,88,1,191,High,Clear,1,0,0
S074,A,EV,400,6.81,20,77,0,846,Medium,Cloudy,1,0,0
S062,A,Large,111,2.13,60,15,1,86,Low,Clear,0,0,1
S100,C,Standard,191,2.48,10,75,0,94,Medium,Clear,1,0,0
S014,A,Standard,891,15.32,20,45,1,969,High,Clear,0,0,0
S095,B,Compact,783,13.26,80,24,1,1119,Low,Clear,0,0,0
S048,A,EV,917,15.57,10,85,1,614,Low,Clear,1,0,0
S015,C,Standard,160,2.36,10,49,0,350,Low,Clear,0,0,0
S072,C,Standard,665,11.32,40,50,1,337,Medium,Cloudy,0,0,0
S078,B,Large,576,9.87,40,16,1,835,Medium,Rain,0,0,0
S087,D,Standard,831,13.65,30,31,1,318,Medium,Cloudy,0,0,0
S062,C,Standard,720,12.23,30,81,1,840,Medium,Clear,0,0,0
S040,B,Compact,206,3.39,40,20,1,1135,Low,Cloudy,0,0,1
S085,A,Standard,588,9.61,40,11,1,630,Low,Clear,0,0,1
S080,A,Standard,646,10.71,80,39,1,985,Low,Cloudy,0,0,0
S082,B,Large,58,1.02,100,77,0,403,Low,Clear,0,1,0
S053,B,Compact,325,5.33,10,62,1,1017,Low,Clear,1,0,1
S024,C,EV,276,4.36,30,98,0,120,Medium,Rain,1,0,0
S026,A,Standard,235,4.03,40,30,0,884,Low,Clear,0,0,0
S089,B,Standard,640,10.83,20,34,1,462,Medium,Clear,0,0,1
S060,A,Compact,265,4.46,20,82,1,661,Medium,Clear,1,0,1
S041,B,Standard,482,7.55,30,81,1,1134,Low,Clear,0,0,0
S029,A,Standard,618,10.12,20,14,1,664,Medium,Cloudy,0,0,1
S015,D,Large,705,11.5,60,75,1,578,Medium,Rain,0,0,0
S045,C,Standard,405,7.27,10,94,1,240,High,Cloudy,0,1,0
S065,A,Standard,892,14.9,30,58,1,127,High,Cloudy,0,0,0
S089,D,Standard,441,7.27,60,17,0,938,Medium,Cloudy,0,1,0
S071,A,Standard,628,10.3,40,96,0,998,Medium,Clear,1,0,0
S009,A,Standard,324,5.36,80,88,0,66,Low,Clear,0,0,0
S088,D,Standard,543,9.28,80,36,1,864,Medium,Clear,0,0,0
S001,A,Compact,666,10.55,60,11,1,483,High,Clear,0,0,0
S008,A,EV,500,8.4,20,37,0,1116,Medium,Cloudy,1,0,0
S088,C,Standard,469,7.67,10,20,1,1141,Low,Clear,1,0,1
S063,D,Standard,749,12.61,40,55,0,261,Medium,Clear,0,0,0
S011,D,Standard,213,3.79,50,30,0,252,High,Clear,0,0,0
S081,B,Standard,828,13.59,10,51,1,775,Low,Clear,1,0,0
S008,A,Compact,612,9.79,100,41,1,158,Medium,Cloudy,0,0,0
S035,C,Compact,687,11.36,20,41,0,1017,Low,Rain,0,0,0
S035,A,Large,641,11.07,10,80,1,333,Low,Clear,0,0,1
S033,A,Standard,232,4.12,80,31,1,990,Low,Cloudy,0,0,1
S005,B,Standard,359,5.87,50,87,1,786,Low,Clear,0,0,0
S041,A,Standard,66,1.0,100,86,0,1191,Low,Clear,0,0,0
S028,C,Standard,495,8.08,50,30,1,981,Medium,Clear,0,0,0
S007,C,Compact,219,3.26,10,31,0,652,Medium,Clear,0,0,0
S073,B,EV,329,5.72,80,43,1,540,Low,Cloudy,1,0,1
S072,A,Standard,962,16.32,40,19,1,68,High,Clear,0,0,0
S012,C,Large,865,14.3,80,74,1,850,Low,Clear,0,0,0
S034,A,Standard,389,6.33,60,74,0,809,Medium,Clear,0,0,0
S033,A,Standard,775,12.71,40,97,0,978,Low,Cloudy,0,0,0
S048,A,Compact,759,12.51,50,76,0,347,Low,Cloudy,1,0,0
S023,B,Standard,568,9.25,30,52,1,754,Medium,Cloudy,1,0,0
S062,A,Standard,959,15.94,30,50,0,864,Medium,Clear,0,0,0
S088,C,Compact,60,1.24,40,22,0,852,Medium,Cloudy,0,0,0
S037,A,Large,573,9.76,30,13,1,422,Medium,Clear,0,0,1
S099,C,Standard,671,10.93,40,32,1,977,Medium,Clear,0,0,0
S044,A,Standard,182,3.08,20,79,1,1000,Low,Cloudy,0,0,1
S086,C,Large,950,16.03,100,43,0,893,Medium,Cloudy,0,0,0
S091,C,Large,689,11.2,40,50,1,996,Medium,Rain,1,0,0
S035,A,Compact,197,3.33,20,27,1,492,Low,Rain,1,0,1
S065,A,Standard,615,10.61,60,99,1,191,Low,Cloudy,0,0,0
S099,C,EV,872,14.46,50,42,0,451,Low,Rain,1,1,0
S047,D,Standard,128,1.53,30,34,1,872,Low,Cloudy,0,0,1
S078,B,Compact,395,5.83,60,61,1,271,Medium,Clear,0,0,1
S003,D,Standard,658,11.06,60,26,1,786,Medium,Clear,0,0,0
S001,D,Compact,298,5.0,80,60,1,1043,Medium,Cloudy,0,0,0
S005,A,Standard,688,11.52,80,12,0,162,High,Clear,0,0,0
S090,B,Standard,591,10.0,50,64,0,1143,Low,Clear,0,0,0
S014,D,Standard,73,1.0,10,95,1,647,Low,Clear,0,0,1
S027,A,Standard,520,8.42,100,65,1,953,Medium,Clear,1,0,0
S009,D,Compact,250,4.29,10,44,1,534,High,Cloudy,0,0,1
S079,D,Large,180,3.22,60,77,1,600,Medium,Cloudy,0,0,1
S015,A,EV,683,11.31,60,68,1,1083,Medium,Cloudy,1,0,0
S090,A,Standard,405,6.32,80,68,1,52,High,Cloudy,0,0,0
S042,A,Compact,993,16.65,50,22,0,711,Medium,Clear,0,0,0
S077,B,Compact,888,14.82,100,71,1,116,Medium,Clear,0,0,0
S051,D,Standard,199,3.0,40,56,0,754,High,Rain,0,0,0
S063,A,Standard,575,8.99,40,85,0,1170,Low,Clear,0,0,0
S096,C,Compact,353,6.05,100,12,1,147,High,Clear,0,1,0
S052,D,EV,590,9.65,30,30,1,1130,Low,Cloudy,1,0,0
S096,C,Compact,99,1.71,50,74,1,1180,High,Clear,0,0,0
S004,B,Standard,513,8.59,10,27,1,137,Low,Clear,0,0,1
S094,A,Standard,289,4.47,50,22,1,1021,Medium,Clear,0,0,1
S023,C,Standard,531,8.98,50,80,0,702,High,Clear,0,0,0
S015,B,Large,955,15.66,100,86,1,705,Low,Clear,0,0,0
S043,A,Compact,504,7.95,100,90,1,961,Medium,Rain,0,1,0
S029,C,Standard,332,5.05,80,54,1,420,Low,Cloudy,0,0,1
S036,C,Large,384,6.4,30,71,0,424,Low,Clear,1,1,0
S013,B,Standard,401,7.16,40,39,0,101,High,Cloudy,0,0,0
S032,A,EV,717,11.96,60,84,1,90,Low,Clear,1,0,0
S071,A,Standard,698,12.17,10,23,1,865,Medium,Clear,0,0,0
S059,C,Standard,376,6.7,30,62,1,140,Low,Cloudy,0,0,1
S086,C,Standard,385,6.57,100,19,1,88,High,Rain,0,0,1
S028,C,Standard,715,12.39,10,81,1,1086,Medium,Cloudy,0,0,0
S066,A,Standard,130,2.61,10,40,1,949,Medium,Rain,0,0,1
S042,B,Compact,136,2.62,40,15,1,670,High,Rain,0,1,0
S045,B,Compact,825,13.18,60,92,1,153,Low,Cloudy,0,0,0
S062,A,Compact,307,5.05,60,28,0,792,Medium,Rain,0,0,0
S057,D,Standard,234,3.69,80,21,1,92,Medium,Clear,0,0,1
S006,B,Standard,741,12.7,40,73,1,258,Low,Clear,0,0,0
S028,C,Standard,747,12.36,30,91,1,649,Medium,Cloudy,0,0,0
S028,D,Compact,172,3.39,20,64,0,654,Medium,Clear,0,0,0
S044,D,Standard,938,15.66,30,76,1,525,Medium,Clear,0,0,0
S084,B,EV,145,2.41,30,18,1,158,Low,Clear,1,0,1
S030,D,Compact,654,10.79,20,15,1,263,Low,Cloudy,0,0,1
S062,D,Standard,564,9.34,10,10,0,458,Low,Clear,1,0,0
S075,B,Standard,953,15.96,50,51,1,820,Low,Clear,0,0,0
S092,B,Standard,492,8.18,20,64,1,682,Low,Clear,0,0,1
S089,D,Standard,563,9.24,50,58,1,126,Medium,Cloudy,0,0,1
S062,C,Large,420,6.88,100,39,0,144,Medium,Clear,0,0,0
S097,A,EV,354,6.45,10,44,1,318,High,Cloudy,1,0,1
S001,D,Standard,406,7.37,20,72,0,410,Medium,Rain,0,0,0
S027,D,Compact,197,3.14,40,31,0,579,Low,Clear,0,1,0
S062,C,Compact,334,5.82,30,52,1,732,Low,Rain,0,0,1
S077,D,Compact,706,11.52,20,37,1,211,Medium,Clear,0,0,1
S003,D,Standard,891,14.75,20,27,1,514,High,Clear,0,0,0
S070,A,Standard,922,15.04,10,41,1,872,Medium,Cloudy,0,0,0
S072,A,Standard,967,16.42,40,78,0,597,Medium,Rain,0,0,0
S027,A,Large,311,5.33,20,63,1,101,Low,Clear,0,0,1
S009,B,Standard,623,10.59,100,43,0,537,Medium,Cloudy,0,0,0
S062,B,Standard,540,9.27,40,40,1,141,Medium,Clear,0,1,0
S037,A,EV,787,12.86,50,13,1,700,Low,Clear,1,0,0
S097,A,Compact,80,1.24,20,23,1,406,Medium,Cloudy,0,0,1
S051,B,Large,751,12.65,100,24,1,768,Low,Clear,0,0,0
S044,C,Standard,936,15.5,40,69,1,248,Medium,Cloudy,0,0,0
S024,D,Standard,317,5.3,30,29,1,864,Medium,Clear,0,0,1
S079,D,EV,61,1.0,10,29,0,266,Medium,Cloudy,1,0,0
S059,A,Standard,240,4.4,60,58,0,605,Medium,Cloudy,1,0,0
S032,C,Standard,449,7.76,40,77,1,852,Medium,Cloudy,0,0,0
S096,B,Standard,586,10.14,10,27,1,750,High,Clear,0,1,0
S088,A,Standard,967,16.31,60,33,0,552,Medium,Clear,0,0,0
S052,C,Standard,140,2.01,100,36,0,518,Medium,Rain,0,0,0
S062,C,Large,649,10.67,20,42,1,415,Low,Rain,1,1,0
S058,C,EV,893,14.67,20,73,1,673,Medium,Cloudy,1,0,0
S052,B,EV,550,9.09,50,34,0,969,Low,Cloudy,1,0,0
S012,B,Standard,835,14.23,10,78,0,610,Low,Cloudy,1,0,0
S039,D,Standard,350,5.39,30,27,1,872,Low,Clear,0,0,1
S002,D,Standard,160,2.49,80,54,1,1016,Medium,Clear,0,1,0
S003,C,Large,129,2.03,30,29,0,712,Medium,Cloudy,1,0,0
S056,C,Standard,885,14.36,40,44,0,800,High,Clear,0,0,0
S081,B,Compact,701,11.74,30,15,1,1148,Medium,Rain,0,0,0
S059,D,Compact,482,7.93,60,100,1,1171,Low,Clear,0,0,0
S002,C,Standard,466,8.1,10,84,1,432,Medium,Clear,0,0,1
S002,D,Standard,263,4.3,20,18,1,358,Medium,Cloudy,0,0,1
S092,D,EV,496,8.4,10,61,0,225,Medium,Clear,1,0,0
S054,C,EV,67,1.15,10,37,1,277,Medium,Cloudy,1,0,1
S087,B,Standard,103,1.0,20,28,1,396,Low,Cloudy,0,0,1
S096,C,Standard,929,15.05,60,94,0,1070,Medium,Clear,0,0,0
S097,C,EV,658,11.08,100,72,1,399,Medium,Clear,1,0,0
S001,D,Standard,844,14.17,10,16,1,504,High,Clear,0,0,0
S019,C,Standard,795,13.23,30,46,0,490,Low,Cloudy,0,0,0
S002,B,Standard,289,5.22,40,98,0,810,Medium,Clear,0,0,0
S053,C,Standard,895,15.07,80,45,0,564,Medium,Cloudy,0,0,0
S044,B,Standard,970,16.64,40,26,0,1154,Low,Clear,0,0,0
S090,B,Standard,467,7.05,10,99,1,337,Medium,Cloudy,0,0,1
S032,D,Standard,905,15.6,60,46,1,57,High,Cloudy,0,0,0
S070,A,Standard,535,8.73,20,90,1,136,Medium,Cloudy,0,0,1
S032,A,EV,493,8.22,50,69,0,1047,Low,Cloudy,1,0,0
S068,D,Large,615,10.61,60,58,1,335,Low,Clear,0,0,0
S055,C,Large,648,10.17,10,90,1,123,Low,Rain,0,0,1
S075,D,Compact,822,13.62,10,65,1,1196,Low,Clear,0,1,0
S056,B,Standard,797,13.59,50,43,0,855,Medium,Clear,0,0,0
S017,A,Standard,172,2.68,40,96,0,207,Medium,Clear,0,0,0
S038,D,EV,469,8.09,60,39,0,479,Medium,Cloudy,1,0,0
S024,C,Standard,615,10.45,40,36,1,1182,Medium,Cloudy,0,0,0
S069,D,Standard,265,4.47,80,60,1,895,Medium,Cloudy,0,0,0
S098,A,Compact,469,8.0,50,18,1,85,Medium,Clear,0,0,1
S070,D,Standard,758,13.02,20,29,1,1163,Low,Clear,0,0,0
S086,D,Standard,600,10.18,80,96,1,1070,Medium,Cloudy,0,0,0
S011,A,EV,926,15.71,10,56,1,1023,Low,Rain,1,0,0
S016,B,Large,277,4.35,30,28,1,1067,High,Clear,1,0,0
S097,B,Standard,286,4.94,40,77,1,762,High,Rain,1,0,0
S073,A,EV,693,11.7,40,86,0,1119,Medium,Cloudy,1,0,0
S059,D,Compact,379,6.65,60,21,1,537,Medium,Cloudy,0,0,1
S070,A,Compact,882,14.35,80,82,0,668,Medium,Clear,0,0,0
S080,B,Standard,518,8.96,80,88,0,219,Medium,Cloudy,0,0,0
S093,C,Standard,729,11.89,40,94,1,195,Low,Rain,0,0,0
S003,D,Compact,536,9.64,100,88,1,917,Low,Clear,1,0,0
S020,B,Large,598,9.7,20,14,0,469,High,Clear,1,0,0
S059,D,Compact,628,10.12,50,78,1,622,Low,Rain,0,1,0
S036,A,Standard,672,11.11,20,34,1,1076,Medium,Clear,0,0,0
S019,C,Standard,464,8.05,40,97,1,848,High,Clear,0,0,0
S090,A,Large,268,4.57,60,40,1,370,Medium,Clear,0,0,1
S067,C,Standard,770,13.34,10,55,1,295,Medium,Cloudy,0,0,0
S019,D,Standard,430,7.08,40,43,1,526,High,Clear,0,0,0
S020,D,Standard,136,2.12,10,50,1,1166,Medium,Clear,0,0,1
S096,A,Standard,510,8.28,60,87,1,832,Medium,Clear,0,0,0
S071,C,Compact,864,14.24,10,100,0,582,Low,Clear,0,0,0
S052,C,Compact,460,7.25,40,77,1,286,Medium,Cloudy,0,0,1
S033,D,Standard,740,12.14,40,96,0,1024,Low,Clear,0,0,0
S040,A,Standard,965,15.72,10,47,1,728,Low,Rain,0,0,0
S039,C,Large,574,9.78,20,55,0,628,Medium,Clear,0,0,0
S082,D,Standard,496,8.71,20,78,1,179,Medium,Cloudy,1,0,1
S001,B,Standard,349,5.88,60,36,1,60,High,Cloudy,0,0,1
S011,A,EV,457,7.41,20,52,0,306,Low,Clear,1,0,0
S092,B,Standard,686,11.66,80,87,1,865,Medium,Cloudy,0,0,0
S057,A,EV,424,7.05,30,80,0,418,Low,Rain,1,0,0
S089,D,Standard,282,5.0,10,54,1,993,High,Clear,0,0,0
S050,C,Compact,812,13.25,30,27,1,931,Medium,Clear,0,0,0
S023,C,Standard,948,15.54,30,41,0,68,Low,Cloudy,1,0,0
S031,C,EV,687,11.67,80,11,1,159,Medium,Cloudy,1,1,0
S094,A,Standard,796,13.26,10,50,0,554,High,Cloudy,0,1,0
S042,D,Standard,699,11.93,30,29,1,1107,High,Rain,0,0,0
S099,B,EV,98,1.38,60,67,1,1052,Low,Cloudy,1,0,1
S007,D,Standard,941,15.81,60,99,0,304,Medium,Clear,1,1,0
S016,B,Standard,235,4.08,10,47,1,687,Medium,Clear,0,0,1
S090,A,Standard,254,3.77,50,10,1,183,Medium,Clear,0,0,1
S060,A,Compact,127,2.12,50,78,1,548,Medium,Cloudy,0,0,1
S002,B,Standard,530,8.23,100,63,0,446,Medium,Clear,0,0,0
S001,B,Standard,435,7.69,80,23,1,696,High,Clear,0,0,0
S048,B,Compact,243,3.65,10,34,0,734,High,Rain,0,0,0
S012,D,Standard,152,2.48,10,18,1,68,Medium,Clear,0,1,0
S069,B,EV,666,11.1,10,92,0,1060,Medium,Clear,1,0,0
S037,A,EV,425,6.79,20,70,1,168,Medium,Clear,1,0,1
S032,A,Compact,336,6.15,10,61,0,351,Low,Clear,0,0,0
S009,C,Large,885,14.54,60,17,1,276,Medium,Clear,0,0,0
S099,B,Compact,531,8.77,60,25,1,405,Medium,Rain,0,0,1
S019,D,Standard,772,12.66,40,17,1,750,Low,Rain,0,1,0
S048,D,Large,299,4.77,50,32,1,536,High,Clear,0,1,0
S080,D,Standard,854,14.2,100,82,1,272,High,Cloudy,0,0,0
S003,C,Standard,250,4.38,50,43,1,1044,High,Cloudy,0,0,0
S020,A,Large,585,9.8,80,27,1,549,Medium,Clear,1,0,0
S024,D,Standard,510,8.27,10,53,1,1095,Medium,Clear,0,0,0
S054,A,Large,349,5.81,50,24,1,1200,High,Rain,1,1,0
S033,C,Standard,527,8.37,10,24,1,414,Low,Cloudy,0,0,1
S024,B,Compact,132,2.55,10,32,0,1117,Medium,Clear,0,0,0
S075,B,Standard,858,14.15,50,96,1,568,High,Clear,0,0,0
S072,B,Compact,507,8.31,50,74,0,578,Medium,Cloudy,0,0,0
S036,D,Large,740,11.75,40,95,1,235,High,Clear,0,0,0
S038,B,Compact,347,5.63,80,80,1,847,Medium,Clear,0,0,0
S084,D,Standard,413,7.39,100,41,1,1031,Low,Clear,1,0,0
S099,C,Standard,767,12.97,30,41,0,397,Low,Clear,0,0,0
S089,C,Standard,89,1.82,40,42,0,971,Medium,Rain,0,0,0
S099,D,Compact,865,14.45,40,52,1,970,Low,Clear,1,0,0
S025,A,EV,674,10.45,50,22,1,1006,Medium,Cloudy,1,0,0
S093,B,Standard,389,6.5,100,18,1,410,Low,Rain,1,0,1
S018,B,Compact,565,9.48,80,71,1,231,High,Clear,0,0,0
S082,B,Large,157,2.89,60,66,1,146,Low,Clear,0,0,1
S066,D,Standard,365,6.07,80,57,0,612,Medium,Rain,0,0,0
S054,C,Compact,163,2.49,40,52,1,363,Medium,Cloudy,0,0,1
S035,B,Large,216,3.57,60,76,0,1004,High,Cloudy,0,0,0
S080,C,Standard,310,5.06,50,90,1,70,Medium,Cloudy,0,0,1
S061,B,Standard,667,11.27,20,41,0,854,High,Clear,0,0,0
S041,B,Standard,273,4.52,10,82,1,625,Medium,Cloudy,0,0,1
S100,D,EV,311,4.89,30,69,0,452,Low,Cloudy,1,0,0
S033,A,EV,300,5.17,60,10,1,1197,Medium,Clear,1,0,0
S068,D,Large,575,9.36,20,66,0,662,Medium,Clear,0,0,0
S033,B,Standard,759,12.56,60,93,1,1192,Medium,Clear,1,0,0
S014,B,Standard,175,2.78,10,78,1,1019,Medium,Clear,0,0,1
S021,A,Standard,255,4.32,10,94,0,742,Medium,Rain,0,0,0
S048,C,Standard,189,2.74,80,78,1,1008,Low,Cloudy,0,0,0
S020,C,Compact,111,1.86,30,77,1,921,Low,Clear,0,0,1
S008,B,EV,332,5.86,40,70,0,889,High,Cloudy,1,0,0
S007,C,EV,103,1.75,10,17,0,152,Medium,Clear,1,0,0
S067,B,Compact,395,6.38,30,98,1,382,Low,Rain,0,0,1
S017,A,Standard,573,9.44,60,16,0,802,Low,Cloudy,0,0,0
S033,A,Standard,185,3.17,60,46,0,183,Low,Cloudy,0,0,0
S048,B,Standard,379,6.48,60,51,0,474,High,Clear,0,0,0
S076,A,Large,193,3.67,80,41,1,986,Low,Clear,0,0,1
S059,D,Large,485,7.6,60,26,1,554,Medium,Clear,0,0,1
S086,D,Standard,331,5.6,60,37,0,920,Low,Clear,0,0,0
S022,A,Standard,185,3.14,50,79,1,239,Medium,Cloudy,0,0,1
S030,B,Standard,538,8.95,10,57,1,661,Low,Clear,0,0,1
S038,B,Standard,862,14.47,80,63,0,101,Low,Clear,0,0,0
S051,A,Standard,782,12.96,10,51,0,661,Medium,Cloudy,0,0,0
S054,C,Standard,901,14.72,40,45,1,423,Medium,Clear,0,0,0
S008,D,Standard,770,12.9,80,75,1,424,Medium,Clear,0,0,0
S027,C,Large,964,16.26,100,40,0,438,Low,Rain,0,0,0
S027,B,Compact,450,7.49,40,74,1,723,Medium,Clear,0,0,0
S098,B,Standard,920,15.65,80,12,1,853,Low,Clear,0,0,0
S021,C,Standard,941,15.61,50,22,0,453,Medium,Cloudy,0,0,0
S030,A,Standard,498,8.44,10,40,1,642,Low,Cloudy,0,0,1
S097,C,Standard,684,10.93,80,38,1,781,Low,Cloudy,0,0,0
S028,C,Standard,677,11.96,40,66,1,554,Low,Cloudy,0,0,0
S064,D,Standard,718,11.9,80,42,1,132,Medium,Rain,0,0,0
S097,D,Compact,319,5.17,30,62,0,368,Medium,Clear,0,0,0
S069,C,Large,66,1.02,60,19,1,1140,Medium,Clear,1,0,1
S061,C,Standard,318,5.02,60,72,1,463,Medium,Cloudy,0,0,1
S048,B,Large,910,14.82,100,82,1,502,Low,Cloudy,0,0,0
S019,D,Standard,531,8.86,10,74,0,795,Low,Cloudy,0,0,0
S004,D,Standard,268,4.5,60,11,1,247,Low,Clear,0,0,1
S035,B,Compact,368,6.2,60,11,0,308,Low,Cloudy,0,0,0
S064,A,Compact,287,4.77,100,78,0,347,Low,Clear,0,0,0
S049,D,EV,594,9.88,30,83,0,349,Low,Rain,1,0,0
S017,D,Compact,334,5.21,20,46,1,178,High,Clear,0,0,1
S044,A,EV,86,1.29,50,11,0,547,Medium,Rain,1,0,0
S092,D,EV,152,2.58,40,70,1,487,Medium,Cloudy,1,0,1
S030,D,Compact,772,12.71,20,49,0,256,Medium,Cloudy,0,1,0
S093,A,Standard,479,8.07,40,72,0,343,High,Clear,0,0,0
S046,A,Compact,841,13.98,20,34,0,78,Medium,Clear,0,0,0
S006,C,EV,703,11.67,60,47,0,228,Low,Rain,1,0,0
S099,B,Large,288,4.86,40,46,1,90,High,Clear,0,1,0
S037,B,Standard,790,13.31,50,91,1,393,Medium,Clear,0,0,0
S024,A,Large,694,11.78,10,36,1,865,Medium,Clear,0,1,0
S093,A,Standard,174,3.49,30,93,1,786,Medium,Clear,0,0,1
S046,D,Standard,614,10.49,20,59,1,675,Medium,Clear,0,0,0
S053,C,Standard,649,10.37,30,43,1,327,Medium,Clear,0,0,0
S095,C,Compact,659,10.66,100,53,0,578,Medium,Cloudy,0,0,0
S099,A,Large,931,15.43,30,81,1,135,Low,Cloudy,1,0,0
S060,D,Standard,656,10.7,40,13,1,366,Medium,Rain,0,0,1
S097,D,Standard,975,16.37,10,61,0,742,High,Clear,0,1,0
S063,B,Standard,237,4.1,40,64,0,912,Medium,Clear,0,0,0
S085,B,Compact,937,15.47,100,82,0,364,Low,Clear,0,1,0
S032,D,Standard,305,5.44,30,21,1,274,Medium,Cloudy,0,0,1
S087,B,Standard,634,11.0,60,23,1,1127,Low,Clear,0,0,0
S033,A,Standard,973,15.67,80,44,1,117,High,Cloudy,0,0,0
S067,D,Standard,923,14.95,50,15,1,1070,Medium,Clear,0,0,0
S018,B,Standard,843,14.38,10,56,1,1150,Low,Clear,0,0,0
S025,C,Compact,579,9.91,10,32,1,905,Medium,Clear,0,0,0
S095,D,Standard,725,12.23,60,77,0,1145,Medium,Rain,0,0,0
S054,D,Compact,441,7.35,30,74,1,932,Low,Clear,1,1,0
S058,C,Standard,707,11.75,100,68,1,1178,Low,Rain,0,0,0
S067,A,Standard,517,8.78,40,18,1,1020,Medium,Rain,0,1,0
S046,C,Standard,875,14.64,60,67,1,1168,High,Clear,0,0,0
S024,D,Compact,302,5.43,50,57,1,249,Low,Rain,0,0,1
S032,A,EV,721,11.81,20,72,0,381,Medium,Clear,1,0,0
S047,B,EV,910,15.17,40,18,1,596,Medium,Clear,1,0,0
S086,B,Compact,610,10.43,10,53,1,115,Low,Clear,1,0,1
S023,B,Standard,225,3.8,60,55,1,780,Low,Clear,0,0,1
S066,D,Large,515,8.79,100,24,0,617,Low,Clear,0,0,0
S027,C,Compact,888,15.0,40,97,0,706,High,Clear,0,0,0
S002,A,Standard,626,10.31,20,62,1,453,High,Clear,0,0,0
S090,B,Large,338,5.33,100,57,0,667,Low,Cloudy,0,0,0
S017,A,Standard,99,1.43,80,81,0,645,Medium,Clear,1,0,0
S033,D,Standard,53,1.0,80,51,1,697,High,Clear,0,0,1
S009,B,Standard,680,10.78,50,26,1,195,Medium,Cloudy,0,0,1
S043,D,Standard,901,15.34,80,44,0,810,Low,Cloudy,0,0,0
S048,C,Standard,934,15.0,80,40,1,174,Low,Cloudy,1,0,0
S039,D,Standard,549,9.71,60,13,1,529,Medium,Rain,1,0,1
S093,D,Standard,725,11.92,50,57,0,1051,Medium,Cloudy,0,0,0
S042,C,Standard,272,4.45,20,23,1,761,Medium,Cloudy,0,0,1
S026,A,Compact,919,14.86,20,34,1,764,Medium,Clear,0,0,0
S099,C,Compact,717,12.07,80,55,1,864,Low,Clear,1,0,0
S050,C,Standard,948,15.72,30,57,1,1103,Low,Clear,0,0,0
S025,D,Standard,311,5.2,100,49,1,105,High,Clear,0,0,1
S024,A,Standard,734,12.0,100,59,1,181,High,Cloudy,0,0,0
S013,B,EV,584,9.88,10,16,0,280,Medium,Cloudy,1,0,0
S060,C,Standard,952,15.62,30,69,1,444,Low,Cloudy,0,1,0
S007,A,Standard,425,7.11,40,44,1,1031,Medium,Clear,0,0,0
S057,C,Standard,110,1.97,20,72,1,1012,Medium,Clear,0,0,1
S036,C,Compact,405,7.19,30,29,1,982,Medium,Cloudy,1,0,1
S045,C,Standard,882,14.94,10,25,0,957,High,Clear,0,0,0
S020,C,Standard,695,11.61,10,31,1,582,Low,Clear,1,0,1
S065,D,Standard,73,1.21,20,45,1,1014,Medium,Rain,0,0,1
S008,A,Standard,342,5.79,100,28,1,497,Low,Rain,0,0,1
S016,A,Large,606,10.33,60,11,0,175,Medium,Cloudy,0,0,0
S014,A,Large,740,12.11,100,77,1,604,Medium,Clear,1,0,0
S076,C,Compact,405,7.02,30,16,1,743,Medium,Clear,0,0,1
S087,D,Compact,919,15.04,50,56,1,538,Low,Clear,0,0,0
S015,C,Standard,990,16.64,100,58,1,661,Medium,Cloudy,0,0,0
S092,C,Compact,624,10.56,20,87,1,940,High,Clear,0,0,0
S098,A,Compact,78,1.1,80,52,1,495,Medium,Clear,0,0,1
S066,C,Standard,406,6.3,40,41,1,557,Low,Cloudy,0,0,1
S032,B,Large,414,6.82,30,26,1,506,High,Rain,0,0,1
S087,C,Standard,657,10.16,30,23,1,1035,Low,Cloudy,0,0,0
S063,B,Standard,458,7.58,20,90,1,434,Low,Rain,0,0,1
S086,C,Compact,315,4.88,60,41,1,761,Medium,Rain,0,0,1
S051,D,Compact,340,6.6,30,69,1,978,Low,Clear,0,0,1
S025,D,Compact,616,10.58,30,69,0,1188,Medium,Cloudy,0,0,0
S058,A,Standard,202,3.39,40,61,1,501,Medium,Clear,0,0,1
S063,C,Large,268,4.87,60,75,1,703,Low,Clear,0,0,1
S062,B,Standard,222,3.91,40,13,1,1192,Medium,Clear,0,0,1
S022,B,Standard,657,10.6,50,72,0,1166,Low,Clear,0,0,0
S058,C,EV,684,11.21,40,42,0,570,Medium,Rain,1,0,0
S058,B,Compact,61,1.33,80,10,0,587,Low,Rain,0,0,0
S086,D,Standard,565,9.13,50,73,0,194,Low,Clear,0,1,0
S049,B,Large,411,6.97,40,46,1,1141,Low,Clear,0,0,0
S052,A,Standard,907,15.32,50,87,0,749,Low,Clear,0,1,0
S042,D,Standard,628,10.39,60,79,0,180,Low,Clear,0,0,0
S070,D,Standard,706,11.81,40,16,0,782,Medium,Clear,0,0,0
S015,D,EV,526,9.02,40,33,1,562,Medium,Cloudy,1,0,1
S054,C,Standard,626,10.67,20,77,1,689,Low,Clear,1,0,0
S060,C,Compact,131,2.32,40,64,0,50,Low,Clear,0,0,0
S097,D,Standard,666,11.1,50,98,1,481,Medium,Cloudy,0,0,0
S008,C,Compact,742,12.54,20,12,1,440,Medium,Cloudy,0,0,1
S053,B,Standard,389,5.88,50,32,0,448,Medium,Rain,0,1,0
S060,C,Compact,490,8.61,100,45,1,857,High,Cloudy,1,0,0
S005,C,Standard,666,11.06,40,66,0,444,High,Clear,0,0,0
S068,D,Compact,275,4.36,40,57,1,1001,Low,Cloudy,0,0,1
S006,A,EV,420,7.18,100,22,0,223,Low,Rain,1,0,0
S096,A,Compact,77,1.45,50,70,1,1118,High,Clear,0,0,0
S094,A,Standard,65,1.0,100,95,0,904,Low,Rain,0,0,0
S047,B,EV,326,5.45,60,98,1,588,Medium,Clear,1,0,0
S099,C,Standard,382,6.38,60,33,1,794,High,Cloudy,0,0,0
S055,A,Compact,532,8.86,80,52,0,770,Medium,Clear,1,0,0
S040,D,Large,859,14.8,60,42,1,99,Low,Cloudy,0,1,0
S052,A,Standard,615,10.24,30,87,1,1134,Medium,Clear,0,0,0
S016,A,Standard,337,5.58,20,33,1,292,Low,Clear,0,0,1
S013,C,Standard,163,2.51,20,31,0,646,High,Cloudy,1,0,0
S030,C,Compact,87,1.2,100,61,0,325,Low,Clear,1,0,0
S019,C,Compact,503,8.5,60,96,1,1104,Medium,Rain,0,0,0
S017,B,Standard,931,15.38,100,15,1,57,Medium,Clear,1,1,0
S063,B,Standard,791,13.13,40,28,1,764,Low,Rain,0,1,0
S019,A,Standard,215,3.64,20,85,0,82,Low,Clear,1,1,0
S092,C,Standard,743,12.4,50,99,0,859,Low,Cloudy,1,0,0
S058,A,Standard,254,4.27,40,38,1,977,Medium,Rain,0,0,1
S055,D,Large,927,15.49,20,73,1,911,High,Clear,0,0,0
S090,D,Standard,294,5.09,10,23,1,86,Low,Rain,0,0,1
S090,C,Large,920,16.13,20,90,0,83,Low,Cloudy,0,0,0
S062,C,Compact,382,6.74,60,39,0,504,Medium,Clear,0,0,0
S023,D,Standard,992,16.42,50,80,0,493,Low,Clear,0,0,0
S009,C,Compact,445,7.78,20,30,0,261,Medium,Rain,0,0,0
S012,B,Standard,870,14.18,100,74,0,751,Low,Rain,0,0,0
S001,B,Standard,556,9.1,80,13,1,657,Medium,Cloudy,1,0,0
S058,C,Standard,978,16.51,30,55,1,1031,Low,Clear,0,1,0
S001,D,Standard,973,16.42,60,17,1,410,Low,Clear,0,0,0
S034,A,Standard,170,3.01,80,27,0,353,Medium,Clear,1,0,0
S096,C,Standard,308,4.96,80,69,0,345,Low,Clear,0,0,0
S048,C,Standard,771,12.67,30,54,1,201,High,Clear,0,0,0
S089,A,Standard,459,7.69,40,81,1,649,Medium,Cloudy,1,0,0
S001,C,Standard,359,5.91,100,40,1,260,Low,Clear,0,0,1
S016,A,Standard,857,14.55,30,37,1,281,High,Cloudy,0,0,0
S061,D,Standard,755,12.5,50,73,1,919,Low,Clear,0,0,0
S064,B,Standard,117,1.86,10,46,1,744,Medium,Cloudy,1,0,1
S063,D,EV,163,2.23,10,76,0,416,Medium,Clear,1,0,0
S069,B,Standard,269,4.75,40,88,1,530,Low,Clear,0,0,1
S022,A,Compact,269,4.58,100,77,0,621,High,Cloudy,0,0,0
S093,B,Standard,522,8.01,40,44,1,979,High,Clear,0,0,0
S067,D,EV,779,13.12,100,45,1,1089,Medium,Clear,1,0,0
S076,B,Standard,798,13.18,30,66,1,515,Medium,Cloudy,0,1,0
S026,A,EV,992,16.77,100,79,0,343,High,Clear,1,0,0
S016,B,Compact,435,7.22,80,13,1,220,Medium,Rain,0,1,0
S051,C,Standard,347,5.54,50,58,1,1105,Low,Cloudy,0,0,0
S086,D,Large,979,16.84,30,48,1,312,Medium,Clear,1,0,0
S057,C,Standard,655,11.39,50,27,1,607,High,Clear,0,0,0
S029,A,Standard,302,4.98,100,69,1,238,High,Cloudy,0,0,0
S078,B,Large,454,7.68,50,95,0,835,High,Cloudy,0,0,0
S092,C,EV,541,8.88,10,19,1,632,Low,Cloudy,1,0,1
S069,C,Standard,406,6.25,80,32,0,1051,Medium,Clear,0,0,0
S047,B,Standard,477,8.35,50,77,0,649,Low,Cloudy,0,0,0
S094,B,Large,264,4.16,20,68,1,895,Medium,Rain,0,0,1
S062,D,Compact,429,7.53,50,92,1,391,Medium,Clear,0,0,0
S069,C,Large,819,13.86,100,99,0,1003,Low,Rain,1,0,0
S076,C,Compact,908,15.22,10,16,0,71,Medium,Clear,0,1,0
S016,A,Standard,801,13.34,60,22,0,1147,Low,Clear,0,0,0
S090,D,EV,876,14.81,30,12,1,215,Low,Clear,1,0,1
S090,A,Standard,263,4.1,50,49,0,283,Medium,Clear,0,0,0
S048,C,Standard,147,2.85,20,20,0,690,Medium,Clear,0,0,0
S085,A,Standard,577,9.66,100,89,0,656,Low,Clear,0,0,0
S039,C,Compact,965,16.53,40,93,1,589,Low,Clear,1,0,0
S100,C,Standard,715,11.88,30,60,1,1108,Low,Clear,0,0,0
S033,A,Large,577,9.66,40,96,0,367,Medium,Clear,0,1,0
S094,A,Standard,759,12.73,20,32,1,392,Low,Clear,0,0,1
S023,B,Standard,669,11.32,10,41,0,1028,Medium,Rain,0,0,0
S010,B,Large,584,10.28,60,50,1,686,High,Rain,0,1,0
S069,B,Standard,603,9.92,80,51,1,128,Medium,Cloudy,0,0,0
S100,C,Standard,598,9.93,10,47,0,942,Medium,Clear,1,0,0
S034,A,Standard,377,6.28,60,76,0,622,Medium,Clear,0,0,0
S052,D,EV,951,15.16,80,81,1,498,Low,Clear,1,0,0
S095,C,Standard,214,3.4,30,87,0,331,Low,Clear,0,0,0
S010,D,Standard,165,2.6,50,81,1,724,Medium,Rain,0,0,1
S019,A,Standard,199,4.11,50,84,1,106,High,Rain,0,0,1
S058,C,Standard,567,9.53,100,51,0,240,High,Clear,0,0,0
S096,D,Standard,81,1.5,40,52,1,693,High,Clear,0,0,1
S001,D,Standard,706,11.33,10,42,1,91,High,Cloudy,1,0,0
S069,B,Standard,855,14.23,100,88,1,728,Low,Cloudy,0,0,0
S004,B,EV,962,16.31,50,46,0,551,Low,Clear,1,1,0
S016,B,Standard,342,6.45,100,87,1,839,Medium,Clear,0,0,0
S024,C,Standard,968,15.93,60,99,1,799,Medium,Clear,0,0,0
S080,A,Standard,738,11.76,80,66,1,791,Medium,Clear,0,0,0
S002,A,Standard,226,3.53,50,73,1,214,High,Cloudy,0,0,1
S092,B,Compact,110,1.6,10,73,0,804,Medium,Clear,0,0,0
S032,B,Standard,638,10.4,10,69,1,139,Medium,Clear,0,0,1
S091,B,Standard,465,8.02,20,61,1,1036,Low,Clear,1,0,0
S084,D,Compact,432,7.3,80,81,0,1131,Low,Clear,0,0,0
S024,B,Standard,647,10.44,40,77,1,697,Medium,Cloudy,1,1,0
S012,D,Standard,752,12.96,100,91,0,799,High,Clear,0,0,0
S050,A,Standard,56,1.5,80,36,0,868,Low,Clear,0,0,0
S035,C,Standard,967,15.61,100,68,1,292,Medium,Cloudy,0,0,0
S033,C,Standard,134,2.59,10,28,0,712,High,Clear,0,0,0
S033,C,Standard,823,13.67,80,12,0,907,Low,Clear,0,0,0
S061,C,Compact,447,7.17,20,82,1,268,Low,Clear,0,0,1
S051,D,Large,961,15.58,80,48,1,58,Medium,Clear,0,0,0
S043,D,Standard,820,13.53,10,75,1,479,Medium,Clear,0,0,0
S012,B,Standard,442,7.21,30,82,1,62,High,Clear,0,0,1
S067,D,Standard,96,1.64,60,65,0,956,Low,Cloudy,0,0,0
S065,B,Standard,390,7.14,60,15,1,1019,Medium,Clear,0,0,0
S033,B,Standard,547,8.96,30,37,1,739,Low,Cloudy,0,1,0
S040,C,EV,655,10.49,30,57,1,1140,Medium,Rain,1,0,0
S074,D,Compact,527,8.68,100,57,1,726,Low,Clear,0,0,0
S043,D,EV,475,8.23,100,76,1,233,Medium,Cloudy,1,1,0
S044,B,Large,475,7.84,10,63,0,1054,Medium,Cloudy,0,0,0
S029,B,Standard,785,13.28,100,25,1,257,Medium,Rain,0,0,0
S013,A,Standard,840,14.05,50,44,1,577,Medium,Cloudy,0,0,0
S012,A,Standard,564,9.42,50,84,0,867,Medium,Clear,0,1,0
S095,B,Standard,178,3.44,30,96,0,1052,High,Clear,0,0,0
S046,A,EV,884,14.44,40,39,1,504,Low,Clear,1,0,0
S002,A,Standard,298,4.65,60,57,0,951,Low,Rain,0,0,0
S035,B,Large,790,12.89,20,78,0,293,Medium,Clear,0,0,0
S087,B,Standard,888,14.9,30,17,1,820,Medium,Cloudy,0,0,0
S081,D,Large,180,3.02,60,60,1,287,Low,Cloudy,1,0,1
S090,B,EV,789,13.36,20,19,1,394,Medium,Clear,1,0,0
S008,B,Compact,738,12.28,80,37,1,359,Low,Clear,0,0,0
S093,C,Compact,372,6.14,20,45,1,87,Low,Rain,0,0,1
S026,D,Standard,872,14.63,30,69,1,81,Low,Cloudy,0,0,0
S074,D,Large,949,16.33,50,19,0,341,High,Clear,0,1,0
S090,D,EV,592,9.52,40,23,1,341,High,Clear,1,0,0
S034,C,Large,115,1.64,60,72,1,807,Low,Clear,0,0,1
S007,B,Compact,767,12.8,30,56,0,627,Low,Clear,0,0,0
S068,D,Compact,150,3.11,20,78,0,654,Low,Clear,0,0,0
S058,D,Large,881,14.36,100,65,1,496,Low,Clear,0,0,0
S075,A,Standard,80,1.33,60,15,0,327,High,Clear,0,1,0
S029,D,Large,934,15.3,10,28,0,1043,Low,Clear,0,0,0
S036,B,Standard,240,4.12,80,61,1,581,Low,Clear,1,0,1
S089,B,Standard,627,9.83,100,71,1,1033,Low,Cloudy,0,0,0
S021,A,Standard,464,7.42,10,58,1,651,Low,Rain,0,0,1
S036,D,Standard,864,14.78,60,87,0,611,Medium,Clear,1,0,0
S010,D,Standard,796,13.27,60,20,0,1083,Medium,Clear,1,0,0
S073,D,Standard,839,13.76,20,55,1,640,Low,Cloudy,0,0,0
S024,C,Standard,763,12.7,100,78,0,108,Low,Cloudy,0,0,0
S064,D,Standard,549,9.13,30,54,1,1161,Medium,Clear,0,0,0
S099,B,Standard,911,15.35,100,67,0,508,Medium,Cloudy,1,0,0
S049,B,Compact,786,12.48,50,41,1,153,Low,Clear,0,0,0
S099,C,EV,644,10.42,30,97,1,880,Low,Cloudy,1,0,0
S036,C,Compact,95,1.3,40,19,0,838,Low,Cloudy,0,0,0
S082,D,EV,138,2.49,60,22,1,153,Medium,Cloudy,1,0,1
S096,A,Compact,747,12.45,10,22,0,791,Low,Rain,0,1,0
S024,C,Standard,424,7.5,20,45,0,350,Low,Clear,0,0,0
S023,C,Compact,750,12.75,100,95,1,703,Low,Clear,0,0,0
S062,D,Compact,295,4.81,50,82,0,604,Medium,Clear,0,1,0
S096,D,Standard,607,10.1,80,28,1,677,Low,Clear,0,0,0
S037,C,Standard,306,5.49,30,16,0,1157,Medium,Cloudy,1,0,0
S012,A,Compact,401,7.11,40,24,0,978,Medium,Cloudy,0,0,0
S055,C,Standard,970,16.14,100,90,0,409,Medium,Cloudy,0,1,0
S013,D,Compact,622,10.07,30,55,1,136,Medium,Clear,0,1,0
S023,D,Standard,154,1.94,80,87,1,477,Medium,Cloudy,0,0,1
S089,C,Compact,386,5.8,40,57,0,416,High,Clear,0,0,0
S099,A,Standard,575,9.72,30,75,0,392,Medium,Clear,1,0,0
S030,C,Standard,350,5.97,50,87,1,396,Medium,Cloudy,0,0,1
S017,C,Standard,126,1.9,100,13,1,145,Medium,Clear,0,0,1
S062,D,Compact,560,9.72,50,12,1,933,Medium,Rain,0,0,0
S084,A,Large,279,4.59,20,12,1,535,Low,Clear,0,0,1
S089,B,Large,728,11.96,50,84,1,653,Low,Clear,0,0,0
S086,A,Standard,627,10.8,40,78,0,461,Low,Cloudy,1,0,0
S013,C,Compact,81,1.66,20,37,0,497,Low,Clear,0,0,0
S059,C,Standard,657,10.93,80,32,0,296,Low,Clear,0,0,0
S019,C,Standard,107,1.94,50,39,1,819,Low,Clear,0,0,1
S049,A,Standard,153,2.74,10,71,1,748,High,Clear,0,0,1
S100,D,Compact,361,6.67,100,96,1,470,Low,Clear,0,0,0
S012,C,Standard,695,11.54,80,60,0,173,Medium,Rain,0,0,0
S061,C,Standard,778,12.61,40,50,1,990,High,Rain,0,0,0
S019,A,Compact,116,2.12,80,95,1,926,Medium,Clear,0,0,0
S076,B,Compact,739,12.34,100,73,1,1184,Medium,Clear,0,0,0
S009,B,Standard,423,7.08,80,52,0,62,Medium,Cloudy,1,0,0
S071,D,Standard,808,13.46,20,85,1,849,Low,Cloudy,0,1,0
S028,D,Standard,855,13.77,40,100,0,1096,Low,Rain,0,0,0
S078,C,Standard,284,4.81,20,67,1,994,High,Cloudy,0,0,0
S095,A,Compact,692,11.43,100,68,1,249,Low,Rain,1,0,0
S052,C,Standard,161,2.59,100,49,0,352,High,Rain,0,0,0
S083,D,Compact,438,7.18,40,55,1,787,Low,Rain,1,0,1
S016,A,Large,457,7.6,10,71,0,225,Medium,Clear,0,0,0
S069,A,Standard,103,1.79,100,58,1,1102,Medium,Clear,0,0,0
S099,D,EV,851,14.17,80,88,0,726,High,Cloudy,1,0,0
S012,B,Standard,288,5.15,50,32,1,584,Low,Clear,0,0,1
S025,B,Standard,801,13.58,30,53,1,526,High,Clear,0,0,0
S052,A,Standard,344,5.71,80,53,0,432,Medium,Rain,0,0,0
S085,C,Standard,161,2.37,30,28,1,605,Medium,Clear,0,0,1
S100,B,Standard,137,2.46,30,53,1,383,Medium,Clear,0,0,1
S053,C,Standard,789,13.06,80,20,0,1179,Low,Clear,0,0,0
S023,B,Large,525,8.7,20,69,1,947,Medium,Clear,0,0,0
S016,B,EV,353,5.49,50,47,1,980,Low,Cloudy,1,1,0
S057,C,Compact,354,6.02,80,12,1,734,Low,Rain,0,0,1
S039,D,Standard,339,6.43,60,25,1,610,Medium,Cloudy,0,0,1
S053,B,Compact,257,4.13,20,18,1,172,High,Clear,0,0,1
S042,B,Compact,917,15.47,80,50,1,1108,Medium,Clear,1,1,0
S058,C,Large,952,16.24,100,47,1,667,Medium,Clear,0,0,0
S039,D,Large,835,13.76,80,78,1,1037,Medium,Clear,0,1,0
S014,B,Large,631,9.79,20,74,0,889,High,Cloudy,0,0,0
S095,B,Standard,419,7.19,80,44,1,465,High,Clear,0,1,0
S005,D,Compact,269,4.51,20,44,1,757,Medium,Clear,0,0,1
S035,B,Standard,280,4.76,80,85,1,686,Low,Clear,0,0,0
S087,D,EV,851,14.2,60,94,1,396,Low,Clear,1,0,0
S093,D,Standard,868,14.81,80,57,0,86,Low,Cloudy,1,0,0
S075,C,Standard,922,15.34,100,17,1,561,High,Clear,0,1,0
S018,A,Standard,398,7.28,100,36,1,898,High,Clear,1,0,0
S076,D,Large,304,5.28,20,18,1,584,Medium,Clear,0,0,1
S009,C,Standard,501,8.65,100,39,0,959,High,Clear,0,0,0
S074,A,Standard,191,3.19,100,23,0,822,Low,Clear,0,0,0
S058,B,EV,118,2.06,50,32,1,713,Medium,Cloudy,1,0,1
S017,A,EV,138,1.79,80,38,1,1091,Medium,Cloudy,1,0,1
S007,D,Standard,920,15.16,30,35,0,76,Medium,Clear,0,0,0
S046,D,Standard,185,3.41,100,95,0,585,Medium,Clear,1,0,0
S013,D,Large,704,11.71,40,24,1,1102,Low,Rain,0,0,0
S040,D,EV,900,14.66,20,82,0,1057,Medium,Cloudy,1,1,0
S042,D,Standard,748,12.26,80,99,0,707,Medium,Clear,0,0,0
S009,C,Compact,572,9.33,50,90,1,689,High,Clear,0,0,0
S050,D,Standard,709,11.8,10,82,1,1190,Medium,Clear,0,0,0
S027,C,Large,1000,16.42,40,76,0,91,Low,Cloudy,0,0,0
S066,B,Compact,853,14.64,20,25,1,1198,Medium,Rain,1,0,0
S005,D,Standard,899,15.05,20,22,0,262,Low,Cloudy,0,0,0
S029,D,Standard,959,15.56,80,99,0,885,Low,Clear,0,0,0
S037,A,EV,491,8.64,40,90,0,751,Medium,Cloudy,1,0,0
S038,B,Compact,87,1.44,40,33,1,129,Low,Rain,0,0,1
S083,D,Standard,906,15.25,20,71,0,1004,Medium,Clear,0,0,0
S008,D,Compact,257,4.38,50,66,1,951,Low,Rain,1,0,1
S065,B,Compact,259,4.44,10,45,0,1168,Low,Cloudy,0,0,0
S086,C,Standard,562,9.26,80,69,0,473,Medium,Clear,0,0,0
S017,D,Compact,409,6.92,100,95,0,968,Low,Clear,0,0,0
S071,A,Compact,626,10.39,100,82,1,565,Low,Clear,0,0,0
S089,D,EV,50,1.0,50,31,1,214,Low,Cloudy,1,0,1
S045,A,Standard,804,13.34,100,93,1,1046,Low,Cloudy,1,0,0
S004,A,Standard,430,7.08,100,12,1,1042,Low,Clear,0,0,0
S036,D,Standard,877,14.18,60,45,0,942,Low,Clear,0,1,0
S070,D,Compact,586,9.77,30,91,1,1065,Medium,Rain,0,0,0
S031,A,Compact,908,15.2,30,45,0,1115,Low,Clear,0,0,0
S019,B,Large,443,7.94,30,19,1,790,Low,Clear,0,0,1
S061,B,Compact,99,1.79,20,30,0,804,Medium,Clear,0,0,0
S054,D,Standard,445,7.2,80,98,0,465,Low,Clear,0,1,0
S039,C,EV,909,14.85,80,58,1,1128,Medium,Rain,1,0,0
S091,B,Standard,802,13.45,10,18,1,385,Low,Clear,1,0,1
S074,D,Large,81,1.13,10,100,1,930,High,Clear,0,0,1
S090,B,Standard,594,9.73,80,88,1,1021,Low,Cloudy,0,0,0
S019,C,Compact,761,12.46,60,61,1,734,Medium,Cloudy,0,0,0
S039,D,Compact,283,4.62,20,57,0,790,Low,Clear,0,0,0
S067,C,Compact,75,1.47,20,69,1,79,Medium,Clear,0,0,1
S045,D,Standard,603,9.45,100,59,1,624,Medium,Clear,0,0,0
S013,C,Standard,483,8.44,100,48,1,270,Low,Rain,1,1,0
S092,B,Compact,110,1.77,20,25,0,876,Low,Cloudy,0,0,0
S058,B,Large,602,9.84,10,37,1,643,High,Rain,0,0,0
S020,C,Standard,490,8.43,100,15,0,803,High,Clear,1,0,0
S092,C,EV,179,2.92,20,70,1,1112,Medium,Clear,1,0,1
S072,C,Standard,916,14.95,40,15,1,1070,High,Cloudy,0,0,0
S061,D,Standard,403,6.26,100,75,1,541,Low,Clear,0,0,0
S039,B,Large,247,4.33,40,49,1,487,Medium,Cloudy,0,0,1
S001,D,Compact,848,14.36,40,80,1,528,Low,Clear,0,0,0
S003,B,EV,712,11.74,20,100,0,832,Medium,Clear,1,0,0
S077,A,Compact,765,13.15,40,71,1,998,Medium,Cloudy,0,0,0
S092,D,Standard,743,12.39,80,37,1,1057,Low,Clear,0,1,0
S062,B,Standard,420,7.4,60,89,1,121,Medium,Cloudy,0,0,1
S063,B,Standard,973,15.93,20,56,1,631,Medium,Rain,0,0,0
S025,D,Standard,768,12.48,60,18,1,269,Medium,Cloudy,1,0,0
S056,D,Compact,196,3.11,40,61,0,1077,High,Clear,0,0,0
S033,B,Standard,765,12.63,20,24,1,1052,High,Cloudy,0,0,0
S038,D,Standard,547,9.46,50,43,0,339,Low,Clear,0,0,0
S006,C,Standard,97,1.7,30,29,1,429,Medium,Clear,0,0,1
S058,D,Standard,819,13.42,50,87,1,853,Medium,Clear,0,0,0
S044,D,Standard,700,11.67,30,69,0,792,Low,Cloudy,0,0,0
S045,D,Large,221,3.55,30,67,1,129,High,Cloudy,0,0,1
S032,B,Large,662,10.79,40,84,1,115,Low,Rain,0,0,1
S045,C,Compact,748,12.44,30,76,1,185,Low,Rain,0,0,0
S061,A,Large,945,15.69,30,11,0,448,Low,Rain,0,0,0
S047,A,Standard,364,5.84,50,59,0,396,Low,Clear,0,0,0
S021,C,Large,425,6.85,30,23,1,108,Low,Clear,0,0,1
S080,C,Standard,855,14.49,20,65,0,827,Medium,Clear,0,1,0
S085,C,Standard,970,16.29,60,78,1,568,Medium,Cloudy,1,0,0
S075,B,Compact,924,15.68,80,53,1,763,Medium,Clear,0,0,0
S036,A,Standard,582,9.61,60,55,0,1026,Low,Cloudy,0,0,0
S099,C,Compact,859,13.99,100,15,1,128,Medium,Rain,0,0,0
S019,B,Standard,469,7.64,20,17,1,164,Low,Clear,0,0,1
S020,A,Large,954,16.21,100,48,1,1035,Low,Clear,0,0,0
S057,D,Standard,445,6.94,80,53,1,175,Low,Clear,0,1,0
S018,B,Standard,571,9.95,100,36,1,622,Low,Rain,0,0,0
S047,A,Compact,236,3.6,40,25,0,1014,Low,Clear,0,0,0
S049,B,Standard,694,11.8,80,100,1,549,Medium,Rain,1,0,0
S014,A,Standard,82,1.06,80,48,0,878,Low,Rain,0,0,0
S015,A,Standard,118,1.79,100,10,1,1175,Low,Clear,0,0,1
S031,D,Compact,641,10.07,50,60,1,675,Medium,Rain,0,0,0
S001,B,Compact,240,4.56,80,72,1,501,High,Clear,0,0,0
S054,C,Standard,150,2.67,80,42,1,1165,High,Clear,0,1,0
S003,D,EV,534,9.09,10,59,0,434,High,Clear,1,0,0
S016,D,Large,334,5.42,60,63,1,412,High,Rain,0,0,0
S087,A,Compact,963,15.77,50,36,0,547,Medium,Clear,0,0,0
S057,C,Compact,782,13.27,60,90,0,586,High,Clear,0,0,0
S075,B,Standard,439,6.96,10,88,0,65,Medium,Cloudy,0,0,0
S012,C,Compact,614,10.18,100,95,1,1030,Low,Clear,1,0,0
S074,C,Standard,209,3.11,30,28,1,669,Low,Clear,0,0,1
S096,C,Standard,941,15.72,10,37,1,349,Medium,Rain,0,0,0
S016,C,EV,603,9.47,30,32,1,388,High,Clear,1,1,0
S072,C,Compact,96,1.16,60,73,1,352,Low,Clear,1,0,1
S076,A,Standard,208,3.21,100,48,1,641,Low,Clear,0,0,1
S024,A,Standard,495,8.43,80,58,1,125,Medium,Cloudy,0,0,0
S028,D,Compact,745,12.26,50,68,1,963,Medium,Clear,0,0,0
S008,A,Standard,807,13.75,50,29,0,829,High,Clear,0,0,0
S092,D,Standard,572,9.98,40,70,0,970,High,Rain,0,1,0
S036,D,Standard,715,11.82,60,18,1,1148,Low,Clear,0,0,0
S090,B,Standard,781,12.57,40,32,1,415,Low,Cloudy,0,1,0
S008,C,Compact,204,3.69,100,16,1,702,Low,Rain,0,0,1
S058,A,Standard,388,6.0,80,40,1,1055,High,Clear,0,0,0
S060,B,Compact,414,6.63,60,69,0,445,Low,Clear,0,0,0
S050,A,Standard,844,13.56,100,70,1,853,Low,Clear,0,0,0
S028,D,Compact,748,12.76,80,84,1,1101,Low,Cloudy,0,0,0
S092,A,EV,623,10.55,30,90,0,894,Low,Clear,1,0,0
S041,C,Compact,197,3.77,60,35,1,921,Low,Cloudy,0,0,1
S100,D,Large,948,15.67,60,91,0,1164,High,Clear,0,0,0
S064,D,EV,193,2.97,30,63,1,164,Medium,Clear,1,0,1
S027,B,Standard,152,2.38,20,40,0,422,High,Clear,0,1,0
S063,C,Compact,861,13.95,80,50,1,899,Low,Clear,0,0,0
S017,D,Large,142,2.8,20,37,1,139,Medium,Clear,0,0,1
S073,C,Standard,335,6.6,60,99,0,806,Medium,Clear,0,0,0
S033,A,Standard,473,7.67,20,15,1,80,Medium,Cloudy,1,0,1
S084,C,EV,168,2.98,50,43,1,407,Low,Clear,1,0,1
S077,D,Compact,78,1.25,60,18,1,519,Medium,Rain,1,0,1
S092,B,Standard,560,9.47,10,21,1,319,Medium,Clear,1,0,1
S029,D,Standard,79,1.63,30,25,0,258,Low,Clear,0,0,0
S013,C,Large,921,15.01,40,80,1,739,Low,Rain,0,0,0
S046,C,Standard,415,6.77,100,40,1,506,Low,Clear,0,0,1
S035,D,Compact,849,14.51,100,42,0,498,Low,Cloudy,0,0,0
S006,C,Large,187,3.27,30,16,1,117,Low,Clear,1,0,1
S082,A,Compact,524,8.83,60,12,1,923,Low,Clear,0,0,1
S069,D,Standard,612,10.35,10,29,1,516,Low,Cloudy,0,1,0
S047,B,Compact,441,7.53,30,14,1,177,Medium,Clear,0,0,1
S025,D,Compact,484,8.41,40,76,0,782,High,Cloudy,1,0,0
S066,A,Compact,853,14.44,100,47,1,1092,Low,Cloudy,0,0,0
S010,A,Standard,283,4.7,40,88,0,417,Low,Clear,0,0,0
S056,A,Standard,104,1.84,100,65,0,107,Medium,Cloudy,0,0,0
S030,A,EV,980,16.31,10,32,1,606,Medium,Clear,1,0,0
S005,A,Standard,341,5.46,40,11,1,1175,Medium,Clear,1,0,1
S033,B,Standard,801,13.33,50,30,1,97,Medium,Rain,0,0,0
S065,C,Standard,361,5.98,40,87,0,611,Medium,Clear,0,0,0
S018,A,Large,597,9.44,80,23,1,642,High,Cloudy,0,0,0
S096,A,Standard,138,2.53,10,71,1,861,High,Cloudy,0,0,1
S049,D,Standard,261,4.63,10,20,1,108,Medium,Cloudy,1,1,0
S011,B,Standard,367,6.28,30,13,1,210,High,Cloudy,0,1,0
S085,B,Compact,926,15.7,40,56,1,152,Medium,Clear,0,0,0
S026,C,Standard,806,13.38,40,29,1,895,Medium,Cloudy,0,0,0
S063,B,Standard,514,8.41,60,61,0,461,Medium,Rain,0,0,0
S089,D,Standard,136,2.55,60,25,0,835,High,Clear,0,1,0
S086,D,Large,458,7.32,10,54,1,232,High,Clear,0,0,1
S059,C,Standard,289,4.49,60,17,1,466,Low,Clear,0,0,1
S027,D,Standard,881,14.82,30,71,0,1189,Medium,Clear,0,0,0
S049,A,Standard,749,12.61,80,93,1,448,High,Cloudy,0,1,0
S077,A,EV,106,2.05,30,30,1,1006,Low,Cloudy,1,1,0
S033,D,Compact,162,2.19,50,73,1,828,Low,Clear,0,0,1
S098,C,EV,784,13.04,80,39,0,704,Low,Cloudy,1,0,0
S099,B,Large,119,1.64,50,45,1,486,Medium,Clear,0,0,1
S001,C,Standard,788,13.39,10,14,1,367,Medium,Clear,0,0,1
S021,B,Compact,817,14.02,30,94,1,655,Low,Cloudy,0,0,0
S055,D,Standard,741,12.5,30,47,0,960,Medium,Clear,0,0,0
S006,D,Compact,233,3.72,50,96,1,546,High,Clear,0,0,0
S092,A,Standard,752,12.31,80,28,1,476,Low,Clear,0,0,0
S081,B,Standard,793,13.09,60,83,1,867,Low,Cloudy,1,0,0
S069,C,EV,325,5.16,50,36,1,1072,High,Clear,1,0,0
S095,D,Standard,282,4.65,100,22,0,289,High,Rain,0,0,0
S005,C,Large,103,1.49,10,18,1,1132,Low,Rain,0,0,1
S003,A,Standard,306,4.69,80,26,1,846,Medium,Clear,0,0,0
S053,B,Standard,139,2.43,30,53,1,252,Medium,Clear,1,0,1
S023,B,Large,787,13.25,10,54,0,336,Low,Rain,0,0,0
S053,D,Compact,808,13.98,50,97,1,122,High,Rain,0,0,0
S037,B,Compact,955,15.79,100,51,1,775,Medium,Cloudy,0,0,0
S074,D,Standard,712,11.3,40,60,1,386,Medium,Clear,0,0,0
S074,A,Standard,484,8.31,50,92,1,252,Low,Clear,0,0,1
S083,B,Compact,674,11.51,30,67,1,280,High,Clear,0,1,0
S017,D,Compact,457,7.96,10,67,1,953,Low,Clear,0,0,1
S085,C,Standard,318,5.74,60,39,1,1130,Low,Clear,1,0,1
S078,D,EV,718,12.41,60,14,1,693,Low,Rain,1,0,0
S073,B,Compact,415,6.62,30,17,1,964,Low,Cloudy,0,0,1
S001,A,EV,908,15.6,50,46,1,329,High,Clear,1,0,0
S051,B,Compact,400,6.57,50,56,0,858,Low,Clear,0,0,0
S045,B,Compact,348,6.04,20,98,0,515,Medium,Clear,0,1,0
S077,D,Standard,955,15.99,50,54,1,786,High,Cloudy,0,1,0
S004,C,Standard,208,3.17,30,14,1,853,Medium,Clear,0,1,0
S062,B,Large,536,9.28,80,72,0,315,Low,Clear,0,0,0
S065,C,Standard,891,14.71,100,95,0,296,Medium,Clear,0,0,0
S032,D,Standard,786,13.66,80,56,0,127,Medium,Cloudy,0,0,0
S034,C,Standard,575,9.35,10,34,1,903,Low,Clear,0,0,1
S092,D,Standard,404,6.43,10,59,1,302,Low,Clear,1,0,1
S095,A,EV,670,10.97,20,54,0,524,Medium,Cloudy,1,0,0
S072,C,Large,979,16.77,60,39,1,225,Medium,Cloudy,0,0,0
S039,C,Standard,450,7.03,30,57,1,1020,Medium,Clear,0,0,0
S026,A,Standard,454,7.84,100,60,1,303,Low,Rain,1,0,1
S034,C,Compact,145,2.97,50,64,1,952,Medium,Clear,1,0,1
S054,A,Compact,756,12.55,40,64,0,156,Low,Clear,0,0,0
S003,B,EV,619,10.2,10,55,1,107,Low,Rain,1,0,1
S050,D,Compact,441,7.37,30,40,0,991,High,Rain,0,0,0
S012,A,Standard,401,6.35,80,43,0,133,Low,Clear,0,0,0
S065,C,Standard,855,15.04,20,83,1,1190,Low,Rain,0,0,0
S054,A,EV,715,12.12,40,77,0,761,High,Clear,1,0,0
S005,C,Compact,625,10.05,60,42,1,950,Low,Cloudy,0,0,0
S094,B,Compact,719,11.74,30,65,0,1175,Medium,Clear,0,0,0
S094,A,Standard,826,13.82,100,67,0,706,Medium,Clear,0,0,0
S057,B,Compact,682,10.98,50,66,1,505,Low,Clear,0,0,0
S017,D,Large,337,5.17,60,26,1,708,High,Rain,1,0,0
S047,C,Standard,572,9.62,80,20,1,822,Medium,Cloudy,0,0,0
S023,C,Standard,775,13.22,10,80,1,840,Medium,Rain,0,0,0
S079,B,Standard,211,3.79,80,90,1,900,Low,Clear,0,0,0
S085,D,Standard,666,11.08,50,26,1,575,High,Clear,0,0,0
S014,A,Standard,963,15.97,20,19,1,315,Medium,Clear,1,0,0
S066,A,Standard,708,11.82,10,35,0,190,Medium,Clear,0,0,0
S075,C,Compact,231,4.15,40,15,0,944,High,Clear,0,0,0
S051,B,Standard,899,14.61,10,90,1,455,Medium,Cloudy,0,0,0
S038,B,Standard,598,9.73,80,25,0,342,Medium,Cloudy,0,0,0
S064,A,Large,131,2.07,50,99,0,1104,High,Clear,0,0,0
S098,D,Compact,573,9.48,60,13,0,404,Low,Cloudy,0,0,0
S038,D,Compact,53,1.0,30,71,0,254,Medium,Cloudy,0,0,0
S050,A,Standard,544,9.06,80,93,0,1043,Low,Clear,0,0,0
S098,A,Compact,604,10.27,30,73,0,340,Medium,Cloudy,1,0,0
S082,B,Standard,972,15.67,30,65,0,160,Medium,Clear,0,0,0
S030,D,Large,100,1.19,100,84,0,1141,Low,Rain,0,0,0
S079,A,Standard,310,4.97,80,32,1,422,Low,Clear,0,0,1
S091,A,Compact,183,3.31,80,42,0,245,Medium,Clear,0,0,0
S051,C,Standard,648,10.6,80,40,1,175,Medium,Clear,1,0,0
S063,A,Compact,411,6.84,20,16,1,311,Medium,Cloudy,0,0,1
S098,A,Standard,617,10.32,20,95,1,936,High,Clear,0,0,0
S052,D,Standard,266,4.53,30,14,1,973,Low,Clear,0,0,1
S038,B,Standard,927,15.92,40,46,1,204,High,Cloudy,0,0,0
S097,D,Compact,117,2.16,50,10,0,157,Low,Clear,0,0,0
S088,B,EV,913,15.52,40,79,1,84,Low,Clear,1,0,0
S079,C,Large,605,10.05,80,54,0,1117,Low,Clear,1,0,0
S030,A,Standard,192,3.64,80,56,1,704,High,Clear,0,0,0
S051,C,Standard,395,6.6,100,77,1,772,Medium,Rain,1,0,0
S081,B,EV,603,9.46,30,39,0,1047,Low,Cloudy,1,0,0
S005,D,Standard,700,12.4,50,90,1,465,Medium,Cloudy,1,0,0
S029,D,Compact,634,10.58,20,69,1,1049,Medium,Clear,1,0,0
S004,C,EV,828,13.96,10,33,0,334,High,Clear,1,0,0
S010,B,Large,243,3.73,10,40,1,567,Medium,Clear,0,0,1
S056,C,Standard,716,12.59,50,37,1,76,Medium,Clear,0,1,0
S017,C,Standard,295,4.68,40,54,1,276,High,Cloudy,0,0,1
S074,A,Standard,363,5.93,100,13,0,897,High,Cloudy,0,0,0
S017,C,Compact,779,12.52,50,70,0,1178,Low,Clear,1,0,0
S084,A,Standard,433,7.33,40,48,1,67,Medium,Rain,0,0,1
S088,A,Standard,814,13.48,80,92,1,92,Low,Clear,1,1,0
S069,D,Standard,838,13.5,60,33,1,138,Medium,Rain,0,0,0
S034,A,Standard,326,5.41,40,80,1,635,Medium,Clear,0,0,1
S006,A,Compact,121,2.05,100,55,0,206,Low,Rain,0,0,0
S053,D,Compact,178,2.89,10,62,1,183,High,Cloudy,0,0,1
S066,C,Standard,407,6.24,20,57,1,513,Low,Clear,0,0,1
S077,B,Standard,747,12.54,30,18,1,790,Medium,Cloudy,0,0,0
S043,B,EV,574,9.19,80,31,0,1107,High,Rain,1,0,0
S075,B,Standard,890,15.1,20,11,0,132,Low,Clear,0,1,0
S023,C,Large,269,4.32,30,100,1,978,Low,Clear,0,0,1
S055,A,EV,55,1.19,60,25,0,915,Low,Rain,1,0,0
S080,B,Standard,800,13.34,10,14,1,253,Medium,Clear,0,1,0
S095,C,Compact,673,11.24,80,21,0,1011,High,Clear,0,0,0
S075,A,EV,277,5.0,30,61,0,546,Low,Clear,1,0,0
S016,D,Standard,66,1.0,60,35,0,491,Low,Clear,0,0,0
S008,B,Standard,634,10.24,80,24,1,877,Medium,Cloudy,0,0,0
S004,A,Standard,61,1.18,40,76,1,1198,Medium,Clear,1,0,1
S004,B,Standard,647,10.39,50,82,1,920,Medium,Rain,0,0,0
S056,B,Large,548,8.89,80,68,1,918,Medium,Cloudy,0,0,0
S025,B,Large,741,11.88,80,48,0,129,Low,Rain,0,0,0
S067,A,Large,683,11.73,30,72,0,861,Medium,Clear,0,0,0
S096,C,Standard,765,12.45,20,34,1,964,Low,Clear,0,0,0
S067,A,Standard,551,8.99,10,50,1,619,Low,Clear,0,0,1
S027,B,Compact,119,1.6,10,37,1,1164,Low,Clear,0,0,1
S093,A,Standard,157,2.5,80,30,1,911,Medium,Cloudy,0,0,1
S032,D,Compact,250,4.12,80,98,1,218,Low,Cloudy,0,0,1
S050,C,Standard,101,1.93,60,70,0,1061,Medium,Clear,0,0,0
S061,A,Compact,598,9.57,50,66,1,285,Medium,Clear,0,0,0
S051,D,Compact,678,11.12,40,20,0,448,High,Clear,0,0,0
S019,C,Standard,308,5.56,80,28,1,637,Medium,Clear,0,0,1
S021,D,Standard,531,9.16,40,84,1,870,Low,Cloudy,0,0,0
S005,C,Standard,313,5.01,100,98,0,1062,High,Clear,0,0,0
S082,A,Standard,955,15.9,10,10,1,526,Low,Rain,0,0,0
S092,D,Compact,352,6.46,40,41,0,894,Low,Cloudy,1,0,0
S042,B,Large,986,16.08,80,94,1,634,High,Rain,0,0,0
S061,D,Large,625,9.84,80,86,1,1161,Medium,Clear,0,1,0
S022,C,EV,603,9.89,60,43,1,664,Medium,Rain,1,0,0
S021,A,Standard,604,10.04,50,26,1,655,Low,Cloudy,0,0,1
S070,C,Standard,174,2.66,10,64,0,1010,Low,Clear,0,0,0
S001,D,Standard,954,16.19,40,28,1,827,Low,Clear,0,0,0
S005,D,Compact,319,5.38,30,83,1,407,Medium,Rain,0,0,1
S012,B,Standard,908,14.95,30,51,1,1131,Low,Clear,0,0,0
S090,A,Large,794,13.07,60,68,0,570,Low,Clear,0,0,0
S046,A,Standard,529,8.59,40,82,0,574,Low,Clear,1,0,0
S034,D,EV,181,3.27,30,84,0,442,Medium,Clear,1,1,0
S049,A,EV,51,1.0,50,47,1,202,High,Clear,1,0,1
S078,B,Standard,164,2.38,20,40,0,942,Medium,Cloudy,0,0,0
S090,C,Standard,530,9.12,50,75,1,1033,Medium,Clear,0,0,0
S045,A,Compact,50,1.0,60,97,1,529,Low,Cloudy,0,0,1
S027,D,Standard,380,5.93,50,78,1,632,Low,Clear,0,0,1
S073,C,Standard,626,10.95,40,59,1,906,Low,Clear,0,0,0
S026,C,Compact,991,16.7,80,39,0,69,Medium,Clear,0,0,0
S047,B,Standard,686,11.45,50,44,1,642,Medium,Cloudy,0,0,0
S086,D,Compact,817,13.55,40,68,1,277,High,Clear,0,0,0
S056,A,Compact,440,7.25,10,26,1,68,High,Cloudy,0,1,0
S094,D,Standard,883,14.63,40,75,1,493,Low,Clear,0,1,0
S063,C,Standard,192,3.12,60,89,0,417,High,Cloudy,0,0,0
S048,D,Standard,377,6.11,40,30,1,948,Medium,Cloudy,0,0,1
S061,A,Compact,807,13.42,10,61,1,938,Low,Clear,0,0,0
S081,A,Standard,677,11.1,80,74,1,775,Medium,Cloudy,0,0,0
S026,B,Large,426,7.17,20,23,0,196,Medium,Clear,0,0,0
S036,A,Standard,864,14.39,60,25,0,479,Medium,Cloudy,0,1,0
S001,A,Standard,139,2.11,100,64,1,897,Low,Cloudy,0,0,1
S008,D,Standard,857,14.26,10,18,1,247,Low,Clear,1,0,1
S099,D,Standard,91,1.68,40,17,1,1046,Low,Cloudy,0,0,1
S052,C,Standard,996,15.92,60,82,1,614,Low,Clear,1,0,0
S079,B,Compact,84,1.57,30,43,1,418,High,Clear,0,0,1
S047,D,Standard,543,8.68,40,42,0,851,High,Clear,0,1,0
S056,A,Standard,602,9.9,10,95,0,749,High,Clear,0,0,0
S086,C,Standard,902,14.18,100,16,1,1045,Low,Clear,0,0,0
S014,D,Compact,173,3.05,100,91,1,567,Low,Cloudy,0,0,1
S090,B,Compact,106,1.54,40,30,1,824,High,Clear,1,0,1
S028,B,Standard,855,14.1,80,14,1,610,High,Cloudy,0,0,0
S087,C,Large,505,8.44,10,80,1,109,Low,Cloudy,0,1,0
S078,C,Standard,284,4.14,50,21,1,594,Medium,Cloudy,0,0,1
S088,C,Large,657,10.97,20,68,0,1066,Low,Clear,0,0,0
S002,C,Standard,441,7.54,20,90,0,352,High,Clear,0,0,0
S026,C,Standard,541,9.07,100,67,0,332,Low,Rain,0,1,0
S014,A,EV,880,14.55,60,97,1,527,High,Clear,1,1,0
S059,A,Standard,392,6.55,10,46,1,1095,Low,Clear,0,0,1
S056,D,Large,693,11.53,100,92,0,608,Medium,Clear,0,0,0
S007,B,Standard,225,3.98,20,54,0,398,Low,Clear,0,0,0
S003,A,Compact,101,2.06,30,89,1,719,Medium,Rain,0,0,1
S023,A,Large,599,9.86,60,34,1,307,Medium,Cloudy,0,0,0
S018,A,Standard,527,8.85,30,36,1,704,Medium,Clear,0,0,0
S038,D,Large,538,8.77,20,60,1,1120,Low,Rain,0,0,0
S099,C,Compact,904,15.19,10,51,1,1100,Medium,Cloudy,0,0,0
S015,D,Compact,54,1.04,60,80,0,1100,Low,Cloudy,0,0,0
S064,B,Standard,774,12.85,30,51,0,194,Low,Clear,0,0,0
S089,B,Large,681,11.51,80,69,1,636,Medium,Clear,0,0,0
S028,B,Standard,887,14.78,20,81,1,571,Low,Clear,0,0,0
S074,B,Standard,930,15.49,40,88,0,1194,High,Cloudy,0,0,0
S039,A,Large,258,4.04,30,67,1,850,Medium,Clear,1,0,1
S057,A,Large,266,4.48,50,89,0,431,Medium,Cloudy,1,0,0
S017,D,Standard,585,9.58,60,81,1,825,Low,Clear,0,0,0
S086,C,Standard,391,6.78,30,90,0,722,Low,Clear,0,0,0
S090,B,Standard,766,12.51,60,31,1,376,High,Rain,0,0,0
S044,D,Standard,450,7.58,20,67,0,679,Low,Clear,0,0,0
S025,A,Standard,511,8.44,100,20,1,133,High,Clear,0,0,0
S017,A,Compact,787,13.2,20,15,0,195,Low,Rain,0,0,0
S013,C,Standard,779,12.97,60,31,1,473,Low,Clear,0,0,0
S084,C,Large,260,4.09,20,87,1,710,Medium,Clear,1,0,1
S025,C,Large,75,1.58,10,21,0,812,High,Clear,1,0,0
S068,D,Standard,301,4.75,60,36,0,618,Low,Cloudy,0,0,0
S010,A,Standard,52,1.06,10,10,1,396,Low,Clear,0,0,1
S067,A,Standard,51,1.0,60,73,1,396,Medium,Rain,0,0,1
S018,C,Standard,653,10.8,40,83,0,457,Low,Clear,1,0,0
S100,B,Compact,51,1.31,40,89,0,182,Low,Clear,0,0,0
S086,C,Standard,199,3.23,30,48,0,663,Low,Clear,0,0,0
S034,D,Compact,632,10.56,20,69,0,1037,Medium,Clear,0,0,0
S008,C,Standard,53,1.36,100,79,1,155,Medium,Clear,0,0,1
S040,C,Standard,546,9.06,40,63,1,220,High,Rain,0,0,0
S083,D,Standard,599,10.06,20,34,1,689,Low,Clear,1,0,1
S042,C,Standard,920,15.51,30,29,1,311,Low,Clear,0,0,0
S041,A,Standard,517,8.2,10,45,1,543,Medium,Cloudy,0,1,0
S006,B,Standard,119,1.84,40,32,1,952,Low,Clear,0,0,1
S052,C,Large,250,4.21,100,89,0,339,Low,Clear,0,0,0
S026,D,Large,357,5.47,50,10,1,134,Medium,Clear,1,0,1
S064,B,Standard,301,5.43,100,36,1,94,Low,Clear,0,1,0
S098,D,Standard,336,5.83,50,61,0,864,Medium,Clear,1,1,0
S059,B,Standard,971,16.37,50,11,0,382,High,Clear,0,0,0
S056,B,Standard,341,6.08,80,30,0,514,High,Clear,1,0,0
S059,C,Standard,203,3.6,50,18,0,249,Low,Clear,0,0,0
S070,A,Standard,973,16.15,50,97,1,378,Medium,Clear,0,0,0
S033,C,Standard,182,2.54,50,57,1,289,Medium,Clear,0,0,1
S053,D,Standard,932,15.33,50,48,1,847,High,Cloudy,0,0,0
S022,D,Standard,635,10.39,40,51,0,751,High,Cloudy,0,0,0
S021,B,Standard,323,5.57,50,80,1,632,High,Clear,0,0,0
S070,B,Compact,832,13.89,100,54,0,706,Medium,Clear,0,0,0
S070,A,Standard,746,11.96,60,11,1,770,Low,Cloudy,1,0,0
S004,C,Standard,558,9.56,60,85,1,409,High,Cloudy,0,0,0
S094,D,Compact,402,7.1,50,86,0,434,High,Cloudy,1,0,0
S075,B,Large,54,1.34,80,76,1,848,High,Clear,0,0,0
S062,A,Large,342,5.36,30,52,1,414,Low,Clear,0,0,1
S062,D,Compact,409,6.91,40,27,0,121,Medium,Cloudy,0,0,0
S094,B,Standard,647,10.48,100,48,0,553,Low,Rain,0,0,0
S095,D,Compact,263,4.97,60,15,1,176,High,Clear,0,0,1
S024,A,Large,455,7.59,100,51,0,531,High,Rain,1,0,0
S055,A,Standard,485,7.97,30,61,1,332,Low,Clear,0,0,1
S009,D,Standard,64,1.0,20,36,1,1075,Medium,Rain,0,1,0
S003,C,Large,322,5.47,50,88,0,123,Low,Clear,0,0,0
S031,D,Standard,612,10.35,100,24,0,1137,Low,Cloudy,0,0,0
S040,B,Standard,814,13.07,10,28,1,822,Low,Cloudy,0,0,0
S036,C,Standard,94,1.99,100,71,1,396,Low,Clear,0,0,1
S024,B,Standard,752,12.67,80,73,1,373,Low,Clear,0,0,0
S095,D,Standard,683,11.8,100,60,1,288,Low,Clear,0,0,0
S006,C,Compact,461,8.2,80,56,1,386,Medium,Clear,0,0,0
S066,B,Compact,236,3.9,80,66,0,390,Low,Clear,1,0,0
S084,D,Standard,775,13.17,50,29,1,995,High,Clear,0,0,0
S092,D,Large,710,11.66,100,29,1,941,Medium,Clear,0,0,0
S075,C,Standard,219,3.51,50,91,1,511,Medium,Cloudy,0,0,1
S004,D,Standard,770,13.31,30,73,1,847,High,Clear,0,0,0
S079,A,Large,643,10.49,80,47,1,782,Low,Clear,0,0,0
S006,B,Large,450,7.56,80,47,1,211,Low,Cloudy,0,0,1
S094,B,Compact,757,12.34,80,74,0,497,Low,Clear,0,0,0
S051,D,Large,295,4.72,20,85,1,314,Medium,Clear,0,0,1
S062,D,Compact,952,15.72,30,14,0,1059,Low,Clear,1,0,0
S057,A,Large,906,15.53,40,73,0,181,Medium,Cloudy,0,0,0
S066,C,Standard,918,15.45,80,36,1,169,Medium,Clear,0,0,0
S079,D,Compact,601,10.27,20,29,0,721,Medium,Rain,0,0,0
S075,D,EV,729,11.61,100,69,1,554,Low,Rain,1,1,0
S008,D,Compact,92,1.54,60,49,1,158,Low,Clear,0,0,1
S026,D,Standard,890,14.72,20,92,0,342,Low,Rain,0,0,0
S051,B,Standard,772,13.01,100,88,1,1037,Medium,Clear,0,0,0
S045,D,Compact,228,4.52,20,15,1,877,Low,Clear,0,0,1
S044,B,Standard,506,7.72,30,82,1,236,High,Clear,0,0,0
S005,D,EV,584,9.85,50,45,1,1109,Medium,Clear,1,0,0
S070,C,Standard,656,11.59,50,96,1,305,Low,Rain,0,0,0
S026,A,Standard,721,11.86,50,83,0,1081,Low,Cloudy,0,0,0
S068,C,EV,293,4.93,100,74,0,797,Medium,Clear,1,0,0
S019,D,Standard,976,16.47,100,20,1,90,High,Clear,0,0,0
S084,D,Standard,66,1.0,100,58,1,806,High,Rain,0,0,0
S097,D,Compact,161,2.76,50,93,0,162,Low,Clear,0,0,0
S020,C,Compact,664,10.83,50,37,1,817,Medium,Clear,0,0,0
S012,D,Standard,875,15.2,40,31,1,903,Low,Clear,0,0,0
S047,C,EV,647,10.72,10,93,1,127,Low,Rain,1,0,1
S001,B,Standard,596,9.72,60,56,1,768,Medium,Clear,1,0,0
S090,A,Compact,79,1.57,20,89,1,927,High,Clear,0,0,1
S014,A,Standard,241,4.16,10,75,1,451,Low,Clear,0,0,1
S064,C,Compact,486,8.37,40,34,1,882,Low,Cloudy,0,0,1
S038,B,Standard,228,4.37,80,100,1,113,Medium,Clear,1,0,1
S037,C,Standard,665,10.91,80,76,1,701,High,Cloudy,0,0,0
S011,B,Standard,726,12.62,50,96,1,935,Medium,Clear,0,0,0
S100,D,Large,523,9.28,80,41,1,1115,Low,Cloudy,0,0,0
S077,B,Standard,683,11.15,40,26,0,422,High,Cloudy,0,1,0
S003,B,Compact,183,2.85,60,49,0,355,High,Cloudy,1,0,0
S033,B,Large,851,14.2,60,93,1,258,Medium,Cloudy,0,1,0
S006,A,Standard,361,5.96,40,39,0,516,High,Clear,0,0,0
S050,B,Standard,785,13.6,80,68,0,981,Medium,Rain,0,0,0
S010,D,Standard,74,1.0,10,37,0,696,Low,Cloudy,0,0,0
S005,D,Compact,420,7.07,20,56,1,411,Low,Clear,0,0,1
S023,D,Standard,574,9.34,30,32,0,770,Medium,Clear,0,0,0
S010,B,Standard,368,6.17,30,92,0,765,High,Cloudy,0,0,0
S044,C,Compact,279,5.29,60,66,1,592,High,Clear,1,0,0
S002,C,Compact,151,3.06,20,98,1,243,Low,Clear,0,0,1
S013,D,Standard,499,8.43,50,97,1,701,Low,Rain,1,0,0
S040,A,Standard,427,7.31,40,10,0,1100,High,Clear,0,0,0
S002,C,Large,937,15.76,80,38,1,1119,Medium,Clear,0,0,0
S084,B,EV,950,15.74,50,59,1,696,Low,Cloudy,1,0,0
S065,C,Large,252,4.77,60,73,1,1003,Medium,Rain,1,0,0
S063,D,Compact,316,5.66,100,90,0,1131,Low,Clear,0,0,0
S073,A,Standard,511,8.59,40,84,1,1086,High,Cloudy,0,0,0
S017,C,Standard,414,6.83,30,46,1,998,High,Clear,0,0,0
S009,C,Standard,783,13.0,100,70,1,1010,High,Clear,1,0,0
S075,D,Standard,153,2.65,60,16,1,98,Low,Rain,0,1,0
S015,A,Compact,160,2.66,60,99,1,852,High,Cloudy,0,0,0
S024,A,Standard,477,8.29,20,96,1,1167,Medium,Cloudy,0,0,0
S038,D,Standard,518,8.78,10,73,1,656,Low,Rain,0,0,1
S035,B,EV,630,10.21,60,27,0,59,Medium,Cloudy,1,0,0
S094,C,Standard,919,14.97,10,38,1,723,High,Clear,0,0,0
S095,B,Standard,819,13.95,20,69,1,775,Medium,Clear,0,0,0
S049,C,Standard,729,11.8,60,63,1,565,Low,Cloudy,0,0,0
S069,C,Compact,854,14.13,100,81,0,273,High,Cloudy,0,0,0
S062,B,Compact,935,15.45,80,30,0,252,Low,Clear,1,0,0
S060,D,Standard,610,9.8,60,30,1,991,High,Cloudy,0,1,0
S050,D,Standard,299,5.08,100,67,1,638,Medium,Cloudy,0,0,0
S078,C,Large,531,8.81,100,58,1,620,Medium,Rain,0,0,0
S075,D,Large,380,6.14,30,45,1,1006,Medium,Cloudy,0,0,0
S009,C,EV,981,16.98,40,26,0,245,Low,Clear,1,1,0
S034,D,Large,636,9.87,100,89,1,467,High,Clear,0,0,0
S076,C,Compact,250,3.91,80,62,1,58,Low,Cloudy,0,0,1
S099,D,Standard,503,8.21,10,24,1,581,Medium,Clear,0,0,1
S035,A,Standard,553,8.81,30,88,0,198,Low,Rain,0,0,0
S001,B,Standard,595,10.59,80,49,1,432,Low,Clear,0,0,0
S040,A,Compact,875,15.26,60,90,1,1085,Medium,Cloudy,0,0,0
S064,B,Large,160,2.46,20,60,1,525,High,Rain,0,0,1
S022,B,Standard,982,16.75,50,74,1,628,Low,Cloudy,0,0,0
S060,C,Standard,913,15.4,30,22,0,1126,Low,Cloudy,0,0,0
S064,B,Standard,877,15.11,30,47,0,255,Medium,Rain,0,0,0
S093,A,EV,957,15.92,50,83,1,1035,Medium,Cloudy,1,0,0
S072,A,Compact,798,13.43,60,35,1,964,Low,Rain,1,0,0
S011,D,Large,593,10.3,30,85,0,794,Medium,Cloudy,0,0,0
S014,A,Large,258,4.67,10,92,1,962,Low,Cloudy,0,0,1
S060,D,EV,693,11.6,60,24,1,103,Low,Cloudy,1,0,1
S030,B,Large,667,10.83,100,14,1,1051,Medium,Clear,0,0,0
S035,A,Compact,82,1.14,10,11,0,393,Medium,Cloudy,0,0,0
S085,B,Standard,604,9.51,10,87,1,752,Low,Rain,0,1,0
S037,A,Standard,929,15.72,30,74,0,576,Medium,Cloudy,0,0,0
S005,A,Standard,156,2.66,100,86,0,461,Medium,Clear,0,0,0
S083,D,Standard,314,5.32,60,69,0,618,Medium,Clear,0,0,0
S078,B,EV,275,4.58,100,65,1,248,Medium,Clear,1,0,1
S026,A,Standard,536,8.59,30,87,0,824,Low,Clear,0,0,0
S062,C,Large,228,3.89,30,47,1,438,Medium,Clear,0,0,1
S004,B,Standard,271,4.7,60,66,1,523,High,Rain,0,0,0
S089,B,Standard,419,6.72,60,60,1,814,Low,Rain,0,0,0
S042,B,EV,686,11.42,60,50,1,641,Low,Clear,1,0,0
S089,D,Standard,837,13.76,80,88,1,1197,Medium,Cloudy,0,0,0
S018,C,Standard,216,3.54,60,79,1,1145,Medium,Cloudy,0,0,0
S040,B,Standard,712,11.53,20,92,1,1031,Medium,Clear,0,0,0
S072,A,Compact,602,9.95,60,61,1,1043,Medium,Rain,0,0,0
S039,A,Standard,349,6.3,50,10,0,217,Medium,Clear,0,1,0
S014,D,Compact,430,7.02,60,94,0,333,Medium,Rain,1,1,0
S032,A,Compact,84,1.2,30,27,1,1109,Low,Cloudy,1,0,1
S051,B,Compact,456,7.41,50,36,1,873,Low,Cloudy,1,0,1
S038,A,Compact,551,9.13,80,81,1,1189,High,Cloudy,0,0,0
S097,B,Standard,363,6.59,40,85,1,940,High,Clear,0,0,0
S023,A,Standard,865,14.84,10,51,1,183,Medium,Rain,0,0,0
S063,C,Large,792,13.16,20,15,1,171,Low,Cloudy,0,0,1
S015,D,Standard,776,12.74,50,99,0,882,Medium,Rain,0,0,0
S097,D,Standard,875,14.06,80,89,1,1071,Medium,Cloudy,0,0,0
S025,C,Standard,150,2.23,10,92,1,944,Medium,Clear,0,0,1
S017,C,Large,618,9.71,100,91,1,338,Medium,Cloudy,0,0,0
S097,D,Standard,264,4.62,20,33,1,1126,Low,Clear,0,0,1
S066,C,Standard,984,16.8,60,54,1,1124,Low,Cloudy,0,0,0
S078,B,Compact,717,11.84,100,93,1,888,Medium,Cloudy,0,0,0
S053,A,Compact,625,10.53,80,80,1,961,High,Cloudy,0,0,0
S051,D,Standard,111,1.52,10,16,1,89,High,Rain,0,0,1
S039,C,Standard,900,14.42,80,25,1,299,Medium,Clear,0,0,0
S051,B,Compact,418,6.98,30,67,1,267,Low,Clear,1,0,1
S070,D,EV,417,7.07,30,66,1,228,Low,Cloudy,1,0,1
S006,C,Compact,623,10.89,60,51,0,232,Low,Cloudy,0,0,0
S067,D,Standard,143,3.0,10,23,1,754,Medium,Clear,0,0,1
S007,C,Standard,518,8.55,60,65,1,546,Medium,Cloudy,1,1,0
S051,D,Large,902,15.31,60,21,1,646,Medium,Cloudy,0,0,0
S072,B,Large,75,1.34,20,24,1,510,High,Clear,0,0,1
S042,B,Standard,484,8.07,10,17,1,523,Medium,Clear,0,1,0
S064,A,Standard,170,2.82,40,67,1,734,Low,Clear,0,0,1
S015,D,Compact,99,1.61,60,62,1,1110,Low,Clear,1,0,1
S029,A,Standard,932,15.5,20,18,1,368,Low,Cloudy,0,0,0
S033,D,Standard,813,14.05,20,55,1,405,Medium,Clear,0,0,0
S094,C,Standard,85,1.48,10,100,1,666,Medium,Clear,0,0,1
S027,C,Standard,459,8.17,50,16,1,278,Medium,Cloudy,0,0,1
S036,A,Standard,338,5.36,80,53,1,778,High,Rain,0,0,0
S029,D,Compact,428,6.28,60,23,1,610,Low,Cloudy,0,0,1
S038,A,Standard,149,2.34,60,84,1,684,Medium,Clear,0,0,1
S057,B,Standard,373,5.97,10,15,0,508,Medium,Rain,1,0,0
S097,A,Standard,378,5.85,50,44,0,74,Low,Clear,0,0,0
S027,A,Standard,697,12.01,20,79,0,419,Low,Clear,0,0,0
S055,C,Standard,755,12.18,100,70,1,1061,Medium,Clear,0,0,0
S033,A,Standard,270,4.67,80,33,0,660,Low,Rain,0,0,0
S068,D,Compact,840,14.6,30,82,0,158,High,Cloudy,0,0,0
S086,C,Standard,887,14.44,60,11,0,769,Low,Rain,0,0,0
S066,A,Standard,616,10.2,30,87,1,1155,Low,Clear,0,0,0
S010,B,Standard,988,16.87,80,60,0,481,Low,Clear,0,0,0
S005,A,Standard,159,2.53,60,40,1,1081,Medium,Clear,0,0,1
S074,A,Large,198,3.4,80,36,0,685,Low,Clear,0,0,0
S097,A,Standard,455,7.78,10,40,1,1171,Medium,Rain,0,0,0
S038,C,EV,826,13.82,60,79,1,1174,Low,Clear,1,0,0
S013,D,Standard,723,11.92,50,52,1,416,Low,Clear,0,0,0
S031,B,Large,748,12.23,60,91,1,974,Low,Cloudy,0,0,0
S047,A,Standard,459,7.32,10,61,1,463,Low,Clear,0,0,1
S100,D,Compact,178,3.15,80,23,1,405,Medium,Clear,0,0,1
S088,D,Standard,533,8.69,40,68,1,60,Medium,Clear,0,0,1
S052,C,Standard,157,2.98,10,29,1,1195,Low,Cloudy,0,0,1
S056,B,Large,438,7.78,10,61,0,114,Low,Clear,0,0,0
S015,C,Large,474,7.55,100,84,1,174,High,Rain,0,0,0
S029,D,Standard,496,8.49,100,49,0,361,Medium,Cloudy,0,0,0
S008,D,Standard,967,16.73,10,77,1,824,High,Clear,0,0,0
S005,D,Standard,117,1.69,10,53,1,1051,Low,Clear,0,0,1
S029,C,Large,993,16.91,50,15,1,922,Low,Rain,0,0,0
S047,B,Standard,115,2.09,60,96,1,743,Medium,Cloudy,0,0,1
S068,A,Standard,705,12.04,50,66,1,1039,Low,Clear,0,0,0
S076,C,Compact,614,10.01,50,67,1,848,Medium,Clear,0,0,0
S045,D,Large,689,12.05,40,81,1,723,Low,Clear,1,0,0
S002,C,Compact,553,9.02,40,39,0,961,Low,Cloudy,0,0,0
S027,D,Large,553,9.41,60,61,1,455,Low,Clear,0,0,0
S095,A,Large,370,6.15,60,20,1,1045,Medium,Cloudy,0,0,0
S036,A,Standard,768,12.96,80,56,1,1090,Medium,Cloudy,0,0,0
S036,B,Standard,881,14.39,10,14,1,686,Low,Clear,0,0,0
S026,D,Large,777,12.58,50,12,0,939,Low,Clear,0,0,0
S043,B,Standard,629,10.57,40,24,0,538,Medium,Cloudy,0,1,0
S027,B,EV,496,8.16,30,11,1,288,Low,Cloudy,1,0,1
S069,A,Standard,623,10.26,10,11,1,229,Medium,Rain,0,0,1
S020,C,Standard,259,4.48,80,81,1,366,Medium,Cloudy,0,0,1
S011,C,EV,898,14.52,20,63,1,281,Low,Clear,1,1,0
S074,B,Compact,888,15.16,50,55,1,380,Low,Clear,0,0,0
S038,A,Standard,419,7.02,10,50,0,610,Medium,Clear,0,1,0
S006,D,Large,990,16.73,60,78,0,998,Low,Clear,0,0,0
S072,C,Compact,613,10.37,10,39,0,297,Low,Cloudy,0,0,0
S023,B,Standard,677,11.46,20,53,1,332,Low,Cloudy,0,1,0
S047,C,Standard,942,15.34,60,19,0,989,High,Clear,0,1,0
S090,C,Large,507,8.8,30,97,1,81,High,Cloudy,0,0,0
S046,D,Large,944,15.82,40,92,1,579,Medium,Clear,0,0,0
S012,A,Standard,626,10.29,40,39,0,430,Low,Clear,0,0,0
S090,D,Large,691,11.48,20,98,0,112,Medium,Clear,0,0,0
S013,A,Large,738,12.41,80,84,0,177,Low,Cloudy,0,0,0
S062,C,Standard,839,14.04,20,58,1,212,Low,Cloudy,0,0,0
S082,B,Compact,974,16.41,80,44,1,1007,Medium,Clear,0,0,0
S089,D,Standard,212,4.03,80,74,0,344,Medium,Cloudy,0,0,0
S097,A,Standard,381,6.04,100,26,1,228,Low,Clear,1,0,1
S060,C,Compact,713,12.11,40,40,1,278,High,Clear,0,0,0
S043,A,Large,399,6.62,30,79,1,932,Low,Cloudy,0,0,0
S076,A,Compact,797,13.63,100,86,1,443,Medium,Clear,0,0,0
S100,A,Standard,719,12.47,30,61,1,741,Medium,Clear,0,0,0
S068,C,Standard,517,8.68,10,35,1,121,Low,Clear,0,0,1
S005,B,Standard,475,8.1,20,14,1,367,Low,Clear,0,0,1
S037,B,Standard,376,6.63,100,23,1,644,Low,Cloudy,0,0,1
S072,B,Standard,155,2.88,20,60,1,428,High,Cloudy,0,0,1
S092,A,Compact,867,14.83,100,24,1,956,Medium,Rain,0,0,0
S031,C,Standard,304,4.98,20,21,1,185,Low,Clear,0,1,0
S009,A,Large,407,6.63,60,55,1,779,High,Rain,0,0,0
S051,B,Standard,493,7.88,40,73,1,1192,Medium,Clear,1,0,0
S029,B,Compact,162,2.64,100,81,0,955,Low,Rain,1,0,0
S078,C,Standard,79,1.29,40,68,0,579,Medium,Rain,0,0,0
S040,A,Standard,573,9.51,40,35,0,984,Medium,Clear,0,0,0
S041,D,Standard,738,12.45,30,38,1,715,Low,Clear,0,0,0
S086,D,Standard,899,15.14,100,13,1,572,Medium,Cloudy,0,1,0
S011,B,Large,95,1.56,40,59,0,436,Low,Clear,0,0,0
S023,C,Standard,220,3.77,100,34,0,623,Medium,Clear,0,0,0
S001,A,Compact,179,3.23,10,49,0,632,Low,Clear,0,1,0
S046,A,EV,806,13.19,60,41,0,622,Low,Cloudy,1,0,0
S021,B,Large,402,6.98,40,84,0,693,High,Clear,0,0,0
S090,B,Standard,252,4.02,100,46,1,622,Medium,Cloudy,0,0,0
S036,A,EV,275,5.02,60,19,0,919,Low,Clear,1,0,0
S054,A,Standard,129,2.2,60,47,0,596,Medium,Clear,0,0,0
S087,B,Standard,359,6.0,30,70,1,487,High,Clear,0,0,0
S057,A,Large,84,1.0,20,36,1,604,Low,Rain,1,0,1
S001,D,Compact,613,10.41,60,90,0,160,Medium,Cloudy,0,1,0
S063,B,Standard,210,3.53,10,16,0,576,Medium,Clear,0,0,0
S054,A,Standard,645,10.8,30,82,1,226,Medium,Cloudy,0,0,0
S055,B,Standard,889,14.79,50,18,1,723,Medium,Clear,0,0,0
S040,C,Standard,484,8.25,60,68,0,673,Medium,Cloudy,0,0,0
S015,B,Standard,587,10.03,100,45,0,993,High,Clear,1,0,0
S021,B,EV,274,4.71,80,39,0,522,High,Clear,1,0,0
S047,C,EV,495,8.65,60,28,1,1043,Low,Cloudy,1,0,0
S073,D,Large,366,5.88,20,50,1,928,High,Clear,0,0,0
S053,A,Standard,715,11.74,40,64,1,1171,Low,Cloudy,0,0,0
S009,C,Compact,854,14.36,100,96,1,219,Medium,Cloudy,1,0,0
S074,B,EV,463,7.92,100,93,1,1063,High,Cloudy,1,0,0
S052,A,Large,144,2.56,30,15,1,105,Medium,Rain,1,0,1
S057,C,Standard,274,4.18,50,97,1,374,Low,Cloudy,0,0,1
S026,A,Standard,828,13.44,30,31,0,707,High,Clear,0,0,0
S041,A,Standard,998,16.58,40,79,1,1006,Low,Rain,0,0,0
S035,C,Compact,602,9.5,30,33,1,309,Low,Rain,0,0,1
S063,A,Compact,694,11.64,100,71,1,690,Medium,Cloudy,0,1,0
S025,D,Large,115,1.89,50,51,1,611,Low,Rain,0,0,1
S090,C,Standard,446,7.16,30,31,1,389,High,Rain,0,0,1
S075,D,Standard,259,4.15,10,91,1,453,Low,Clear,0,0,1
S038,B,Standard,523,8.75,10,25,0,581,High,Clear,0,0,0
S002,A,Standard,714,11.45,40,22,1,844,High,Clear,0,1,0
S007,B,Standard,733,12.04,80,46,1,1083,Medium,Rain,0,0,0
S082,B,Compact,959,15.9,80,61,1,643,Medium,Clear,0,0,0
S091,A,Standard,886,14.68,50,33,0,666,Medium,Cloudy,1,0,0
S034,C,Compact,620,10.25,100,92,0,701,Low,Rain,0,0,0
S091,A,Standard,745,12.82,50,93,1,763,Low,Rain,0,0,0
S017,B,Standard,539,9.27,50,100,1,393,High,Cloudy,0,0,0
S043,B,Standard,229,3.62,50,26,1,95,Medium,Clear,0,0,1
S059,C,Large,883,14.41,50,25,1,953,High,Clear,0,0,0
S051,A,Standard,885,14.63,80,10,1,104,Medium,Rain,0,0,0
S054,B,Large,573,9.92,20,94,1,1151,Low,Rain,0,0,0
S024,D,Standard,508,7.83,30,100,0,905,Low,Cloudy,0,1,0
S025,B,Large,117,1.98,100,10,0,709,Low,Rain,0,0,0
S071,B,Large,988,16.37,60,39,1,160,High,Clear,0,0,0
S052,C,Standard,378,6.66,50,93,1,1088,Medium,Cloudy,0,0,0
S070,D,Compact,251,4.48,80,33,1,127,Medium,Clear,1,0,1
S088,B,Standard,524,8.29,60,55,1,550,Medium,Cloudy,0,0,0
S033,B,Large,567,9.81,10,11,0,637,Low,Clear,1,0,0
S049,D,Standard,64,1.0,80,24,1,467,Low,Clear,1,0,1
S029,A,Standard,91,1.7,60,38,1,324,Low,Rain,0,0,1
S063,A,Compact,592,10.08,80,71,1,1136,Low,Cloudy,0,0,0
S022,B,Large,742,12.87,60,22,0,1022,Low,Rain,1,0,0
S026,B,Standard,823,13.78,100,92,1,1040,Low,Cloudy,0,0,0
S028,A,Compact,338,5.43,80,74,1,1183,High,Clear,0,0,0
S085,C,Standard,974,15.93,30,54,1,243,Medium,Clear,0,0,0
S049,D,Standard,582,10.14,60,56,1,904,Low,Rain,0,0,0
S071,D,Compact,941,16.19,40,25,0,848,Medium,Cloudy,0,0,0
S081,C,Standard,743,12.25,80,12,0,350,Low,Rain,0,0,0
S084,C,Standard,745,12.42,100,79,0,1017,Medium,Clear,0,0,0
S049,C,Large,293,5.29,40,14,1,617,Low,Clear,0,1,0
S020,C,Standard,911,15.41,80,35,1,721,High,Rain,0,0,0
S086,C,Compact,710,11.78,50,24,1,198,Low,Clear,0,0,1
S092,C,Standard,817,13.39,20,82,0,818,High,Clear,0,0,0
S063,D,Standard,661,10.76,80,64,1,188,Medium,Clear,1,1,0
S061,C,Standard,616,10.55,100,31,1,910,Medium,Cloudy,0,0,0
S049,A,Compact,747,12.34,20,46,0,341,High,Clear,0,0,0
S071,C,Compact,881,14.56,30,94,1,384,Low,Cloudy,0,0,0
S001,C,Standard,647,10.97,20,38,0,748,Low,Rain,1,0,0
S096,D,Standard,223,3.74,60,35,0,356,Low,Clear,0,0,0
S013,D,EV,583,9.83,40,79,0,974,High,Clear,1,1,0
S094,C,Standard,558,9.2,50,20,1,1030,Low,Clear,0,0,0
S087,D,Large,293,4.77,10,29,1,947,Low,Clear,0,0,1
S051,B,Standard,109,1.6,60,93,0,976,Medium,Clear,0,0,0
S056,D,Compact,153,2.76,40,100,1,393,Medium,Cloudy,0,0,1
S083,D,Standard,700,11.69,40,79,1,706,Low,Clear,0,0,0
S062,D,Large,352,5.95,30,42,1,310,Medium,Clear,0,0,1
S032,D,Compact,720,11.69,60,39,0,218,Low,Cloudy,0,0,0
S030,A,Standard,793,13.43,80,59,1,709,Low,Rain,0,0,0
S029,A,Standard,126,2.19,100,43,1,249,Medium,Clear,0,0,1
S049,A,Compact,67,1.34,20,14,0,631,Medium,Cloudy,0,0,0
S045,C,Compact,583,9.82,10,89,1,615,High,Clear,0,0,0
S093,C,Standard,233,3.97,10,21,1,444,Medium,Clear,0,0,1
S030,B,Standard,706,11.22,80,85,0,400,Low,Cloudy,0,0,0
S016,A,Large,599,10.32,20,84,1,77,Medium,Cloudy,0,0,1
S040,C,Standard,330,5.1,100,61,0,681,High,Cloudy,0,0,0
S019,D,Compact,337,5.93,80,60,1,429,Low,Clear,0,1,0
S018,D,Standard,704,11.71,50,30,0,577,Medium,Rain,0,0,0
S001,A,Large,574,9.08,100,80,0,952,Medium,Clear,1,0,0
S078,B,EV,747,12.42,20,67,0,856,Low,Clear,1,0,0
S047,B,EV,523,8.27,50,73,1,276,Medium,Cloudy,1,0,0
S066,D,Standard,995,16.92,100,15,1,76,Medium,Clear,1,0,0
S092,B,Large,316,5.11,10,58,0,1190,Low,Clear,0,0,0
S094,A,Standard,830,13.52,60,81,0,138,Low,Clear,0,0,0
S038,D,Compact,658,11.16,30,46,1,668,High,Cloudy,0,0,0
S051,C,Standard,995,16.57,40,19,1,171,Low,Clear,0,1,0
S063,C,Standard,406,6.92,100,89,1,915,Medium,Cloudy,0,0,0
S004,B,EV,855,14.22,60,75,0,82,Medium,Rain,1,0,0
S001,D,Standard,50,1.18,10,65,1,652,Low,Rain,0,0,1
S008,D,Compact,856,14.15,10,92,1,745,High,Clear,0,0,0
S029,C,Large,76,1.0,10,80,1,937,Medium,Cloudy,0,0,1
S055,D,Large,597,9.62,100,75,1,574,Medium,Clear,0,1,0
S003,D,Standard,209,3.61,40,54,0,1097,Medium,Rain,1,0,0
S032,D,Standard,986,16.24,50,96,0,83,High,Rain,0,0,0
S010,B,Large,448,7.85,100,77,1,296,High,Clear,1,0,0
S074,D,Standard,592,9.52,30,73,1,1092,Low,Cloudy,0,0,0
S083,A,Standard,176,3.24,60,25,1,1103,Medium,Rain,0,0,1
S034,B,Standard,823,13.59,60,19,1,98,Low,Clear,0,0,1
S097,D,Standard,906,15.49,100,30,1,961,Low,Cloudy,1,1,0
S087,D,Large,997,16.77,30,21,1,229,Low,Cloudy,0,1,0
S055,A,Standard,259,4.37,30,22,1,787,Medium,Rain,1,0,1
S092,B,Compact,199,3.52,50,90,0,639,High,Clear,0,0,0
S032,C,Standard,80,1.7,60,91,0,545,Medium,Rain,0,0,0
S050,C,Standard,661,11.0,20,19,1,480,Medium,Cloudy,0,0,1
S007,B,Standard,890,14.27,20,22,0,1108,High,Clear,0,0,0
S093,D,Standard,351,6.21,100,43,0,413,High,Cloudy,0,0,0
S008,D,Standard,914,15.15,30,68,0,359,Medium,Clear,0,1,0
S065,C,Compact,780,13.77,10,58,0,1031,High,Clear,0,0,0
S057,C,Standard,814,13.39,100,15,0,276,Low,Cloudy,0,0,0
S067,C,Standard,732,12.09,10,21,1,59,Low,Rain,0,0,1
S088,A,Standard,306,5.32,40,38,1,97,Low,Rain,0,0,1
S087,C,Standard,989,16.71,20,86,1,253,Low,Clear,0,1,0
S059,A,EV,106,1.89,10,35,1,1038,Medium,Clear,1,1,0
S072,B,Standard,58,1.0,80,77,1,943,High,Rain,0,0,0
S054,D,Standard,54,1.0,30,88,0,206,Medium,Rain,0,0,0
S067,C,Standard,896,14.73,40,25,1,904,Medium,Rain,0,0,0
S051,D,EV,163,2.26,20,62,0,75,Low,Clear,1,0,0
S097,D,Standard,826,14.39,40,28,1,470,Medium,Cloudy,0,0,0
S092,C,Large,734,11.93,10,56,1,810,Low,Rain,0,0,0
S008,C,Standard,781,12.93,30,99,1,823,Medium,Clear,1,0,0
S034,B,EV,254,4.44,80,41,1,313,Medium,Clear,1,0,1
S035,A,Large,73,1.22,30,79,1,637,Medium,Rain,0,1,0
S096,A,Compact,542,8.86,30,79,1,1007,Medium,Clear,0,1,0
S088,D,Standard,731,12.14,10,70,0,519,High,Clear,0,1,0
S078,C,Standard,455,7.4,80,14,1,303,Low,Clear,0,0,1
S032,B,Standard,152,2.46,100,68,1,789,Medium,Clear,0,0,0
S046,B,Standard,109,1.93,80,11,0,167,High,Clear,0,0,0
S016,B,Standard,135,1.94,50,11,0,599,High,Clear,0,0,0
S068,B,Standard,816,13.92,60,12,1,960,Low,Clear,1,0,0
S037,B,Compact,726,12.12,60,79,0,919,Medium,Rain,1,0,0
S054,A,Standard,421,6.84,30,52,0,857,Low,Clear,0,1,0
S085,A,Standard,728,12.04,60,14,1,870,Low,Clear,0,1,0
S014,A,Standard,645,11.1,50,59,0,613,Medium,Clear,0,0,0
S095,C,EV,251,4.43,30,19,1,463,Medium,Cloudy,1,0,1
S055,D,Standard,651,10.92,50,36,1,929,Medium,Clear,0,0,0
S048,B,Large,138,2.12,20,33,1,1042,Low,Clear,1,0,1
S082,C,Standard,486,8.27,60,31,0,50,High,Clear,0,0,0
S007,B,Standard,169,2.82,80,98,1,216,Medium,Rain,0,0,1
S074,A,Standard,205,3.94,20,12,1,65,Medium,Cloudy,0,1,0
S007,C,Standard,448,7.46,30,25,0,706,Medium,Clear,0,1,0
S033,A,Large,749,12.99,80,39,0,161,High,Rain,0,0,0
S023,B,Compact,237,4.01,40,52,1,1175,High,Clear,0,0,0
S085,B,Standard,823,13.41,100,13,0,643,Medium,Clear,0,0,0
S019,D,EV,101,2.67,40,49,1,556,Medium,Cloudy,1,0,1
S019,B,Standard,701,11.25,10,25,0,720,Medium,Clear,0,0,0
S036,A,EV,580,9.07,20,81,0,1113,Low,Cloudy,1,0,0
S029,B,EV,529,8.19,20,97,0,808,Low,Clear,1,0,0
S060,D,Standard,636,11.42,40,25,1,546,Medium,Cloudy,0,0,0
S082,D,Standard,279,5.29,30,100,1,1014,Medium,Clear,1,0,0
S002,A,Standard,530,8.88,80,75,0,330,Low,Clear,0,0,0
S001,C,Compact,179,3.11,80,64,1,400,Medium,Cloudy,0,0,1
S047,B,Standard,104,1.81,80,29,1,383,Medium,Rain,0,0,1
S069,D,EV,320,4.8,10,60,1,810,Medium,Clear,1,0,1
S020,B,Compact,149,2.92,20,93,1,777,High,Cloudy,0,0,1
S011,B,Standard,118,2.37,100,93,1,872,Low,Cloudy,0,0,0
S002,C,Standard,960,15.63,10,92,1,63,Medium,Cloudy,0,0,0
S067,D,Compact,348,5.9,20,66,1,1129,Medium,Clear,1,0,0
S087,B,Standard,578,9.61,50,60,1,391,Low,Cloudy,0,0,1
S012,D,Large,403,6.65,80,27,0,248,Medium,Cloudy,1,0,0
S020,A,Standard,677,11.08,50,86,0,727,Medium,Clear,1,0,0
S005,A,Standard,201,3.32,10,90,1,707,Medium,Clear,0,0,1
S037,B,Standard,379,6.16,80,68,1,127,Medium,Clear,0,0,1
S038,D,Compact,165,3.07,80,37,1,161,High,Cloudy,0,0,1
S094,B,Standard,591,9.84,40,78,1,584,High,Cloudy,0,0,0
S009,D,Large,372,5.99,40,37,0,1189,High,Clear,0,0,0
S098,D,Standard,612,10.19,20,98,1,1041,High,Clear,0,0,0
S053,C,Large,621,10.31,100,93,0,839,Low,Cloudy,0,0,0
S044,C,Compact,278,4.58,100,94,0,1149,Medium,Cloudy,0,0,0
S099,C,Standard,820,13.87,60,22,1,579,High,Clear,0,0,0
S086,B,Large,409,6.73,50,15,0,149,Medium,Clear,0,1,0
S024,C,Standard,54,1.0,50,38,1,1022,Medium,Cloudy,0,0,1
S081,C,Standard,77,1.0,10,18,1,1064,Medium,Clear,0,0,1
S074,A,Standard,815,13.58,80,38,0,174,Low,Clear,0,1,0
S030,D,Large,413,7.26,60,47,1,1064,Medium,Cloudy,0,0,0
S059,D,EV,511,8.48,10,74,1,568,Medium,Cloudy,1,0,0
S087,C,Compact,280,4.52,40,65,0,72,Medium,Cloudy,0,0,0
S096,D,Standard,444,7.17,40,39,0,211,Medium,Clear,0,0,0
S081,A,Large,918,14.78,100,68,1,678,High,Rain,0,1,0
S081,A,Standard,761,13.04,60,96,1,555,Low,Clear,0,0,0
S014,C,EV,893,15.03,60,67,0,931,Medium,Clear,1,0,0
S009,A,Standard,320,5.56,40,19,0,1094,Medium,Clear,0,0,0
S040,D,EV,900,15.08,30,30,1,532,Medium,Clear,1,1,0
S066,B,Compact,353,5.64,80,65,1,358,Medium,Cloudy,0,0,1
S025,D,Large,432,7.1,50,35,0,923,High,Clear,0,0,0
S073,B,Compact,607,9.97,50,24,1,252,Medium,Clear,0,1,0
S022,C,Standard,77,1.16,10,90,1,689,Low,Clear,0,1,0
S004,B,Compact,568,9.34,50,44,1,191,Medium,Cloudy,0,0,1
S026,A,Standard,793,13.55,10,98,0,1053,Low,Rain,0,0,0
S058,D,Compact,248,4.74,60,24,1,664,Low,Clear,0,0,1
S029,B,Compact,655,10.65,60,84,0,156,Low,Rain,0,0,0
S098,D,Large,131,2.13,30,97,1,578,Medium,Rain,0,0,1
S087,C,Standard,137,2.35,80,15,1,625,Low,Clear,0,1,0
S037,C,Standard,439,7.02,60,37,1,1018,Low,Rain,0,0,0
S075,A,Standard,747,12.47,80,72,1,737,Medium,Cloudy,0,0,0
S070,C,Compact,804,13.51,40,38,1,340,Medium,Rain,0,0,0
S018,B,Standard,629,10.46,30,57,1,854,Medium,Rain,1,0,0
S085,C,Standard,872,14.72,40,72,0,717,High,Rain,0,0,0
S042,A,Large,500,8.33,40,67,1,434,Medium,Clear,0,0,0
S100,D,Compact,482,7.17,10,30,0,1126,Medium,Cloudy,0,0,0
S041,D,Standard,423,6.76,80,85,0,750,Low,Clear,0,0,0
S038,C,Standard,484,8.5,40,31,1,62,Medium,Clear,0,0,1
S034,B,Compact,236,4.09,80,36,1,1009,Medium,Clear,0,0,0
S017,A,Standard,800,12.48,30,94,1,209,Low,Clear,0,1,0
S037,B,Compact,439,6.86,20,88,1,614,Medium,Cloudy,0,0,0
S025,A,Standard,267,4.67,60,66,1,57,Medium,Cloudy,0,0,1
S076,C,Large,157,2.44,10,91,1,121,Medium,Rain,1,1,0
S087,A,Standard,868,13.66,80,19,0,941,Medium,Clear,0,0,0
S086,A,Standard,599,10.3,60,31,1,147,Low,Cloudy,0,0,1
S085,C,Compact,956,16.15,40,53,1,136,Medium,Cloudy,0,1,0
S027,B,Compact,997,16.37,40,93,1,150,Medium,Clear,1,0,0
S057,C,Standard,398,7.01,50,92,0,330,Low,Clear,0,0,0
S031,A,Large,837,13.71,100,37,1,932,Medium,Clear,0,0,0
S006,C,Standard,571,9.33,80,59,0,798,High,Rain,0,0,0
S091,A,EV,75,1.1,100,60,0,245,Low,Rain,1,0,0
S040,C,Large,97,1.05,10,10,0,440,High,Cloudy,0,0,0
S098,D,Standard,908,15.26,10,43,0,658,Low,Clear,1,0,0
S012,D,Large,419,7.14,100,44,1,499,High,Clear,0,0,0
S053,C,Standard,63,1.0,30,99,1,1169,Low,Rain,0,0,1
S071,B,Standard,661,11.23,20,70,0,170,Low,Clear,0,0,0
S010,A,EV,236,3.46,30,39,1,381,Low,Clear,1,0,1
S045,D,Compact,573,9.76,30,85,1,1125,High,Clear,0,0,0
S017,B,Standard,933,15.65,30,87,1,367,Medium,Rain,0,0,0
S026,A,Standard,940,15.46,100,77,1,724,Medium,Clear,0,0,0
S085,D,Standard,328,5.59,20,85,1,751,High,Clear,0,0,0
S092,D,EV,390,6.24,30,97,1,742,Low,Cloudy,1,0,1
S062,C,Standard,377,6.61,60,49,1,1066,Low,Clear,0,0,0
S046,A,Standard,728,12.29,10,74,1,70,Medium,Rain,0,0,0
S064,B,Standard,683,11.49,20,46,1,448,Medium,Clear,0,0,0
S002,B,Standard,954,15.76,40,73,1,251,Low,Rain,0,0,0
S054,B,Standard,656,11.17,50,10,1,515,Medium,Cloudy,1,0,0
S065,A,Standard,74,1.59,50,24,1,945,Low,Cloudy,0,0,1
S051,B,Standard,578,10.12,80,22,1,359,Low,Rain,0,0,1
S053,B,Standard,475,7.75,60,38,0,553,Low,Clear,0,0,0
S036,B,EV,78,1.55,10,64,1,75,Low,Clear,1,0,1
S026,C,Standard,372,6.62,50,54,0,115,Medium,Clear,0,1,0
S029,C,Large,902,14.96,60,13,0,312,Low,Clear,0,0,0
S021,A,Large,362,6.45,60,73,0,521,Low,Cloudy,0,0,0
S011,A,Large,633,10.6,50,24,1,216,Medium,Clear,0,0,1
S040,B,Large,319,5.01,50,57,1,849,High,Clear,0,0,0
S011,C,Standard,811,13.3,60,85,1,392,Medium,Clear,0,0,0
S036,D,Standard,344,5.3,100,65,1,767,Medium,Cloudy,0,1,0
S059,D,Standard,705,11.74,60,98,1,462,Medium,Clear,0,0,0
S039,B,Standard,835,13.87,40,100,1,1075,Medium,Cloudy,0,0,0
S099,B,Compact,272,4.59,50,79,1,736,High,Clear,0,0,0
S054,C,Compact,124,2.48,30,96,1,846,High,Cloudy,0,0,0
S098,C,Large,151,2.51,60,24,0,532,Medium,Cloudy,0,0,0
S055,C,Standard,581,9.6,10,48,1,1105,Medium,Clear,0,0,0
S024,A,EV,678,11.24,10,78,1,64,Medium,Cloudy,1,0,1
S022,A,Standard,735,11.69,80,96,1,66,Low,Cloudy,0,0,0
S069,B,Standard,934,15.77,60,88,1,583,High,Rain,0,0,0
S056,A,Standard,222,3.65,10,98,1,130,Medium,Clear,0,0,1
S033,C,Large,53,1.0,40,69,1,705,Medium,Clear,1,0,1
S036,C,Standard,901,14.96,80,53,1,485,Low,Rain,0,0,0
S020,A,EV,528,8.84,40,52,1,1081,Low,Cloudy,1,0,0
S083,D,EV,709,11.42,60,13,0,1068,Low,Clear,1,0,0
S099,B,Large,444,7.4,100,86,1,728,Low,Rain,0,0,0
S081,D,Standard,675,11.07,80,59,1,829,Medium,Rain,0,0,0
S062,B,Large,882,14.71,50,48,1,235,Low,Clear,0,0,0
S098,D,Large,963,15.75,30,63,1,471,High,Clear,1,0,0
S073,A,Standard,216,3.74,50,32,0,515,Medium,Cloudy,0,0,0
S026,B,Standard,349,5.82,10,69,0,132,Low,Rain,0,0,0
S066,B,Standard,167,2.39,100,89,1,616,Medium,Clear,0,0,0
S073,B,Standard,561,9.63,80,44,1,692,Low,Cloudy,1,0,0
S073,C,Standard,661,10.86,30,63,0,374,High,Cloudy,0,0,0
S040,C,EV,835,13.81,10,67,0,100,Medium,Clear,1,0,0
S017,D,Standard,224,3.97,30,71,1,1100,Low,Clear,0,1,0
S001,A,Standard,208,3.79,60,89,0,726,Low,Clear,0,0,0
S089,C,EV,433,7.08,20,57,0,1030,Low,Cloudy,1,1,0
S061,B,Standard,276,4.63,100,16,1,842,Medium,Clear,0,0,0
S043,C,Large,984,16.6,40,54,1,1135,Medium,Clear,0,1,0
S042,A,Standard,87,1.83,80,22,1,706,Medium,Rain,0,0,1
S025,C,Compact,512,8.56,40,62,0,166,Medium,Clear,0,0,0
S039,B,Standard,480,8.14,80,48,1,1077,Medium,Cloudy,1,0,0
S035,D,Compact,759,12.38,100,93,1,1139,Medium,Cloudy,0,0,0
S003,B,Standard,697,11.16,60,27,0,1133,Medium,Clear,1,0,0
S044,A,Large,153,2.72,10,31,0,954,Low,Clear,0,0,0
S051,D,Standard,242,3.79,10,45,0,551,Medium,Clear,0,0,0
S094,C,Large,299,4.71,20,62,0,848,Low,Clear,0,0,0
S098,C,Standard,62,1.23,50,81,0,906,Low,Cloudy,0,0,0
S012,C,Standard,616,10.22,80,12,1,1173,Medium,Cloudy,1,0,0
S019,D,Compact,905,15.15,30,71,1,1192,Medium,Rain,1,0,0
S044,B,Standard,646,10.38,60,38,1,118,Low,Cloudy,0,0,1
S059,D,Large,670,10.89,20,82,1,713,Low,Clear,0,0,0
S049,D,EV,604,10.56,60,17,0,841,High,Clear,1,0,0
S061,A,Large,437,7.09,20,85,1,270,Low,Clear,0,0,1
S017,D,Standard,120,1.94,10,55,0,1059,Low,Clear,0,0,0
S074,C,Compact,829,13.89,10,65,1,272,Low,Clear,0,0,0
S057,B,Compact,620,10.01,50,58,0,726,Medium,Clear,0,0,0
S055,B,Large,487,8.52,80,52,1,260,Medium,Cloudy,0,0,0
S047,B,Standard,93,1.55,100,19,1,980,Low,Clear,0,0,1
S012,C,Standard,321,5.28,80,22,0,935,Medium,Cloudy,0,0,0
S062,C,Standard,951,16.17,100,66,1,931,Medium,Clear,0,0,0
S080,C,Standard,63,1.32,60,11,0,311,Medium,Clear,1,1,0
S088,C,Standard,420,7.59,60,74,1,567,High,Clear,0,0,0
S083,C,Standard,161,2.55,50,95,1,847,Low,Clear,0,0,1
S008,D,Large,428,7.79,10,89,0,1136,High,Clear,0,0,0
S095,C,EV,363,6.24,100,51,1,589,High,Clear,1,0,0
S021,C,Compact,464,8.24,40,67,0,466,Medium,Clear,0,0,0
S081,C,Standard,789,13.45,50,19,1,102,High,Clear,0,0,0
S087,C,Standard,534,8.71,20,72,0,87,Medium,Rain,0,0,0
S080,B,EV,218,3.38,10,80,1,357,High,Clear,1,0,1
S070,C,EV,937,15.08,60,70,1,895,Medium,Rain,1,1,0
S072,D,EV,852,13.6,60,10,0,947,Low,Clear,1,1,0
S025,D,Large,295,4.73,30,35,1,102,Medium,Clear,1,0,1
S082,D,Standard,315,5.63,30,14,1,655,Low,Cloudy,1,0,1
S089,A,Large,898,14.82,40,44,0,501,Low,Cloudy,0,1,0
S012,B,Standard,292,4.66,60,22,1,510,Medium,Clear,0,0,1
S015,C,Standard,719,12.19,10,36,1,824,High,Clear,0,1,0
S059,A,Compact,349,5.56,60,21,1,444,Medium,Cloudy,0,0,1
S026,C,Standard,1000,17.22,100,59,0,1110,Medium,Clear,0,0,0
S026,A,Standard,376,6.19,60,68,0,1081,Low,Cloudy,0,0,0
S047,A,Standard,579,9.93,20,40,1,696,Medium,Rain,1,0,0
S032,D,Standard,644,10.67,40,78,1,312,Medium,Clear,0,0,0
S010,D,Large,896,14.94,20,46,1,681,Low,Clear,0,0,0
S016,A,Standard,792,13.54,80,11,0,579,Low,Clear,0,0,0
S071,D,Standard,391,6.59,100,80,1,350,Medium,Clear,1,0,0
S017,A,Standard,814,14.01,30,74,1,534,Medium,Cloudy,0,0,0
S023,B,Standard,728,11.9,100,12,0,141,Medium,Cloudy,0,0,0
S026,D,Standard,603,9.66,20,29,0,364,High,Clear,0,0,0
S085,D,Compact,298,4.44,30,11,1,994,High,Clear,1,0,1
S086,D,Standard,809,13.86,80,51,1,287,Medium,Clear,0,1,0
S007,B,Large,999,16.92,50,52,1,132,Medium,Rain,0,0,0
S014,A,EV,429,7.07,80,30,1,718,Low,Clear,1,0,1
S079,C,Compact,847,14.21,30,54,1,1182,Low,Clear,0,0,0
S007,D,Standard,581,10.0,60,29,0,227,High,Clear,0,0,0
S009,A,Standard,943,15.66,80,52,1,299,Medium,Clear,0,0,0
S048,B,Large,913,14.69,30,59,1,814,Medium,Rain,0,0,0
S072,C,Standard,430,6.64,80,52,1,716,Low,Clear,0,0,0
S059,D,Large,91,1.19,60,33,0,952,High,Cloudy,0,1,0
S087,B,Large,394,6.6,40,91,1,140,Low,Clear,0,0,1
S093,B,EV,648,10.52,60,93,1,388,Low,Cloudy,1,0,0
S082,C,EV,310,5.48,80,69,0,218,Low,Rain,1,0,0
S095,A,Compact,355,5.53,100,41,1,627,Medium,Clear,0,0,0
S094,D,Standard,858,14.09,60,14,1,829,Medium,Clear,0,0,0
S039,D,EV,911,14.64,60,11,1,219,Medium,Clear,1,0,0
S099,A,Standard,289,4.68,40,35,1,411,Low,Clear,1,0,1
S018,A,Standard,728,12.14,10,34,1,293,High,Clear,0,1,0
S059,A,Compact,362,6.36,80,59,0,187,High,Rain,0,0,0
S017,C,Compact,780,13.04,10,95,1,1101,Low,Clear,0,0,0
S014,C,Large,490,8.39,80,48,1,568,High,Cloudy,0,0,0
S031,D,Compact,982,16.67,30,95,1,382,High,Clear,1,0,0
S024,C,Standard,952,15.98,50,84,1,1014,Low,Clear,0,0,0
S099,B,EV,182,2.76,10,20,1,612,Low,Cloudy,1,0,1
S060,D,Large,768,12.92,30,72,0,475,High,Rain,1,0,0
S045,C,Compact,100,2.11,40,77,0,690,Low,Clear,0,0,0
S098,A,Standard,667,11.02,100,27,0,758,Low,Clear,0,0,0
S003,B,Standard,441,7.52,10,37,0,156,Medium,Cloudy,0,0,0
S037,A,Compact,745,12.58,10,51,1,609,Medium,Cloudy,0,0,0
S043,D,Standard,762,12.59,60,69,1,187,Medium,Rain,0,0,0
S040,A,Standard,572,9.81,100,31,1,664,Medium,Clear,0,0,0
S090,C,Compact,815,13.47,100,49,0,96,Medium,Cloudy,0,1,0
S055,C,Standard,557,9.42,80,71,1,417,Low,Clear,0,0,0
S087,D,Standard,711,11.78,60,12,1,55,Low,Clear,0,0,1
S039,A,Standard,403,6.73,30,80,0,572,Medium,Clear,0,0,0
S015,D,Standard,916,15.55,60,72,1,578,High,Clear,0,0,0
S004,A,Large,444,6.82,100,29,1,115,High,Rain,1,0,0
S093,B,Standard,145,2.6,30,80,1,469,Medium,Clear,0,0,1
S086,C,Standard,155,2.8,20,80,1,983,Low,Clear,1,0,1
S025,D,Compact,704,11.56,80,35,1,547,High,Cloudy,0,0,0
S013,B,EV,727,12.11,20,50,0,380,Low,Cloudy,1,0,0
S082,B,Compact,562,9.07,50,12,1,817,Low,Clear,0,0,1
S033,D,Standard,607,9.88,80,52,1,1050,High,Clear,0,0,0
S016,D,Standard,291,4.93,10,26,1,579,Medium,Clear,0,0,1
S042,B,Large,905,15.87,20,93,1,292,Low,Clear,1,1,0
S066,A,Standard,988,16.67,30,62,1,399,High,Rain,0,0,0
S055,B,Compact,537,8.7,60,61,1,1090,High,Clear,0,0,0
S099,D,Standard,839,14.22,60,42,0,784,Low,Rain,0,0,0
S042,B,Standard,564,9.57,10,89,1,931,High,Cloudy,0,0,0
S034,A,Large,703,11.2,80,69,0,412,Medium,Cloudy,0,0,0
S030,C,Compact,947,15.69,100,96,0,1064,Low,Clear,0,0,0
S013,C,Compact,110,1.79,20,77,1,574,High,Clear,0,1,0
S013,B,Standard,465,7.79,50,65,1,880,Low,Cloudy,0,0,0
S018,A,Standard,343,5.71,100,73,1,831,Low,Clear,0,0,0
S032,C,Compact,786,13.14,50,17,0,469,Low,Cloudy,0,0,0
S096,B,Compact,351,5.57,50,78,0,835,Medium,Clear,0,0,0
S099,B,Standard,219,3.55,50,42,0,182,Low,Cloudy,0,0,0
S039,A,Standard,695,11.5,60,34,0,63,High,Rain,0,0,0
S046,D,Standard,90,1.85,100,80,0,1117,Medium,Cloudy,0,0,0
S029,B,EV,280,4.46,60,16,1,344,Low,Clear,1,0,1
S062,D,Large,458,7.56,60,68,1,1177,Medium,Cloudy,0,0,0
S093,D,EV,787,13.01,80,42,1,494,Medium,Cloudy,1,0,0
S062,C,Standard,700,12.14,100,50,1,1135,Low,Rain,0,0,0
S057,D,EV,671,11.38,30,42,0,461,Low,Clear,1,0,0
S016,A,Standard,346,5.49,50,38,1,679,Medium,Cloudy,0,0,1
S056,C,Standard,504,8.52,100,48,0,370,Low,Clear,0,0,0
S010,C,Large,106,1.46,40,66,1,867,High,Cloudy,0,0,1
S030,C,Standard,991,16.59,60,73,1,954,Low,Rain,1,0,0
S025,B,Standard,684,11.81,50,95,1,85,Medium,Rain,0,0,0
S084,B,Standard,289,4.23,20,75,0,840,Medium,Cloudy,0,0,0
S005,D,Standard,647,10.48,80,18,1,635,Medium,Clear,0,0,0
S065,C,Compact,225,3.8,10,38,0,355,Low,Rain,0,0,0
S094,C,Compact,112,1.75,60,83,0,1057,Low,Clear,0,0,0
S049,A,Large,600,10.06,60,37,0,942,Low,Clear,0,1,0
S003,D,Compact,187,3.09,20,62,1,61,Medium,Rain,1,0,1
S045,A,Compact,503,7.88,10,55,1,132,Low,Clear,0,0,1
S014,D,Standard,802,13.55,30,48,0,1105,Low,Cloudy,0,0,0
S030,D,Standard,498,7.9,100,85,1,1159,Low,Clear,0,1,0
S068,B,EV,275,4.64,60,67,1,1006,High,Clear,1,1,0
S018,B,Standard,492,8.06,10,95,1,762,High,Cloudy,0,0,0
S062,A,Compact,255,4.97,40,63,1,290,Medium,Cloudy,1,1,0
S037,D,Standard,725,12.05,60,15,1,947,Medium,Clear,0,0,0
S025,C,Compact,76,1.37,50,54,1,945,Low,Clear,0,1,0
S048,B,Compact,506,8.6,80,49,1,956,Medium,Clear,0,0,0
S065,C,Standard,744,12.5,20,32,1,805,Medium,Cloudy,0,0,0
S053,A,Standard,759,12.64,10,51,1,1074,Medium,Clear,0,0,0
S079,B,Compact,898,14.67,20,47,0,650,Low,Rain,0,0,0
S073,B,Standard,998,16.6,50,25,0,331,Medium,Clear,0,0,0
S015,D,Standard,156,2.04,30,83,0,700,Low,Rain,0,0,0
S049,A,Compact,493,8.36,80,56,1,648,Low,Cloudy,1,0,0
S088,D,Standard,750,13.38,50,30,0,1028,Low,Clear,0,1,0
S068,B,Large,85,1.47,100,83,1,1192,Low,Clear,1,0,0
S012,A,Standard,646,10.87,30,84,1,1061,Low,Cloudy,0,0,0
S059,B,Standard,204,2.93,20,30,1,949,Low,Rain,0,1,0
S037,A,Compact,218,3.39,30,34,1,1153,Low,Rain,0,0,1
S061,B,Standard,845,14.35,60,70,1,943,Low,Clear,1,0,0
S043,C,Standard,321,4.92,30,63,1,1006,Low,Clear,0,0,1
S070,C,Standard,596,9.71,30,100,1,268,Low,Clear,0,0,0
S039,D,Standard,469,7.99,60,98,0,776,Low,Clear,0,0,0
S056,C,Standard,233,4.13,30,69,1,1058,Medium,Clear,0,1,0
S063,B,Standard,660,10.97,60,51,1,567,High,Clear,0,1,0
S046,B,Standard,286,4.8,60,70,1,861,High,Cloudy,0,0,0
S088,C,Standard,964,16.1,80,41,1,551,Medium,Cloudy,0,0,0
S011,D,Compact,558,8.93,30,62,1,107,Medium,Clear,0,0,1
S062,C,Compact,490,8.14,60,53,0,863,Low,Clear,0,0,0
S077,A,Standard,171,2.92,10,20,1,663,High,Clear,0,0,1
S098,A,Large,466,7.74,30,56,0,475,Medium,Rain,1,0,0
S025,A,Large,584,9.16,100,99,0,932,High,Rain,0,0,0
S071,C,Compact,424,7.53,30,69,1,481,Low,Clear,0,1,0
S052,C,Compact,624,10.07,50,45,1,997,Medium,Clear,0,0,0
S004,C,Standard,375,6.27,50,69,0,984,Low,Clear,0,0,0
S059,A,Large,529,8.91,80,42,1,454,High,Clear,0,0,0
S072,D,Standard,199,3.18,80,51,1,541,Low,Clear,0,0,1
S020,B,Standard,756,12.67,100,22,1,115,Medium,Clear,1,0,0
S093,C,Compact,641,10.45,80,23,1,961,Low,Clear,0,0,0
S063,D,Standard,539,9.63,50,67,1,440,High,Cloudy,0,0,0
S054,B,Standard,876,14.52,100,49,0,132,Low,Clear,0,0,0
S074,B,Compact,202,3.64,30,74,1,1052,High,Clear,0,0,0
S098,B,Compact,66,1.0,100,14,0,530,Medium,Cloudy,1,0,0
S057,D,Compact,600,10.22,100,39,1,826,Medium,Cloudy,0,0,0
S090,D,Large,894,14.68,50,91,1,834,Low,Clear,0,0,0
S041,A,Standard,397,6.2,10,54,1,1186,High,Clear,0,0,0
S003,D,Standard,508,8.15,20,67,0,701,Medium,Rain,0,0,0
S006,D,Compact,251,3.93,50,48,0,572,Low,Clear,0,0,0
S005,D,Standard,472,7.9,60,21,1,254,Medium,Clear,0,0,1
S005,B,Compact,329,6.35,50,43,1,791,Low,Clear,1,0,1
S054,C,Standard,471,8.67,10,23,1,368,Low,Cloudy,0,0,1
S047,A,Standard,649,10.72,60,47,0,327,Medium,Clear,0,0,0
S087,C,Standard,514,8.85,60,25,1,951,Medium,Cloudy,0,0,0
S049,C,Compact,861,13.97,60,70,0,197,Medium,Clear,1,0,0
S009,D,Standard,853,13.59,100,68,0,827,Medium,Clear,0,0,0
S099,A,Standard,404,6.74,60,84,1,1156,Medium,Cloudy,0,0,0
S020,C,Standard,631,10.68,40,88,1,468,High,Cloudy,0,0,0
S061,C,Standard,427,7.35,40,83,0,587,Low,Clear,1,0,0
S035,A,Standard,173,3.21,60,76,0,441,Medium,Clear,0,0,0
S050,D,Standard,129,2.05,60,20,1,989,High,Clear,0,0,1
S082,C,Standard,606,10.12,60,20,0,291,Medium,Clear,0,0,0
S062,B,Standard,282,4.95,10,25,1,1048,Medium,Clear,1,0,1
S017,C,Standard,529,9.17,50,47,1,1190,Medium,Cloudy,1,0,0
S088,B,Compact,203,3.11,20,39,0,292,High,Cloudy,0,0,0
S003,D,Large,956,16.0,80,50,0,1025,Medium,Clear,1,0,0
S032,C,Standard,741,12.54,60,10,1,733,Low,Clear,0,0,0
S099,A,Standard,458,7.68,80,47,1,637,Medium,Clear,0,1,0
S013,A,Standard,80,1.15,50,69,1,666,Low,Cloudy,0,0,1
S089,C,Compact,646,10.77,10,28,1,75,Low,Cloudy,1,0,1
S073,D,Standard,606,10.26,80,68,1,912,Medium,Clear,0,0,0
S068,D,Standard,552,8.97,10,77,1,128,Low,Cloudy,0,0,1
S014,A,Compact,420,6.64,60,19,1,1061,Medium,Rain,0,0,0
S098,C,Standard,372,6.82,80,26,0,177,Medium,Rain,0,0,0
S011,D,Compact,381,6.41,30,89,1,462,High,Rain,0,1,0
S056,A,Standard,292,5.15,100,94,1,186,Low,Cloudy,0,0,1
S067,B,Compact,601,10.08,10,81,1,597,Low,Clear,0,0,0
S092,C,Standard,479,8.3,30,38,1,437,Medium,Clear,0,0,1
S029,B,Large,231,3.87,80,15,1,620,Low,Cloudy,1,0,1
S009,B,Compact,858,14.48,80,75,1,1065,Low,Clear,0,0,0
S067,D,Standard,522,8.37,10,72,0,470,High,Clear,0,0,0
S025,D,Standard,425,6.55,30,40,0,1197,Low,Clear,0,1,0
S098,D,Standard,130,2.02,30,34,1,1161,Medium,Cloudy,0,0,1
S076,C,Large,599,9.56,60,96,0,190,Low,Clear,0,0,0
S042,B,Large,917,14.65,60,30,0,100,Low,Clear,0,0,0
S009,C,Standard,469,7.91,100,25,1,1036,Low,Cloudy,1,0,0
S079,D,Large,516,8.07,80,13,1,978,Medium,Rain,0,0,0
S040,B,Standard,477,8.23,50,55,1,711,High,Clear,0,0,0
S025,C,Standard,106,2.2,100,17,0,415,Medium,Cloudy,1,0,0
S005,C,EV,371,5.75,100,15,0,957,Medium,Clear,1,0,0
S011,A,Large,591,9.94,100,62,0,1047,Medium,Clear,0,0,0
S059,C,Standard,544,9.62,30,73,1,903,Low,Clear,0,0,0
S098,D,Large,315,5.11,40,100,0,307,Medium,Cloudy,0,0,0
S088,C,EV,276,4.78,10,60,1,94,Medium,Rain,1,0,1
S079,B,Large,878,15.35,60,72,0,318,Medium,Cloudy,0,0,0
S038,C,Large,853,13.71,20,97,1,721,Low,Clear,0,0,0
S072,A,Large,103,1.41,80,15,1,1068,High,Cloudy,0,0,1
S005,B,Standard,658,11.14,10,71,0,906,Medium,Clear,0,0,0
S048,B,Large,53,1.54,50,42,1,194,Low,Clear,0,0,1
S090,A,Standard,488,7.92,50,11,1,284,Medium,Cloudy,0,0,1
S018,D,Large,359,6.71,30,50,1,740,Low,Cloudy,0,0,1
S070,B,Standard,928,15.51,50,25,1,769,Low,Rain,0,0,0
S037,D,Compact,652,10.28,60,68,1,402,Medium,Cloudy,0,0,0
S060,B,Standard,138,2.78,50,18,1,1043,Low,Rain,0,0,1
S048,B,Standard,369,6.01,10,78,1,324,Low,Clear,0,1,0
S077,D,Standard,424,7.2,80,19,1,959,Low,Clear,0,0,0
S028,B,EV,653,10.39,40,16,0,489,Low,Cloudy,1,0,0
S069,D,EV,550,8.94,40,75,1,1136,Low,Clear,1,0,0
S077,A,Standard,711,11.4,80,29,1,921,Low,Clear,0,0,0
S081,D,EV,283,4.24,80,72,1,700,Low,Cloudy,1,0,1
S040,A,Large,970,16.2,30,13,1,992,High,Cloudy,0,0,0
S045,B,Compact,386,6.6,80,37,1,83,High,Clear,0,0,1
S096,D,Standard,620,10.17,50,81,1,754,High,Clear,0,0,0
S062,B,EV,234,3.47,50,44,1,916,Low,Cloudy,1,0,1
S093,D,Compact,487,7.73,40,11,1,1034,Medium,Cloudy,0,0,0
S058,A,Large,605,10.19,80,50,1,881,Medium,Rain,0,0,0
S067,A,Large,229,3.85,30,37,0,1160,Low,Cloudy,0,0,0
S056,D,Large,125,2.2,50,84,0,511,High,Clear,0,0,0
S040,A,Compact,705,12.22,30,82,1,130,High,Clear,0,1,0
S098,B,Standard,662,11.21,60,10,1,371,Medium,Clear,1,0,0
S040,B,Standard,942,15.82,10,36,0,464,Low,Clear,1,0,0
S091,C,Standard,321,6.06,60,76,0,1041,Medium,Clear,0,0,0
S077,A,Standard,104,1.65,50,48,1,239,Low,Clear,0,0,1
S033,B,Compact,750,13.22,50,82,1,441,Low,Clear,0,0,0
S006,D,Compact,912,15.63,50,49,1,217,Medium,Clear,0,0,0
S088,A,Large,896,14.84,40,37,1,713,Low,Clear,0,0,0
S019,B,Standard,126,2.34,40,94,1,430,Low,Clear,0,0,1
S080,A,Standard,345,5.69,50,33,0,947,Low,Clear,1,0,0
S040,D,Standard,268,4.04,50,91,1,913,Medium,Clear,0,0,0
S092,B,Standard,326,5.43,10,60,1,111,High,Clear,0,0,1
S097,C,Standard,627,10.01,10,65,1,577,Medium,Cloudy,0,0,0
S059,C,Compact,697,11.69,30,82,1,911,Low,Cloudy,0,0,0
S059,A,Standard,795,13.49,80,35,0,199,Medium,Rain,0,0,0
S048,D,Compact,760,12.6,30,97,1,165,Medium,Clear,0,0,0
S041,B,Standard,315,5.32,40,61,0,873,High,Cloudy,0,0,0
S013,D,Large,949,15.88,20,15,1,114,Medium,Cloudy,0,0,0
S045,B,Large,92,1.79,10,68,1,359,Low,Clear,0,0,1
S089,A,EV,410,6.86,30,21,1,755,Low,Rain,1,0,1
S053,B,Large,277,4.52,80,72,1,903,High,Cloudy,1,0,0
S042,D,EV,276,4.84,80,45,0,1073,Low,Clear,1,1,0
S100,D,Large,112,1.91,10,18,1,355,Medium,Cloudy,0,0,1
S063,A,Compact,220,3.03,10,83,1,922,Low,Rain,1,0,1
S027,D,Standard,811,13.41,60,76,0,218,Medium,Rain,0,0,0
S038,B,Standard,899,14.83,100,38,1,1080,Low,Rain,0,0,0
S060,A,Standard,811,13.56,20,80,1,637,Low,Clear,0,0,0
S007,B,Compact,356,5.95,10,99,0,811,Medium,Clear,0,0,0
S005,D,Standard,799,12.73,60,17,1,396,Medium,Clear,1,0,0
S045,A,Large,617,9.84,80,52,1,1004,Low,Clear,0,0,0
S058,B,EV,732,11.91,20,86,1,784,Medium,Clear,1,0,0
S031,D,Standard,969,16.17,80,44,1,459,Low,Cloudy,0,1,0
S023,D,Standard,83,1.71,60,92,0,592,Medium,Cloudy,0,0,0
S042,C,EV,876,14.12,80,31,0,404,Medium,Cloudy,1,0,0
S010,D,Standard,691,11.32,60,89,1,762,Medium,Clear,1,0,0
S032,B,Large,179,2.97,100,88,1,633,Medium,Clear,0,0,0
S053,A,Standard,443,7.1,20,75,1,560,High,Cloudy,0,0,0
S030,C,Compact,200,3.36,10,30,0,582,Low,Clear,0,0,0
S039,D,Standard,704,11.93,10,80,1,577,Low,Cloudy,0,0,0
S031,D,Large,679,11.09,30,50,0,996,Medium,Clear,1,0,0
S082,D,Compact,765,12.85,10,50,0,873,Medium,Clear,1,0,0
S100,B,Standard,433,7.18,80,58,1,127,Medium,Clear,0,0,1
S002,C,Standard,796,12.92,100,13,1,489,Medium,Clear,0,1,0
S078,B,Standard,66,1.06,10,74,0,598,Medium,Cloudy,0,0,0
S077,C,EV,643,10.85,10,19,0,449,High,Clear,1,0,0
S093,A,Large,63,1.47,30,76,1,750,Medium,Rain,0,0,1
S012,B,Standard,130,2.66,100,19,1,175,Low,Cloudy,0,0,1
S039,B,Standard,256,4.1,100,82,1,883,High,Cloudy,0,0,0
S066,A,Standard,253,4.03,20,26,0,593,High,Clear,0,0,0
S096,C,Compact,428,7.15,30,76,1,551,Low,Clear,0,0,1
S013,D,Large,833,13.72,80,100,1,873,Low,Clear,0,0,0
S046,A,Standard,593,10.25,100,62,1,436,Medium,Rain,1,0,0
S027,D,Compact,72,1.23,80,44,0,461,Low,Clear,1,0,0
S017,D,Compact,663,11.07,10,13,1,1167,Medium,Clear,0,0,0
S095,A,EV,211,3.71,50,77,1,377,High,Clear,1,0,1
S098,C,EV,659,11.03,10,20,0,149,Low,Cloudy,1,0,0
S060,D,Large,193,3.31,30,53,1,510,Low,Cloudy,0,0,1
S064,A,Compact,979,16.4,60,69,1,74,Medium,Clear,0,0,0
S088,B,Standard,153,2.51,60,79,1,543,Low,Cloudy,0,0,1
S035,B,Large,431,6.91,100,71,0,402,High,Rain,1,0,0
S070,B,Standard,504,8.93,30,41,0,918,Low,Clear,0,0,0
S083,A,Standard,466,7.49,40,55,0,1190,Medium,Clear,1,0,0
S030,B,Standard,373,6.71,80,32,1,248,Low,Clear,0,0,1
S071,D,Large,220,3.77,60,46,0,896,Medium,Rain,0,0,0
S074,B,Standard,625,10.24,50,99,1,1152,Medium,Cloudy,0,0,0
S096,B,Standard,805,13.58,30,84,1,575,High,Clear,1,0,0
S098,D,Standard,632,10.77,60,67,1,590,Medium,Clear,0,0,0
S063,B,Standard,323,5.9,60,94,0,526,High,Rain,0,0,0
S028,D,Standard,501,7.96,20,52,1,59,Medium,Cloudy,1,1,0
S060,B,Large,930,15.46,10,97,1,573,High,Clear,0,0,0
S079,D,Large,174,3.31,60,24,0,859,Low,Clear,0,0,0
S094,B,Standard,432,7.42,100,76,1,821,Medium,Rain,0,1,0
S037,D,Large,366,6.25,60,11,1,909,Low,Cloudy,0,0,1
S093,A,Large,892,15.31,20,80,1,1079,Low,Clear,1,0,0
S022,D,Standard,156,2.55,80,14,1,1108,Medium,Cloudy,0,0,1
S068,B,Compact,709,11.1,30,62,0,224,Medium,Clear,0,0,0
S020,B,EV,956,15.82,30,54,1,491,Medium,Cloudy,1,0,0
S096,C,Standard,512,9.14,20,50,1,1086,Low,Clear,1,0,0
S100,D,Standard,479,8.07,20,72,0,295,Low,Clear,1,0,0
S068,A,EV,753,12.3,40,81,1,724,Low,Clear,1,0,0
S091,D,Compact,386,6.83,10,41,0,163,High,Clear,0,0,0
S064,D,Standard,787,13.37,20,11,1,1061,Low,Clear,1,0,0
S017,A,Compact,803,13.43,10,19,1,843,Low,Clear,0,0,0
S012,D,Standard,545,9.26,60,52,1,282,Medium,Clear,1,0,0
S022,A,Large,411,6.54,50,52,0,1029,Low,Cloudy,0,1,0
S017,A,Standard,845,13.97,30,76,1,175,Low,Cloudy,0,0,0
S010,D,Standard,481,8.0,20,32,0,560,Medium,Clear,0,0,0
S065,D,Compact,724,12.4,100,91,1,330,Medium,Cloudy,0,0,0
S022,B,Standard,569,9.32,50,69,1,847,High,Cloudy,0,0,0
S090,B,Standard,908,15.13,30,90,1,1027,High,Clear,0,0,0
S082,C,Compact,455,8.02,40,15,0,952,High,Clear,0,0,0
S050,C,Large,426,7.86,30,22,1,700,Low,Cloudy,0,0,1
S014,D,Standard,201,3.09,20,30,1,441,Low,Clear,0,0,1
S064,A,Compact,371,6.23,100,67,1,431,Low,Cloudy,1,0,1
S047,C,Standard,656,10.48,50,94,1,265,Medium,Cloudy,1,1,0
S029,D,Standard,263,4.38,50,37,1,591,Medium,Clear,0,0,1
S076,C,Standard,625,10.33,100,79,1,655,Medium,Cloudy,0,0,0
S036,A,Standard,114,2.28,50,17,1,165,Low,Clear,1,0,1
S099,D,Large,942,15.35,30,86,0,558,Low,Clear,0,1,0
S052,A,Standard,319,4.92,100,67,1,320,Medium,Cloudy,0,0,0
S076,D,Compact,586,10.22,10,49,0,1112,Low,Cloudy,0,1,0
S007,C,Standard,149,2.29,80,95,1,1097,Medium,Clear,1,0,0
S029,B,EV,154,2.63,10,10,1,825,High,Clear,1,0,1
S011,C,Compact,180,3.09,30,86,1,1116,Low,Cloudy,0,0,1
S033,C,Compact,438,7.06,20,74,0,389,Medium,Rain,0,0,0
S006,B,Standard,370,5.93,30,19,1,218,Medium,Rain,0,0,1
S079,B,Standard,487,8.45,10,69,0,711,Low,Clear,0,0,0
S032,D,Standard,68,1.34,30,78,1,192,Low,Clear,0,0,1
S051,D,EV,274,4.56,50,29,0,1174,Low,Rain,1,0,0
S075,A,Standard,667,11.08,100,71,1,624,Medium,Clear,0,0,0
S058,A,Compact,615,10.34,100,22,0,524,Low,Clear,0,0,0
S087,C,Compact,509,8.6,20,67,0,360,High,Clear,0,1,0
S026,B,Standard,443,7.76,80,46,0,1133,High,Clear,0,0,0
S098,A,Compact,275,4.58,20,19,1,1102,Low,Clear,0,0,1
S046,C,Compact,961,16.15,40,12,1,580,Low,Clear,0,0,0
S098,B,Compact,409,7.03,80,43,1,1040,Medium,Rain,0,0,0
S029,D,Standard,479,8.2,30,43,0,122,High,Cloudy,1,0,0
S004,C,Standard,974,16.67,60,39,1,918,Low,Clear,0,0,0
S081,D,Standard,64,1.06,60,46,1,443,Medium,Clear,0,0,1
S099,A,Large,609,9.98,80,77,1,530,High,Cloudy,0,0,0
S013,A,Compact,700,11.56,80,43,1,522,Low,Rain,0,0,0
S039,B,Standard,595,10.11,80,41,0,362,Low,Clear,1,0,0
S015,C,EV,981,16.32,60,94,1,1001,High,Cloudy,1,0,0
S029,D,Standard,463,8.4,50,67,1,373,Low,Clear,0,0,1
S029,B,Large,404,6.74,100,33,0,1062,Low,Cloudy,0,0,0
S075,A,EV,506,8.15,100,18,1,1014,Medium,Clear,1,0,0
S032,A,Large,771,12.95,60,50,1,136,Low,Clear,0,0,0
S002,C,Large,580,10.13,30,33,0,408,High,Cloudy,0,0,0
S047,D,Standard,245,3.84,100,34,1,744,Low,Cloudy,0,0,1
S078,C,Standard,887,14.53,40,45,1,246,High,Clear,0,0,0
S084,D,Compact,164,2.68,40,17,1,805,Low,Clear,1,0,1
S022,D,Standard,466,7.57,100,98,1,1026,Low,Clear,0,0,0
S075,C,Standard,401,6.28,30,68,1,1191,Medium,Cloudy,0,0,0
S027,B,Large,124,1.6,60,44,1,547,High,Clear,1,1,0
S067,C,Standard,711,11.92,30,47,1,957,Low,Rain,1,0,0
S081,C,EV,85,1.63,80,92,0,980,Medium,Clear,1,0,0
S056,A,Large,291,4.64,100,41,1,511,Low,Clear,0,0,1
S092,A,Large,712,11.85,100,60,1,1019,High,Clear,1,0,0
S093,C,Large,112,1.92,80,37,1,283,High,Clear,1,0,1
S021,C,Large,715,11.59,30,65,1,466,Medium,Clear,1,0,0
S047,A,Large,558,9.56,80,17,1,202,Medium,Clear,0,0,1
S080,D,Compact,237,4.01,10,50,0,321,Low,Clear,0,0,0
S059,C,Standard,784,13.22,40,32,0,441,Low,Cloudy,0,0,0
S084,B,Large,142,2.57,20,63,0,596,Low,Clear,0,0,0
S006,B,Large,54,1.63,60,32,1,774,Low,Clear,0,0,1
S019,B,Standard,487,7.81,60,41,1,238,Medium,Clear,0,0,1
S057,C,Standard,215,3.32,10,19,1,861,Medium,Cloudy,0,0,1
S069,D,Compact,495,8.75,50,90,1,444,Low,Clear,0,0,0
S003,D,Standard,74,1.43,20,44,1,711,High,Clear,0,0,1
S001,A,EV,557,9.3,20,72,1,902,High,Clear,1,0,0
S058,C,EV,147,2.31,20,76,1,643,Medium,Clear,1,0,1
S038,D,Standard,317,5.21,80,45,1,239,Medium,Cloudy,0,0,1
S015,C,Compact,711,11.79,40,58,1,283,Low,Cloudy,0,0,0
S034,A,Standard,442,6.92,50,55,1,281,Low,Rain,0,1,0
S061,A,Compact,813,13.84,10,36,1,407,Low,Clear,0,0,1
S035,A,Standard,645,10.15,80,40,1,527,High,Clear,0,0,0
S064,B,Compact,334,5.31,50,43,0,286,Medium,Clear,1,0,0
S025,C,Standard,733,12.09,60,85,0,1106,Medium,Clear,0,0,0
S024,A,Standard,782,13.68,10,68,1,262,Low,Cloudy,0,1,0
S012,C,Standard,158,2.6,80,63,1,428,Medium,Rain,0,0,1
S018,B,Standard,76,1.36,40,98,0,1075,Low,Clear,0,0,0
S015,B,Compact,807,13.19,60,75,0,958,High,Clear,0,0,0
S080,A,Standard,104,1.99,50,39,0,499,Low,Clear,0,0,0
S027,A,Standard,182,3.92,20,82,1,618,Medium,Rain,1,0,1
S072,D,Large,101,1.83,100,32,0,862,Low,Cloudy,1,0,0
S060,C,Large,542,8.93,50,18,0,328,Medium,Rain,0,0,0
S046,A,Large,814,12.96,60,93,0,263,Medium,Cloudy,0,1,0
S089,D,EV,830,14.04,80,64,0,767,Medium,Cloudy,1,0,0
S017,C,Standard,347,5.49,80,10,1,1019,Low,Clear,0,0,1
S093,A,Standard,448,7.24,40,65,0,1084,Medium,Rain,0,1,0
S053,D,Compact,640,10.95,40,48,1,920,Medium,Cloudy,0,0,0
S008,D,Large,67,1.0,40,96,1,1120,High,Clear,0,0,0
S079,C,EV,867,14.42,10,27,1,487,Low,Clear,1,0,0
S027,D,Standard,819,13.87,100,51,0,720,High,Clear,0,0,0
S046,C,Standard,904,14.85,50,82,0,953,Medium,Clear,0,0,0
S050,C,Standard,668,10.75,20,84,0,1095,Low,Clear,0,0,0
S071,C,Large,958,16.11,80,74,0,941,Medium,Rain,0,0,0
S003,B,Compact,608,10.36,20,84,1,438,Medium,Cloudy,0,0,0
S093,D,Standard,295,4.74,30,42,0,184,Low,Cloudy,0,0,0
S064,C,Standard,552,9.01,40,39,0,581,Medium,Cloudy,0,0,0
S044,A,Compact,138,1.97,60,14,1,269,Medium,Clear,0,0,1
S053,B,Large,252,4.41,20,59,1,382,Medium,Clear,0,1,0
S024,B,Standard,995,17.16,40,74,0,1105,Medium,Clear,0,0,0
S060,D,Large,289,5.1,20,19,0,406,Medium,Rain,0,0,0
S003,C,Compact,539,8.96,50,69,0,450,Low,Clear,0,0,0
S020,D,Large,829,14.03,30,86,1,945,Low,Cloudy,0,0,0
S046,B,Large,62,1.0,40,36,1,1039,Medium,Cloudy,0,0,1
S015,C,Standard,698,11.74,10,81,1,758,Low,Clear,0,0,0
S025,A,Standard,364,5.74,10,37,1,1107,Low,Rain,0,0,1
S094,C,Compact,734,12.2,100,54,1,297,Low,Clear,0,0,0
S078,B,Standard,791,13.51,20,61,0,995,Low,Cloudy,0,0,0
S071,A,Large,247,4.36,80,75,1,91,Medium,Cloudy,0,0,1
S017,C,Compact,292,5.04,50,71,1,850,Medium,Rain,0,0,0
S084,A,Large,556,9.39,60,85,1,172,Medium,Rain,1,0,0
S100,A,Standard,92,1.31,100,100,1,76,Low,Clear,0,0,1
S009,B,Standard,379,6.36,100,86,1,620,Low,Clear,0,0,0
S038,A,Compact,840,14.23,80,69,1,545,Medium,Rain,0,0,0
S048,D,Standard,640,10.59,40,95,0,535,High,Clear,0,0,0
S060,B,Compact,478,7.91,30,49,1,948,High,Clear,1,0,0
S063,D,Large,840,13.86,100,24,0,760,Medium,Cloudy,1,0,0
S086,A,Standard,793,13.13,100,16,1,425,Medium,Cloudy,0,0,0
S002,D,Large,662,10.8,50,48,0,714,Medium,Cloudy,0,0,0
S088,C,Standard,211,3.52,20,60,1,832,Medium,Cloudy,0,0,1
S072,A,Standard,705,11.65,50,16,1,900,Medium,Cloudy,0,1,0
S011,C,EV,670,10.72,30,21,1,1156,Low,Cloudy,1,0,0
S064,D,EV,484,8.85,50,23,1,723,Low,Rain,1,1,0
S077,C,Standard,282,4.39,40,43,1,1176,Medium,Clear,0,1,0
S081,A,EV,160,2.63,100,48,1,411,High,Clear,1,0,1
S072,C,Standard,977,16.3,20,82,0,733,Low,Clear,0,0,0
S021,D,Standard,983,16.22,30,73,1,296,Medium,Rain,0,0,0
S018,D,Standard,281,4.66,100,21,0,584,Medium,Clear,0,1,0
S094,D,EV,799,13.07,20,43,0,363,Low,Cloudy,1,0,0
S064,A,Standard,758,12.85,60,36,0,493,Medium,Clear,1,0,0
S082,D,Compact,322,5.36,100,31,1,918,High,Rain,0,0,0
S095,A,Compact,647,11.0,40,27,1,631,Low,Rain,0,0,1
S038,C,Compact,856,14.71,30,55,0,920,Medium,Cloudy,0,0,0
S032,D,Standard,90,1.42,60,53,1,597,Low,Clear,0,0,1
S011,C,Standard,609,10.38,60,27,1,1181,High,Clear,0,0,0
S045,B,Standard,515,9.04,60,46,1,1097,Medium,Clear,1,0,0
S089,C,Compact,973,16.18,30,16,1,514,Medium,Clear,0,0,0
S033,B,Compact,126,2.31,20,77,0,1095,High,Clear,0,0,0
S041,C,Compact,739,12.18,50,89,1,551,Low,Clear,0,0,0
S008,A,Compact,539,9.34,50,95,0,900,Low,Clear,0,0,0
S011,C,Standard,818,13.48,60,69,1,765,Medium,Cloudy,0,0,0
S086,A,Large,166,2.98,10,57,1,941,Medium,Cloudy,0,0,1
S051,A,Compact,483,8.35,10,60,1,550,Medium,Clear,0,0,1
S088,D,Standard,68,1.0,30,93,0,784,Low,Rain,0,0,0
S041,A,Standard,620,10.13,20,61,0,642,Medium,Clear,0,0,0
S017,B,Large,245,3.87,30,86,0,456,Medium,Clear,0,0,0
S076,D,Large,668,11.46,20,61,1,752,Low,Clear,1,0,0
S046,D,Standard,500,7.98,40,93,0,335,Medium,Rain,0,0,0
S032,C,Compact,474,8.0,10,63,1,196,Low,Clear,0,0,1
S079,A,Standard,443,7.6,30,50,0,843,High,Rain,0,0,0
S080,A,Standard,333,5.6,80,51,1,433,Low,Clear,1,0,1
S054,B,Compact,83,1.77,100,31,0,60,Low,Cloudy,1,0,0
S086,C,Compact,344,5.16,40,48,0,325,Low,Clear,0,0,0
S092,C,Large,300,5.18,50,32,1,935,Low,Cloudy,0,0,1
S020,D,Standard,687,11.4,10,57,1,1013,Medium,Rain,0,0,0
S033,D,Standard,388,6.02,20,42,1,352,High,Rain,0,0,1
S074,D,Standard,667,10.79,60,50,0,253,Medium,Cloudy,0,0,0
S040,B,Standard,489,8.62,100,39,1,394,Low,Clear,0,0,1
S032,B,Standard,229,4.01,50,87,1,875,Low,Cloudy,0,0,1
S097,D,Standard,671,11.42,50,56,0,71,Low,Cloudy,0,0,0
S002,C,Standard,277,4.9,40,66,1,888,Medium,Clear,0,0,1
S097,B,Standard,682,10.96,100,81,1,585,Medium,Cloudy,0,0,0
S033,C,Compact,668,11.21,80,66,0,1169,Medium,Clear,0,0,0
S077,C,Standard,692,11.86,100,71,1,1030,Low,Clear,0,0,0
S030,A,Standard,72,1.08,30,95,1,312,Medium,Cloudy,0,0,1
S033,D,Compact,706,12.18,60,66,0,633,Medium,Clear,0,0,0
S077,A,Standard,376,6.08,100,77,1,1062,Low,Clear,0,0,0
S026,D,Compact,203,3.42,100,81,0,432,High,Clear,0,0,0
S022,D,Standard,668,11.25,100,95,1,966,Low,Cloudy,0,0,0
S066,C,Standard,195,3.48,30,34,1,441,Medium,Cloudy,1,0,1
S038,D,Standard,301,4.93,40,98,0,938,High,Clear,0,0,0
S090,C,Standard,351,6.15,100,49,0,589,Low,Rain,0,0,0
S046,C,Compact,119,2.11,50,26,0,1165,Low,Clear,0,0,0
S015,D,EV,592,9.38,10,89,1,615,Medium,Cloudy,1,0,0
S098,C,Standard,142,2.92,50,57,1,933,Low,Clear,1,0,1
S044,C,Standard,698,11.35,40,48,0,277,Medium,Clear,0,0,0
S049,C,Compact,935,16.16,50,24,0,522,High,Cloudy,0,0,0
S075,B,Standard,212,3.49,60,26,0,421,Medium,Cloudy,0,0,0
S061,C,Large,130,2.06,50,44,0,86,Medium,Cloudy,0,0,0
S067,B,Standard,877,14.74,100,42,1,740,Medium,Cloudy,0,0,0
S006,B,EV,637,10.41,50,27,1,893,High,Clear,1,0,0
S009,C,Standard,112,1.3,50,39,1,1110,Medium,Cloudy,0,0,1
S006,C,Standard,661,10.98,10,96,1,150,High,Clear,1,0,0
S073,B,Large,485,8.2,20,46,1,707,Medium,Cloudy,0,0,1
S095,B,Compact,97,2.08,20,16,1,139,Low,Cloudy,0,0,1
S032,C,Standard,494,7.88,30,83,1,1079,Low,Clear,0,1,0
S041,C,Compact,969,16.32,100,89,1,954,High,Cloudy,0,0,0
S076,D,Compact,123,2.02,20,37,0,144,Low,Rain,0,0,0
S008,B,Standard,875,14.59,20,96,0,681,Medium,Clear,0,1,0
S072,B,Compact,753,12.84,20,27,0,172,Medium,Clear,0,0,0
S050,D,Standard,591,9.7,100,56,1,415,High,Cloudy,1,0,0
S092,B,Large,206,3.48,80,32,1,740,Medium,Clear,0,0,1
S062,A,EV,536,9.26,100,29,1,374,Medium,Cloudy,1,0,0
S084,B,Standard,315,5.56,50,40,1,456,High,Clear,1,0,1
S062,D,Standard,305,4.72,80,23,1,1045,High,Rain,0,0,0
S007,A,Standard,88,1.28,50,32,0,568,Low,Cloudy,0,0,0
S075,C,Standard,104,1.69,60,11,0,945,High,Rain,0,0,0
S084,D,EV,77,1.53,100,38,0,126,Low,Clear,1,0,0
S080,D,Standard,963,15.97,10,59,0,283,Medium,Clear,0,1,0
S004,C,Standard,986,16.46,80,82,1,879,Low,Clear,0,0,0
S006,D,Large,167,3.16,50,68,1,635,Medium,Clear,0,0,1
S058,B,Large,419,6.88,50,42,1,533,High,Rain,0,0,0
S022,C,Standard,258,4.74,20,57,1,320,Medium,Rain,0,0,1
S026,D,Compact,636,10.12,10,53,1,988,Medium,Cloudy,0,0,0
S003,C,Compact,626,10.32,10,21,1,518,Low,Cloudy,0,0,1
S041,C,EV,898,14.56,20,92,1,681,High,Rain,1,0,0
S060,C,Compact,917,15.32,80,51,1,596,Low,Rain,1,0,0
S014,A,Compact,661,11.24,20,93,1,768,Low,Cloudy,0,0,0
S075,D,Standard,607,10.07,10,44,1,1057,Medium,Clear,0,0,0
S082,A,Standard,365,5.94,40,50,1,319,Medium,Clear,0,0,1
S012,D,Compact,442,6.96,20,94,0,654,Medium,Cloudy,0,0,0
S087,B,EV,990,17.0,20,64,1,1014,Low,Cloudy,1,0,0
S012,B,Large,493,8.21,10,22,1,427,Low,Clear,0,0,1
S013,B,EV,717,11.81,100,48,0,226,High,Clear,1,0,0
S025,D,Standard,801,13.82,80,100,1,323,High,Cloudy,0,0,0
S045,C,Large,914,15.13,40,98,0,686,High,Cloudy,0,0,0
S019,C,Large,308,4.86,60,75,0,76,Medium,Cloudy,0,1,0
S055,A,Compact,996,16.39,40,44,0,625,Low,Clear,0,0,0
S100,A,Standard,697,11.36,30,81,1,109,Medium,Cloudy,0,0,0
S045,B,Standard,931,15.2,100,42,1,780,Medium,Cloudy,0,0,0
S008,A,Large,247,3.91,40,98,1,710,Low,Clear,0,0,1
S093,D,Standard,748,13.19,100,94,1,319,Low,Rain,0,1,0
S053,D,EV,677,10.94,20,45,0,1189,Medium,Cloudy,1,0,0
S055,A,Standard,494,7.79,50,22,0,294,Medium,Rain,0,0,0
S032,A,Compact,619,10.4,10,65,0,709,Low,Clear,0,0,0
S051,A,Compact,631,10.49,100,55,1,134,Low,Cloudy,0,0,0
S044,A,Compact,654,11.1,60,82,1,956,High,Cloudy,0,0,0
S082,B,Standard,790,13.0,20,55,0,585,Low,Clear,0,0,0
S070,B,EV,957,15.69,60,53,0,138,Medium,Clear,1,0,0
S018,A,Compact,698,12.14,10,55,0,598,Medium,Clear,0,0,0
S083,D,Standard,666,10.62,60,83,1,903,High,Clear,0,0,0
S022,B,Compact,354,6.01,40,78,0,944,Medium,Clear,0,1,0
S037,D,Standard,388,6.67,10,40,0,556,Low,Cloudy,0,1,0
S096,C,Standard,578,9.88,20,33,1,457,Low,Clear,0,0,1
S056,D,Standard,103,1.63,100,41,1,573,Medium,Cloudy,0,0,1
S059,A,Large,161,2.31,50,76,1,656,Low,Cloudy,0,0,1
S003,C,Standard,733,12.67,20,25,1,1052,Low,Clear,0,0,0
S028,B,Compact,977,16.15,80,66,1,497,Low,Clear,0,0,0
S074,B,Standard,468,8.26,100,93,1,592,Low,Rain,0,0,0
S035,C,Standard,354,6.01,30,33,1,998,Low,Rain,0,1,0
S061,D,EV,487,7.97,10,43,0,399,Low,Clear,1,0,0
S093,B,Compact,705,11.87,20,61,1,901,Low,Cloudy,0,0,0
S054,A,EV,134,2.58,40,57,1,377,High,Rain,1,0,1
S063,C,Standard,573,9.57,40,96,0,1108,High,Rain,0,0,0
S079,A,Standard,301,4.8,100,62,1,672,Low,Clear,0,0,0
S097,C,Large,777,12.41,80,64,0,537,Low,Cloudy,0,0,0
S007,B,Compact,175,2.79,60,47,1,536,High,Cloudy,0,0,1
S076,D,Standard,659,11.23,20,11,1,194,Medium,Clear,0,0,1
S049,C,Standard,953,15.58,60,78,0,805,High,Cloudy,0,1,0
S094,C,Large,454,7.77,30,91,1,195,Low,Clear,0,0,1
S085,A,Standard,353,5.89,10,62,1,1070,Medium,Clear,0,0,0
S031,B,Compact,953,16.11,30,59,1,877,High,Clear,0,0,0
S058,A,Standard,77,1.0,50,38,1,676,Medium,Clear,0,0,1
S061,B,Standard,897,14.52,80,83,0,583,Medium,Clear,1,0,0
S024,A,EV,315,5.11,60,64,1,679,Medium,Rain,1,0,0
S020,C,Standard,101,2.24,20,70,1,930,High,Clear,0,0,1
S037,A,Standard,704,11.51,60,59,0,1168,High,Clear,0,0,0
S004,D,Large,693,11.51,30,25,1,464,Low,Clear,0,0,1
S092,B,Standard,907,15.76,100,96,1,306,Low,Clear,0,1,0
S020,B,Standard,560,9.46,80,79,1,136,Low,Cloudy,0,0,0
S060,C,Compact,256,4.52,50,53,0,954,High,Cloudy,0,0,0
S024,B,Standard,623,10.19,30,93,1,619,Low,Rain,1,1,0
S050,D,Standard,924,15.75,50,25,1,791,Low,Cloudy,0,1,0
S049,A,Standard,560,9.73,80,37,1,157,High,Clear,0,0,0
S051,C,Compact,693,11.7,40,66,0,1092,Medium,Clear,0,0,0
S096,D,Compact,602,10.01,40,35,1,209,High,Cloudy,0,1,0
S036,B,Compact,250,4.33,20,95,1,149,Medium,Clear,0,0,1
S098,B,Standard,660,10.51,100,20,0,314,Low,Cloudy,1,0,0
S100,D,Compact,872,14.86,30,10,1,799,Low,Clear,0,0,0
S066,A,EV,333,5.3,40,78,1,1122,Medium,Clear,1,0,0
S079,A,Standard,406,6.68,60,52,0,726,Low,Clear,0,0,0
S034,C,Compact,96,2.0,80,55,0,848,Medium,Clear,0,0,0
S036,B,Compact,186,3.43,10,45,1,1132,Medium,Clear,0,0,1
S006,D,Large,179,2.5,80,75,1,232,Low,Clear,0,0,1
S039,A,EV,244,3.78,60,66,0,708,Medium,Cloudy,1,0,0
S042,C,Standard,678,11.49,40,15,0,657,High,Clear,1,0,0
S058,B,Standard,413,6.36,40,71,1,692,High,Clear,0,0,0
S012,B,Standard,481,8.44,30,36,1,396,Medium,Clear,1,1,0
S003,C,Standard,118,2.0,50,35,0,861,Low,Clear,0,0,0
S018,C,Standard,507,8.87,10,22,1,850,High,Rain,0,1,0
S040,A,Large,589,9.59,10,85,0,1103,Medium,Cloudy,0,0,0
S021,D,Standard,384,6.2,50,27,1,195,High,Cloudy,0,1,0
S015,B,Standard,575,9.89,30,47,1,552,Medium,Cloudy,0,0,0
S097,D,Compact,607,10.03,40,15,1,848,Low,Rain,0,1,0
S099,B,Standard,958,15.59,50,37,0,1017,High,Cloudy,0,0,0
S026,B,EV,65,1.25,80,98,1,520,Medium,Clear,1,0,1
S008,D,Large,985,15.94,80,14,1,739,Low,Cloudy,0,0,0
S100,C,Standard,505,8.85,80,68,1,50,Medium,Clear,1,1,0
S094,A,Standard,559,9.37,10,88,1,159,Low,Cloudy,0,0,1
S087,B,Standard,258,4.03,10,82,0,943,Medium,Cloudy,1,1,0
S042,C,Compact,207,3.79,80,54,1,1137,Medium,Clear,1,0,0
S044,B,Standard,386,6.78,80,62,1,805,Low,Cloudy,0,0,0
S014,A,Compact,788,13.13,80,11,1,102,High,Clear,0,0,0
S078,B,Large,290,5.52,40,58,1,311,Medium,Rain,0,0,1
S002,A,Standard,107,2.46,40,82,1,935,Low,Clear,0,0,1
S037,A,Large,865,14.51,20,99,0,283,Low,Rain,0,0,0
S069,B,Standard,354,6.22,60,96,1,122,High,Cloudy,0,0,0
S038,B,EV,394,6.96,50,72,1,1000,Low,Clear,1,0,0
S041,A,Standard,691,11.18,40,79,1,533,High,Clear,1,0,0
S062,C,Compact,778,13.05,20,67,1,1079,Low,Clear,0,0,0
S060,D,Standard,63,1.0,30,13,1,926,Low,Cloudy,1,0,1
S014,A,Large,408,6.55,80,39,0,908,Medium,Clear,0,1,0
S089,B,Standard,426,7.14,10,66,0,186,Medium,Clear,0,0,0
S084,B,Standard,292,4.93,50,56,0,828,Low,Clear,0,0,0
S002,C,Compact,194,2.75,60,27,1,677,High,Clear,0,0,1
S070,D,Standard,940,15.77,30,100,0,604,Low,Clear,0,0,0
S017,A,Compact,464,7.66,50,53,0,792,High,Cloudy,0,0,0
S089,A,Large,443,7.8,50,61,1,619,Medium,Rain,0,1,0
S028,D,Standard,887,15.13,40,58,1,459,Low,Rain,1,0,0
S066,A,Standard,664,10.81,20,39,1,1109,Medium,Rain,0,0,0
S035,D,Standard,778,13.36,50,61,1,279,High,Cloudy,0,0,0
S005,B,Compact,407,6.94,60,46,1,311,Medium,Clear,0,0,1
S065,D,Standard,982,16.3,30,72,0,941,Medium,Clear,0,0,0
S040,A,Standard,625,10.26,60,21,1,497,Low,Clear,0,0,1
S076,D,Standard,207,3.11,50,26,1,235,Medium,Clear,1,0,1
S056,C,Standard,723,11.68,100,43,1,401,High,Clear,0,0,0
S036,B,EV,67,1.0,60,37,1,433,Medium,Rain,1,0,1
S045,B,Standard,777,12.96,60,13,1,1109,Medium,Cloudy,0,0,0
S023,D,Compact,880,14.05,80,55,1,375,Low,Rain,0,0,0
S047,A,Large,610,9.91,100,23,0,514,High,Clear,0,0,0
S031,C,Compact,617,10.48,20,22,1,515,Low,Clear,0,1,0
S011,B,Standard,396,7.05,100,67,0,1168,Medium,Cloudy,0,0,0
S010,B,Compact,107,1.44,10,58,1,211,Low,Clear,0,0,1
S067,A,Large,204,3.58,100,59,1,605,Medium,Clear,0,0,1
S014,A,Standard,616,10.17,50,76,1,349,Medium,Cloudy,0,0,0
S080,C,Standard,536,8.78,30,30,1,405,Medium,Clear,1,0,1
S074,D,Standard,902,15.08,80,89,1,613,High,Rain,0,1,0
S093,A,Standard,580,9.47,80,60,0,842,Low,Clear,0,0,0
S010,D,Standard,536,8.91,10,47,0,1072,Low,Rain,0,0,0
S076,C,Compact,200,3.35,60,35,1,635,High,Clear,0,0,1
S094,D,Standard,408,7.15,10,15,1,799,Low,Clear,0,0,1
S001,B,Standard,417,7.36,40,27,1,189,Medium,Clear,0,0,1
S005,D,Compact,669,10.97,40,15,1,284,High,Clear,0,0,0
S020,C,Standard,96,1.52,50,50,0,1076,High,Clear,0,0,0
S008,C,Compact,256,4.51,80,66,0,305,Medium,Rain,0,0,0
S043,C,Standard,924,15.35,30,59,0,420,Medium,Cloudy,0,0,0
S076,D,EV,499,8.53,100,34,1,327,Medium,Clear,1,0,0
S001,B,Standard,532,9.14,40,57,0,565,Low,Clear,0,0,0
S057,A,Compact,996,16.91,60,33,0,953,Low,Clear,0,0,0
S064,B,Large,901,15.04,20,39,1,319,High,Clear,0,0,0
S084,D,Standard,973,15.87,20,96,1,525,Low,Cloudy,0,1,0
S028,D,Standard,689,11.43,100,54,1,977,Medium,Clear,0,0,0
S037,A,Compact,746,12.28,60,52,1,113,Medium,Rain,0,0,0
S047,D,Standard,619,10.55,100,81,1,509,Low,Clear,0,0,0
S076,C,Large,192,3.66,100,65,1,1089,Low,Cloudy,0,0,0
S037,C,EV,449,7.95,10,82,1,613,Medium,Cloudy,1,0,1
S049,C,Standard,146,2.7,60,79,1,1092,Medium,Clear,0,0,0
S044,C,Standard,96,1.32,10,42,0,957,Medium,Clear,0,1,0
S056,C,Standard,240,4.42,10,54,0,142,Low,Clear,0,0,0
S028,D,Standard,189,3.28,20,16,0,822,Low,Clear,0,1,0
S079,A,Large,664,10.82,100,27,1,859,Low,Cloudy,0,0,0
S006,A,Large,280,4.93,100,79,0,1090,Low,Clear,0,0,0
S061,C,Standard,988,16.4,40,54,1,889,Low,Cloudy,0,1,0
S020,D,Standard,389,5.9,60,46,0,537,Medium,Clear,0,0,0
S078,B,Standard,974,15.94,40,30,1,1167,Low,Clear,0,1,0
S002,B,Standard,540,8.98,50,99,1,1083,Low,Rain,0,0,0
S073,D,Large,98,1.6,30,88,1,798,Low,Clear,0,1,0
S037,C,Standard,948,15.48,20,53,1,577,Medium,Clear,0,0,0
S020,A,Large,673,11.44,80,39,0,603,Medium,Clear,1,0,0
S026,D,Compact,502,8.52,10,20,1,564,Low,Cloudy,0,0,1
S029,B,Compact,365,5.65,30,17,0,426,Medium,Clear,0,0,0
S001,B,Standard,371,6.97,10,14,1,533,Medium,Cloudy,0,0,1
S035,B,Compact,136,1.9,30,17,1,501,Low,Clear,0,0,1
S070,C,Compact,943,15.58,30,14,0,836,High,Clear,0,0,0
S059,B,Large,523,8.83,40,19,1,1148,Low,Cloudy,0,0,0
S069,D,Standard,331,5.38,80,24,1,1113,Low,Clear,1,0,0
S033,D,Standard,888,15.24,50,65,1,351,Medium,Clear,0,1,0
S051,B,Compact,813,13.5,50,64,1,1135,Low,Clear,0,0,0
S078,D,Standard,123,1.77,10,12,1,1048,Low,Rain,0,0,1
S012,B,Standard,502,8.55,20,50,1,67,High,Clear,0,0,1
S020,B,EV,96,1.0,50,19,1,447,Medium,Clear,1,0,1
S053,A,Standard,637,10.78,20,16,1,1056,Low,Cloudy,1,0,0
S088,C,Standard,145,2.8,10,72,0,643,High,Rain,0,0,0
S043,C,Standard,987,15.76,20,72,1,238,Low,Cloudy,0,0,0
S098,A,Compact,80,1.21,30,97,1,153,Low,Rain,1,0,1
S089,A,Standard,583,9.22,30,35,0,82,Low,Rain,0,0,0
S050,C,Compact,66,1.1,10,43,0,798,Medium,Clear,0,0,0
S029,B,Standard,261,5.02,20,81,0,423,Low,Clear,0,1,0
S057,B,Standard,709,11.89,100,48,1,1085,Medium,Cloudy,0,0,0
S039,C,Compact,284,4.67,100,69,1,790,Low,Clear,0,0,0
S095,B,Standard,441,6.5,100,78,1,939,Medium,Clear,0,0,0
S056,A,EV,403,6.38,80,35,1,505,Low,Rain,1,0,1
S043,B,Standard,354,5.86,80,71,0,298,Low,Cloudy,0,0,0
S050,B,Standard,648,10.83,20,19,0,497,High,Rain,0,0,0
S023,D,Standard,599,10.09,10,63,1,1067,Medium,Cloudy,0,0,0
S044,D,Standard,614,10.46,80,40,1,1029,Medium,Clear,1,1,0
S038,D,EV,589,9.54,50,47,0,1077,Low,Rain,1,0,0
S084,B,Large,638,10.65,40,34,1,222,Medium,Cloudy,0,0,1
S023,C,Standard,974,16.08,100,86,1,420,Low,Clear,0,0,0
S045,A,Compact,558,9.02,50,74,1,840,Medium,Cloudy,0,0,0
S052,B,Compact,761,12.42,60,59,1,798,Medium,Clear,0,0,0
S080,C,Standard,444,7.56,40,33,1,836,Low,Cloudy,0,0,1
S050,B,Standard,480,7.23,20,36,0,889,Low,Clear,0,0,0
S008,A,EV,734,11.68,40,91,0,449,Medium,Rain,1,0,0
S085,B,EV,835,14.87,80,59,1,1131,Low,Cloudy,1,1,0
S001,A,EV,611,9.98,40,59,1,597,High,Clear,1,1,0
S008,B,Large,906,15.54,20,24,1,457,Low,Clear,0,0,0
S029,A,Compact,226,3.75,30,26,0,690,Medium,Clear,0,0,0
S096,B,Standard,455,7.41,40,38,1,113,Low,Cloudy,0,0,1
S005,A,Standard,350,6.03,80,14,0,623,Low,Clear,0,0,0
S086,D,Standard,494,8.26,80,20,0,469,Low,Rain,0,0,0
S047,B,Compact,788,13.08,100,89,0,195,Low,Rain,0,0,0
S034,B,Large,176,2.92,10,61,1,66,Low,Cloudy,0,1,0
S065,C,Large,398,6.75,50,43,0,147,Medium,Clear,0,0,0
S055,C,EV,70,1.0,20,90,0,501,Low,Rain,1,0,0
S090,A,Large,760,12.52,20,42,1,1024,Low,Cloudy,0,0,0
S043,B,EV,750,12.21,40,58,1,947,Low,Clear,1,0,0
S074,A,Standard,893,14.52,30,40,1,1065,Low,Clear,0,0,0
S030,D,Large,469,8.37,30,27,1,528,Medium,Rain,0,0,1
S082,C,Compact,201,3.08,50,98,1,250,Medium,Clear,0,0,1
S017,A,Standard,209,3.78,50,14,0,228,High,Rain,0,0,0
S026,A,EV,908,15.03,80,39,0,557,Low,Rain,1,0,0
S008,C,Large,529,8.98,30,54,1,502,Low,Clear,0,0,1
S047,B,Standard,492,8.2,60,96,0,319,Low,Rain,0,1,0
S076,A,Standard,145,1.88,30,47,1,535,Low,Clear,1,0,1
S091,C,Compact,401,6.69,30,91,1,627,High,Clear,0,0,0
S072,B,Compact,124,2.25,40,38,1,387,Medium,Clear,0,0,1
S089,D,EV,927,15.16,80,45,1,910,Medium,Clear,1,0,0
S046,C,Standard,643,11.41,10,18,1,806,Low,Clear,0,0,1
S068,A,Standard,689,11.73,50,32,0,806,High,Clear,1,0,0
S033,D,Standard,408,7.05,60,12,1,633,Medium,Clear,0,0,1
S001,B,Standard,182,3.31,60,95,0,1122,Medium,Clear,0,0,0
S019,B,Standard,449,6.78,100,65,1,395,High,Cloudy,0,0,0
S031,C,EV,188,3.34,20,49,1,751,High,Cloudy,1,1,0
S080,C,Standard,295,5.6,30,65,0,342,Low,Cloudy,0,0,0
S014,C,Standard,340,5.89,30,67,1,845,Low,Clear,0,0,1
S053,B,Standard,161,2.6,100,40,0,1071,Low,Clear,0,0,0
S048,D,Standard,764,12.4,10,95,0,126,Medium,Clear,0,0,0
S069,B,Large,219,3.29,80,20,1,1183,Low,Clear,0,0,1
S090,A,Compact,648,10.4,30,51,0,866,High,Cloudy,0,0,0
S062,B,Large,680,11.21,100,12,0,945,Medium,Cloudy,0,0,0
S092,A,Standard,659,10.66,50,66,1,700,High,Clear,0,0,0
S066,D,Standard,289,4.77,60,23,1,596,Medium,Clear,1,0,1
S064,C,Standard,386,6.49,30,55,0,443,Medium,Clear,1,0,0
S070,C,Standard,187,2.6,10,28,1,374,Low,Cloudy,0,0,1
S063,B,Large,643,10.49,100,69,1,200,High,Clear,0,0,0
S073,C,Standard,285,4.58,40,40,0,928,Medium,Cloudy,0,1,0
S033,D,Compact,697,11.43,50,45,0,1105,Medium,Clear,0,0,0
S041,C,Standard,843,14.06,40,41,1,321,Low,Rain,0,0,0
S089,B,Compact,52,1.0,20,72,1,885,High,Clear,0,0,1
S048,D,EV,620,10.21,10,35,1,417,Low,Clear,1,0,1
S013,A,Compact,165,2.55,20,74,0,639,High,Cloudy,0,0,0
S073,B,Compact,521,8.68,100,11,1,637,Medium,Clear,0,0,0
S077,A,EV,180,3.43,20,79,1,621,Medium,Rain,1,0,1
S031,D,Compact,983,15.95,60,54,0,129,High,Cloudy,0,0,0
S075,B,Standard,947,16.12,20,87,0,307,Medium,Cloudy,0,0,0
S068,B,Standard,532,8.38,20,34,1,328,Medium,Cloudy,0,0,1
S098,D,Compact,450,7.61,10,49,1,553,Low,Clear,0,1,0
S004,C,Compact,250,4.48,100,27,1,607,Low,Cloudy,0,1,0
S019,B,Standard,341,5.29,40,21,1,540,Medium,Clear,0,0,1
S070,B,Standard,391,6.62,30,100,1,615,Low,Cloudy,0,0,1
S098,A,EV,659,10.67,20,33,1,570,Low,Cloudy,1,0,1
S082,C,Standard,265,4.77,60,88,0,375,Low,Cloudy,0,0,0
S013,A,Standard,685,10.94,80,52,0,133,Low,Clear,0,0,0
S023,A,Standard,634,10.3,30,41,1,890,Medium,Clear,0,0,0
S083,C,Large,415,6.96,60,90,1,369,Low,Cloudy,0,0,1
S075,C,Standard,939,15.86,100,56,1,353,Medium,Clear,0,0,0
S001,D,Compact,691,11.54,30,54,1,739,Low,Clear,0,0,0
S088,C,Standard,518,8.78,20,44,1,1187,Low,Clear,0,0,0
S054,B,Compact,467,7.62,100,86,0,456,Low,Clear,0,0,0
S071,C,Large,76,1.0,50,18,1,1099,Low,Clear,0,0,1
S089,D,Standard,726,12.54,80,19,1,733,Medium,Rain,0,0,0
S085,D,Standard,504,8.55,30,74,0,282,Low,Clear,0,0,0
S015,D,Standard,967,15.97,100,68,0,1071,Medium,Clear,0,0,0
S065,C,Standard,629,9.99,50,66,1,598,Low,Clear,0,0,0
S076,C,Large,63,1.42,40,98,1,1086,Low,Clear,0,1,0
S071,A,Standard,147,2.83,30,95,0,545,Medium,Cloudy,1,0,0
S015,A,Compact,328,5.4,10,19,0,667,Medium,Clear,0,0,0
S021,B,Standard,989,16.29,60,99,1,897,Low,Clear,0,0,0
S019,A,Standard,539,8.91,80,28,1,1055,Low,Rain,1,0,0
S060,B,Standard,932,15.47,100,59,1,433,Medium,Clear,0,0,0
S093,D,Compact,808,13.7,100,77,1,1066,Medium,Clear,0,0,0
S089,A,Standard,673,10.88,40,14,1,691,Medium,Clear,0,0,0
S033,C,Compact,256,4.09,40,38,0,365,Low,Clear,0,0,0
S049,A,Standard,913,15.16,100,14,1,305,Medium,Cloudy,0,0,0
S096,B,Standard,895,14.99,80,69,0,490,High,Rain,1,0,0
S035,A,Large,282,4.96,50,74,1,1188,Low,Cloudy,0,0,0
S044,D,Large,622,10.46,100,37,0,348,Medium,Cloudy,0,0,0
S090,C,Standard,646,11.29,100,92,1,964,Low,Rain,1,0,0
S011,B,Compact,744,12.1,20,10,0,1197,Medium,Cloudy,0,1,0
S099,C,Standard,288,5.24,60,38,1,305,Low,Clear,0,0,1
S072,C,Large,299,4.7,10,60,0,700,Low,Clear,0,0,0
S078,B,Large,632,10.41,80,45,0,96,Medium,Clear,0,0,0
S074,C,Large,789,13.27,80,41,0,952,Low,Clear,0,0,0
S066,C,Large,646,11.12,10,73,1,512,High,Clear,0,0,0
S046,A,Standard,355,5.8,50,23,1,1196,Low,Cloudy,0,0,1
S009,C,Large,957,16.07,50,41,1,80,Medium,Clear,0,1,0
S003,C,Standard,512,8.44,40,18,1,104,Low,Cloudy,1,0,1
S085,C,Standard,832,13.18,80,92,1,202,Medium,Clear,0,0,0
S026,C,Standard,962,16.02,50,20,1,505,High,Clear,0,0,0
S072,B,EV,851,13.81,20,57,1,335,Low,Clear,1,0,0
S048,D,Large,285,5.13,40,60,1,85,High,Clear,0,0,1
S066,A,Standard,340,6.05,40,13,0,867,Medium,Cloudy,0,0,0
S070,C,Compact,88,1.22,100,50,1,305,Medium,Rain,0,0,1
S028,C,Large,767,12.49,40,34,0,227,Low,Clear,0,0,0
S093,B,Standard,232,3.68,10,26,1,557,Medium,Cloudy,0,0,1
S026,D,Standard,748,12.63,100,56,0,70,Low,Rain,0,0,0
S025,C,Compact,694,11.73,60,17,1,124,High,Clear,0,0,0
S012,B,Standard,79,2.34,60,67,0,768,Medium,Clear,0,0,0
S005,A,Standard,437,7.19,10,10,1,509,Medium,Clear,0,0,1
S098,A,Compact,816,13.63,40,11,1,1110,High,Clear,0,0,0
S048,C,EV,192,3.78,20,19,0,1193,Low,Rain,1,0,0
S037,C,Compact,664,11.15,30,100,0,679,High,Cloudy,1,0,0
S079,D,Large,468,7.47,40,36,1,50,Medium,Clear,0,0,1
S044,D,Standard,123,2.15,50,22,1,985,Low,Cloudy,0,0,1
S100,C,Standard,104,1.94,80,72,1,360,Medium,Rain,0,0,1
S015,B,Compact,797,13.18,100,20,0,811,Medium,Clear,0,0,0
S043,D,Standard,621,10.59,80,23,1,732,Medium,Clear,0,0,0
S048,C,Large,73,1.43,100,89,1,364,Medium,Clear,0,0,1
S087,D,Standard,71,1.05,100,35,0,356,Low,Cloudy,0,0,0
S070,C,Standard,477,8.42,60,78,0,668,Low,Cloudy,0,0,0
S046,A,Standard,81,1.11,80,92,1,1170,High,Rain,0,0,0
S043,C,EV,912,15.33,30,48,1,56,Low,Clear,1,0,0
S021,A,Standard,388,6.29,10,37,0,1085,High,Clear,0,0,0
S023,D,Standard,996,16.09,10,26,1,563,Low,Rain,0,0,0
S080,C,Standard,564,9.51,30,46,0,398,Low,Rain,0,0,0
S047,D,Large,561,9.93,60,92,1,966,Low,Clear,0,0,0
S015,A,Standard,119,1.97,60,36,1,1080,High,Clear,0,0,1
S025,C,Standard,721,11.57,100,85,0,549,Low,Clear,0,0,0
S036,D,Standard,947,15.85,50,76,1,524,Low,Clear,0,0,0
S075,A,Compact,137,2.04,10,77,1,573,High,Cloudy,0,1,0
S051,D,Standard,926,15.75,10,56,1,1130,Medium,Clear,0,0,0
S015,B,Standard,620,10.26,40,84,0,639,High,Cloudy,0,0,0
S068,A,Standard,813,13.02,20,43,0,282,High,Clear,0,0,0
S021,A,Compact,268,4.62,50,27,1,840,High,Clear,0,1,0
S013,A,Compact,762,12.76,40,44,0,1103,Medium,Clear,0,0,0
S086,C,Standard,638,10.54,80,27,1,416,Medium,Clear,0,0,0
S019,C,EV,816,13.29,20,79,0,105,Medium,Rain,1,1,0
S034,C,EV,808,14.0,80,43,1,59,Low,Cloudy,1,0,0
S078,B,Standard,319,5.18,10,42,0,196,Medium,Cloudy,0,1,0
S068,B,Large,868,14.74,100,81,1,413,Low,Clear,0,0,0
S052,A,Compact,700,11.53,20,93,1,302,High,Clear,0,0,0
S027,B,Large,127,2.32,10,93,0,989,Medium,Clear,0,0,0
S029,D,Standard,641,10.7,60,52,1,785,High,Clear,0,1,0
S028,A,Standard,59,1.0,40,91,1,389,Low,Cloudy,1,0,1
S035,A,Standard,517,8.37,100,36,0,673,Medium,Clear,0,0,0
S008,D,Large,385,6.58,10,57,1,754,Medium,Clear,0,0,1
S016,A,Standard,685,11.84,20,78,1,372,High,Clear,0,0,0
S036,B,Standard,235,3.61,40,80,0,910,Low,Clear,0,0,0
S030,C,Standard,595,9.67,20,31,0,144,Low,Rain,0,0,0
S018,D,Standard,170,3.72,20,43,1,602,Medium,Clear,1,0,1
S002,B,Compact,641,10.38,30,52,1,839,Medium,Clear,0,0,0
S049,D,Standard,767,12.62,10,86,1,602,Low,Cloudy,1,0,0
S077,D,Standard,614,10.65,10,97,0,165,High,Clear,0,0,0
S004,A,EV,717,12.37,20,25,1,681,Low,Cloudy,1,0,1
S090,A,Standard,323,4.65,80,23,0,319,Medium,Rain,0,0,0
S089,B,Compact,459,7.88,60,48,1,910,Low,Clear,0,0,0
S094,D,Standard,407,6.72,10,80,0,340,Low,Clear,0,0,0
S075,A,Standard,696,11.56,50,21,1,58,High,Clear,0,0,0
S007,A,Large,990,16.85,60,93,1,679,Medium,Cloudy,0,0,0
S095,D,Large,147,2.35,60,64,1,913,High,Cloudy,0,0,0
S074,B,Standard,290,4.68,60,15,1,524,High,Clear,0,0,1
S039,B,EV,606,10.0,10,49,1,586,High,Clear,1,0,0
S013,D,EV,760,12.56,60,100,1,734,Medium,Cloudy,1,0,0
S031,B,EV,852,14.3,60,22,1,1084,High,Rain,1,0,0
S071,A,Standard,997,17.01,40,78,0,662,Low,Rain,0,0,0
S063,D,Standard,163,2.84,10,33,1,826,Medium,Cloudy,0,0,1
S056,A,Compact,536,8.93,60,83,1,644,Low,Clear,0,0,0
S042,C,Compact,838,14.13,80,68,0,325,Medium,Cloudy,0,0,0
S061,C,Standard,290,5.07,50,55,0,419,High,Clear,0,0,0
S042,B,Large,205,3.59,60,82,0,394,Medium,Clear,0,0,0
S056,C,Standard,401,6.48,20,53,0,417,High,Clear,0,1,0
S036,A,Standard,93,1.68,100,85,1,780,Low,Rain,1,0,1
S084,C,Standard,641,10.05,100,20,1,64,High,Clear,1,1,0
S068,A,Compact,361,6.48,10,70,1,807,Low,Cloudy,0,0,1
S007,B,Standard,187,3.58,100,45,0,737,High,Clear,0,0,0
S054,B,Large,712,12.13,40,81,1,53,High,Cloudy,1,0,0
S001,A,Compact,993,16.92,50,19,1,582,Low,Clear,0,1,0
S044,C,Large,485,8.06,30,87,1,1035,Medium,Rain,1,0,0
S045,B,EV,803,13.16,20,10,0,883,Medium,Cloudy,1,0,0
S047,D,Compact,192,2.82,20,72,1,412,Medium,Clear,0,0,1
S013,B,EV,872,14.84,100,21,1,166,Low,Clear,1,0,0
S022,C,Standard,348,5.57,20,14,1,177,High,Cloudy,0,1,0
S021,D,Standard,611,10.07,100,87,1,127,Medium,Clear,1,0,0
S086,C,Standard,311,5.25,50,45,0,790,Low,Clear,0,0,0
S092,A,Standard,561,9.34,10,26,1,823,Low,Cloudy,0,1,0
S009,D,Large,722,12.11,10,67,1,131,Medium,Cloudy,0,0,0
S026,C,Standard,111,1.31,60,31,1,391,Low,Clear,0,0,1
S009,D,Standard,616,10.2,100,40,1,868,Medium,Clear,0,0,0
S015,C,Compact,472,8.11,100,35,1,627,Medium,Cloudy,0,0,0
S010,D,Compact,445,7.29,60,22,1,145,Low,Rain,0,0,1
S088,C,Standard,933,15.29,10,72,0,626,Medium,Cloudy,0,0,0
S042,A,Large,80,1.62,80,76,0,570,Medium,Clear,0,0,0
S072,D,Standard,379,6.19,100,72,1,1045,High,Cloudy,0,0,0
S024,D,Standard,998,16.69,100,20,1,406,Medium,Clear,0,0,0
S080,D,Compact,851,14.12,60,78,1,235,High,Clear,0,0,0
S049,D,Compact,218,3.63,80,73,1,592,Low,Clear,0,0,1
S026,A,Standard,315,5.71,10,77,0,200,Medium,Cloudy,0,0,0
S091,D,Large,357,6.12,100,41,1,1132,Low,Rain,0,0,0
S037,B,Standard,508,8.1,20,83,1,59,Medium,Rain,0,0,1
S068,A,Standard,234,3.79,30,19,0,906,Medium,Cloudy,0,0,0
S050,B,Standard,383,6.26,20,63,1,1197,High,Clear,0,0,0
S024,D,Compact,564,9.46,80,64,1,405,High,Clear,0,0,0
S019,C,Compact,490,8.44,60,91,1,843,High,Clear,0,0,0
S100,B,Standard,722,12.04,30,71,1,286,Low,Clear,0,0,0
S060,D,Standard,440,7.33,100,64,0,382,Low,Cloudy,0,0,0
S039,B,Large,821,13.01,30,96,1,66,Low,Clear,0,0,0
S074,D,Standard,984,16.8,10,91,1,373,Low,Cloudy,0,1,0
S089,D,Standard,609,10.1,40,44,1,72,Low,Cloudy,0,0,1
S018,D,Compact,303,5.13,50,76,1,980,Medium,Rain,0,0,0
S019,C,Standard,635,10.66,40,74,0,508,High,Clear,0,0,0
S036,B,Large,384,6.17,30,26,1,570,Medium,Cloudy,0,0,1
S074,A,Standard,449,7.41,40,51,0,768,High,Clear,0,0,0
S097,A,Compact,215,3.35,60,68,0,606,High,Clear,0,0,0
S055,A,Standard,309,5.56,30,79,1,452,Low,Clear,0,0,1
S069,A,Large,53,1.0,20,20,1,506,High,Clear,0,0,1
S047,D,Standard,937,15.33,60,87,0,1100,Low,Clear,0,0,0
S049,B,Compact,168,2.7,20,37,1,446,Medium,Cloudy,0,0,1
S099,B,Compact,972,16.65,60,48,1,189,Low,Rain,0,0,0
S098,C,Standard,519,8.86,10,63,0,570,Low,Cloudy,0,0,0
S033,B,Standard,519,8.16,80,20,1,795,Medium,Clear,0,0,0
S021,B,Compact,834,13.87,60,67,0,141,Medium,Rain,0,0,0
S081,B,EV,542,9.25,50,49,1,126,High,Rain,1,0,0
S022,C,Standard,787,13.78,100,13,1,901,High,Cloudy,0,0,0
S048,A,Standard,913,15.11,20,73,1,894,Medium,Clear,0,0,0
S037,B,Large,549,8.79,60,57,1,716,Medium,Clear,0,0,0
S015,C,Standard,119,2.08,50,79,0,1008,Low,Cloudy,0,0,0
S035,C,EV,743,12.37,100,92,1,1038,Medium,Clear,1,0,0
S092,D,Compact,914,15.37,100,40,1,846,Low,Clear,1,0,0
S071,C,Compact,825,13.96,10,11,1,137,Low,Clear,0,0,1
S032,A,Standard,419,7.08,60,52,1,964,Low,Clear,0,1,0
S011,B,Standard,230,3.99,80,98,1,144,Medium,Rain,0,0,1
S010,C,Compact,54,1.39,50,50,1,600,Medium,Rain,1,0,1
S073,A,EV,246,4.01,80,69,0,448,Low,Clear,1,0,0
S078,C,EV,96,1.23,60,84,1,816,Low,Clear,1,0,1
S077,C,Standard,601,10.11,20,55,1,1127,Medium,Clear,0,0,0
S057,C,Standard,683,11.0,100,49,1,292,Medium,Clear,0,1,0
S025,C,Standard,696,11.26,20,68,1,1183,Medium,Clear,0,0,0
S002,C,Large,189,2.9,40,54,0,673,Low,Cloudy,0,0,0
S064,A,Standard,911,14.81,40,51,1,750,Low,Clear,0,0,0
S035,B,Standard,714,12.25,60,30,1,613,Low,Clear,0,0,0
S007,B,Standard,589,9.83,40,12,1,211,Medium,Clear,0,0,1
S085,B,Standard,476,8.15,60,75,1,84,Medium,Clear,0,0,1
S018,B,EV,638,10.79,100,20,0,1015,Medium,Clear,1,0,0
S067,A,Standard,736,12.2,100,33,0,86,Medium,Clear,1,0,0
S042,D,Standard,610,10.45,60,59,1,895,Medium,Clear,0,0,0
S039,D,Standard,903,14.91,80,97,1,878,Medium,Rain,0,0,0
S041,A,Standard,359,5.93,50,30,1,672,Low,Clear,0,0,1
S075,A,Standard,323,5.17,20,34,1,570,Low,Cloudy,0,1,0
S024,C,Standard,588,10.22,100,13,0,154,High,Rain,0,0,0
S060,C,Compact,889,14.78,10,52,1,205,Medium,Cloudy,0,0,0
S046,C,Standard,439,7.5,30,56,1,385,Low,Clear,0,0,1
S019,B,Standard,508,8.29,20,32,1,1099,Medium,Clear,0,0,0
S068,C,Standard,782,13.29,100,69,0,345,Low,Cloudy,0,0,0
S090,D,Large,683,11.62,40,97,0,935,Medium,Cloudy,1,0,0
S042,B,Compact,410,6.35,60,30,1,118,High,Clear,0,0,1
S032,C,Compact,118,1.97,40,75,0,200,Low,Clear,0,0,0
S039,B,Compact,632,10.57,50,96,1,906,Low,Clear,0,0,0
S036,D,Compact,711,11.76,40,60,1,626,Medium,Clear,0,0,0
S097,C,Standard,748,12.88,50,24,1,711,Medium,Cloudy,0,0,0
S036,D,EV,480,7.63,10,67,0,806,Low,Clear,1,0,0
S003,D,Standard,934,15.43,60,35,0,501,Medium,Clear,0,0,0
S073,D,Standard,807,13.2,40,99,1,619,Low,Clear,0,0,0
S008,C,Large,757,12.93,50,68,0,1185,Low,Clear,1,0,0
S097,A,Standard,81,1.04,40,99,1,684,Medium,Clear,0,0,1
S070,C,EV,670,10.62,50,54,0,411,Medium,Cloudy,1,0,0
S041,D,Standard,914,15.36,80,75,1,252,Medium,Rain,0,1,0
S068,C,Large,562,9.32,60,44,1,536,Low,Cloudy,0,0,1
S013,D,Large,231,4.16,60,73,0,53,Medium,Clear,0,0,0
S049,A,EV,735,12.49,20,93,0,1099,Medium,Clear,1,0,0
S060,B,EV,730,12.15,50,86,1,850,Medium,Clear,1,0,0
S002,A,Large,297,4.52,30,36,1,1026,Medium,Rain,0,0,1
S060,A,Compact,669,10.79,10,96,0,76,High,Cloudy,0,0,0
S005,B,Standard,931,14.98,20,89,1,1115,Medium,Clear,0,0,0
S044,C,Standard,346,5.73,10,40,0,1014,Medium,Clear,1,0,0
S027,B,Compact,825,13.55,20,21,0,113,High,Cloudy,0,0,0
S032,C,EV,977,16.23,40,54,1,1098,High,Clear,1,0,0
S021,C,Compact,79,1.37,50,41,1,121,Low,Rain,0,0,1
S008,D,EV,351,6.42,40,63,1,949,Medium,Rain,1,0,0
S072,D,Large,525,8.92,10,75,0,317,Low,Cloudy,1,0,0
S050,B,Standard,922,15.39,60,96,0,144,Low,Clear,0,0,0
S067,A,Standard,997,16.15,100,41,1,444,High,Clear,0,0,0
S044,B,Standard,401,6.69,10,24,0,918,High,Clear,0,0,0
S058,C,Standard,531,9.11,20,64,1,413,Low,Cloudy,1,0,1
S003,D,Compact,366,6.22,10,50,0,166,Low,Clear,0,0,0
S086,B,EV,786,12.79,100,49,1,213,Medium,Clear,1,0,0
S070,B,Large,446,7.32,50,81,0,926,Low,Clear,1,0,0
S002,D,Standard,138,2.32,10,58,0,839,Medium,Clear,0,0,0
S087,D,Standard,283,4.59,40,95,1,626,Medium,Rain,0,0,1
S044,D,Standard,217,3.43,60,47,1,355,Low,Rain,0,0,1
S002,C,Standard,792,12.56,50,65,0,821,Low,Cloudy,0,0,0
S081,D,Standard,175,2.69,10,43,1,249,High,Rain,0,1,0
S035,A,Standard,622,10.44,30,10,0,229,Low,Clear,0,0,0
S098,B,Standard,169,3.08,30,19,1,407,Low,Cloudy,0,0,1
S087,D,Standard,477,7.97,60,49,1,789,Medium,Clear,0,0,0
S030,D,EV,239,4.3,40,25,0,479,Low,Clear,1,0,0
S008,C,Standard,682,11.34,20,97,1,1077,Medium,Clear,1,0,0
S022,C,Standard,477,7.69,20,55,1,702,Low,Rain,0,0,1
S044,B,Standard,609,10.01,60,33,1,727,High,Clear,0,0,0
S058,A,Standard,251,4.33,10,23,1,303,Low,Cloudy,0,0,1
S036,B,Compact,108,1.72,50,99,0,990,Low,Cloudy,0,0,0
S069,D,Compact,746,12.24,60,48,0,1169,Medium,Clear,1,0,0
S077,A,Standard,272,4.07,20,27,1,216,High,Clear,0,0,1
S093,A,Compact,541,8.75,30,93,0,1014,Medium,Cloudy,0,0,0
S031,A,Standard,60,1.0,100,50,1,903,Low,Clear,0,0,1
S047,A,Compact,842,13.86,20,65,1,1135,Medium,Cloudy,0,0,0
S055,B,Standard,750,12.21,30,45,0,223,Medium,Clear,0,0,0
S080,C,Standard,561,9.82,20,33,0,673,Medium,Rain,0,0,0
S062,C,Large,863,14.56,40,99,1,464,Medium,Cloudy,0,0,0
S030,D,Large,359,6.64,60,38,0,788,Medium,Clear,0,0,0
S055,C,Compact,798,12.82,100,31,1,724,Medium,Clear,0,1,0
S016,C,Standard,83,1.48,50,20,1,175,Low,Clear,0,0,1
S012,C,Standard,389,6.35,100,50,1,990,High,Clear,0,0,0
S017,C,EV,696,11.61,60,58,1,302,High,Cloudy,1,0,0
S016,D,Standard,530,9.39,80,20,1,246,Medium,Clear,0,0,1
S012,B,Standard,623,9.86,10,61,0,462,High,Rain,1,0,0
S008,A,Standard,874,14.39,30,76,1,825,Low,Rain,0,1,0
S084,C,Standard,788,12.91,20,94,0,1127,Medium,Cloudy,0,0,0
S003,B,Standard,142,2.2,10,84,0,1173,Low,Clear,0,0,0
S016,C,Standard,677,10.65,30,17,1,283,High,Clear,0,0,0
S030,C,Standard,893,15.27,60,40,0,1135,Medium,Cloudy,0,0,0
S023,A,EV,182,3.43,30,83,0,245,Medium,Rain,1,0,0
S092,A,Standard,893,15.06,40,15,0,591,High,Clear,1,0,0
S005,A,Standard,468,7.4,100,90,0,1179,Medium,Clear,0,0,0
S084,C,Compact,517,8.7,20,80,1,344,Low,Clear,0,0,1
S065,C,Compact,854,14.49,80,22,0,694,Low,Cloudy,0,0,0
S030,C,Standard,493,8.33,60,15,1,205,Low,Cloudy,0,0,1
S021,A,Large,754,12.55,80,76,1,455,Low,Clear,0,0,0
S084,D,Standard,961,16.44,10,36,1,945,Low,Cloudy,0,1,0
S070,B,Large,79,1.1,20,54,1,775,Low,Clear,0,0,1
S022,D,Standard,347,5.73,60,35,1,787,Medium,Cloudy,1,0,1
S082,C,Standard,110,2.02,80,13,0,846,Low,Cloudy,0,0,0
S072,C,Large,507,8.55,20,46,1,603,Low,Cloudy,0,0,1
S032,D,Compact,353,6.05,50,30,1,424,Medium,Cloudy,0,0,1
S033,C,Standard,389,6.64,30,37,1,504,Medium,Clear,0,0,1
S016,B,Standard,910,15.32,80,91,1,251,Low,Cloudy,0,0,0
S076,C,Standard,497,8.17,30,41,0,903,Low,Rain,0,0,0
S038,B,Compact,885,14.54,50,62,1,773,High,Cloudy,0,0,0
S098,D,Standard,351,5.89,50,42,0,389,High,Clear,0,0,0
S014,D,Standard,930,15.95,20,35,1,311,Medium,Clear,0,0,0
S036,C,Standard,589,9.81,30,26,1,592,High,Clear,0,0,0
S097,B,Compact,534,9.08,10,65,1,600,Medium,Clear,0,0,0
S023,C,Large,126,2.13,40,93,1,687,Low,Clear,0,0,1
S066,A,Large,682,11.98,60,39,1,214,Low,Clear,0,0,1
S085,A,Standard,564,9.36,50,14,1,807,Low,Rain,0,0,1
S002,A,EV,598,10.15,10,15,0,670,Medium,Cloudy,1,0,0
S091,A,Compact,993,16.33,10,71,1,1161,Low,Clear,0,1,0
S073,C,Large,708,11.46,20,19,1,100,Medium,Clear,0,0,1
S065,A,Standard,141,2.35,50,79,1,538,Medium,Rain,0,0,1
S075,B,Standard,900,15.35,10,19,1,247,Low,Clear,0,0,1
S067,D,Large,834,14.09,40,94,1,1096,Low,Rain,0,0,0
S052,D,Standard,515,7.96,100,53,1,714,Low,Cloudy,0,0,0
S062,A,Standard,515,8.8,100,65,0,712,Medium,Clear,0,0,0
S023,A,Large,938,15.17,10,13,1,315,High,Rain,1,0,0
S026,A,Large,648,11.05,40,22,1,122,Medium,Clear,1,0,1
S068,C,EV,89,1.65,80,83,1,126,Low,Clear,1,0,1
S082,D,Compact,739,12.27,40,89,1,593,Low,Cloudy,0,0,0
S055,A,Standard,378,6.52,40,28,0,930,High,Cloudy,0,0,0
S006,B,Standard,334,5.49,50,79,1,484,Low,Cloudy,0,0,1
S035,A,Standard,996,16.64,80,99,1,1138,Low,Cloudy,0,0,0
S022,D,Standard,603,9.62,40,71,1,406,Medium,Cloudy,0,0,0
S043,A,Standard,846,14.02,50,18,1,985,Low,Cloudy,0,0,0
S015,D,Standard,115,2.19,80,55,0,67,High,Rain,0,1,0
S086,A,Compact,685,11.02,100,65,0,725,Medium,Cloudy,1,1,0
S060,B,Large,706,12.01,10,83,1,624,High,Clear,1,0,0
S012,A,EV,681,10.74,80,49,0,800,Medium,Cloudy,1,0,0
S049,B,Large,158,2.28,40,76,1,1045,Medium,Clear,1,0,1
S042,B,Large,464,7.64,80,92,0,1082,High,Clear,0,0,0
S038,A,Compact,141,2.4,30,71,0,681,Medium,Clear,0,0,0
S082,B,EV,417,6.78,10,55,1,421,Low,Clear,1,0,1
S045,C,Compact,869,14.3,60,15,1,1019,Low,Clear,0,0,0
S035,A,Large,472,8.2,80,38,0,402,Low,Clear,0,0,0
S030,A,EV,621,10.71,80,28,0,273,Medium,Cloudy,1,0,0
S088,B,EV,911,15.06,80,24,0,1003,Medium,Clear,1,0,0
S030,B,Standard,788,13.02,30,66,1,417,Low,Clear,0,0,0
S078,A,Standard,289,4.73,30,47,0,1163,Low,Cloudy,0,0,0
S006,C,Standard,484,8.73,20,30,1,705,Low,Rain,0,0,1
S067,B,Standard,261,4.36,50,60,1,1145,High,Clear,0,0,0
S080,B,Standard,449,7.95,20,48,1,482,Medium,Rain,0,0,1
S007,D,Standard,659,11.2,50,96,0,558,Medium,Cloudy,0,0,0
S052,C,Standard,575,9.55,20,29,1,557,Low,Clear,0,0,1
S014,C,Standard,779,12.79,10,11,1,666,Low,Cloudy,0,0,1
S073,A,Compact,517,8.85,100,41,0,469,Low,Rain,1,0,0
S015,C,Standard,219,3.41,30,13,0,1145,Medium,Cloudy,0,0,0
S021,A,Compact,868,14.35,10,16,1,123,Low,Clear,0,0,1
S035,D,Compact,841,14.21,50,12,0,623,High,Clear,0,0,0
S066,C,Compact,924,15.33,30,34,1,195,Medium,Clear,0,0,0
S091,B,EV,259,4.2,100,18,1,95,Low,Clear,1,0,1
S002,D,Standard,305,4.99,30,96,1,1178,High,Clear,0,1,0
S035,A,Standard,732,11.99,50,96,1,1182,Medium,Clear,0,0,0
S082,D,Standard,122,2.17,10,35,1,170,Medium,Clear,0,0,1
S078,A,Standard,196,3.28,30,73,0,1116,Low,Clear,1,1,0
S020,D,Compact,389,6.08,60,27,0,148,High,Clear,0,0,0
S082,A,Standard,366,5.95,80,97,1,755,Medium,Clear,0,0,0
S010,C,Standard,667,11.01,10,100,1,360,Low,Clear,0,0,0
S025,B,Standard,655,10.8,10,11,1,472,Medium,Rain,0,0,1
S066,A,Standard,624,10.58,10,10,1,1185,Low,Cloudy,0,1,0
S025,D,Compact,203,3.17,100,57,0,321,High,Clear,0,0,0
S054,A,Compact,304,5.88,30,89,0,874,High,Clear,0,0,0
S033,A,Standard,400,7.08,40,72,1,1175,Medium,Clear,0,0,0
S036,A,Standard,596,10.35,80,97,0,259,Low,Cloudy,0,0,0
S095,D,Standard,884,14.42,100,45,1,788,Medium,Clear,0,0,0
S014,B,Standard,361,5.41,20,72,1,842,Low,Clear,1,0,1
S065,C,Large,857,14.18,50,84,1,1095,Low,Clear,1,0,0
S080,B,Standard,814,13.65,10,35,1,809,Medium,Clear,1,0,0
S054,A,Compact,718,11.92,30,15,0,208,Low,Clear,0,0,0
S052,D,Large,183,2.89,50,35,0,790,Medium,Rain,0,0,0
S003,B,Standard,997,16.09,40,52,1,392,Low,Clear,0,0,0
S099,A,Standard,178,2.77,60,10,1,748,High,Rain,1,0,1
S041,C,EV,485,8.01,100,18,1,446,Low,Cloudy,1,0,1
S006,C,Large,329,5.33,40,36,1,585,Medium,Clear,0,0,1
S025,C,Standard,407,6.63,30,80,1,190,Medium,Clear,0,0,1
S013,A,Large,979,16.08,10,12,0,1010,Low,Clear,0,1,0
S098,D,Large,932,16.03,40,70,0,289,Medium,Cloudy,0,0,0
S008,B,Standard,301,5.23,80,82,1,341,Medium,Clear,0,0,1
S021,C,Large,184,3.35,100,11,0,866,Medium,Clear,0,1,0
S098,A,Standard,892,14.95,40,83,1,131,Low,Clear,0,0,0
S068,A,Standard,572,9.13,40,90,1,609,Medium,Clear,0,0,0
S025,B,EV,853,14.44,80,40,0,919,Medium,Clear,1,0,0
S079,C,Large,709,12.22,60,74,1,220,Medium,Rain,0,0,0
S068,A,Standard,368,6.58,100,27,1,1026,High,Rain,0,0,0
S045,B,Standard,129,2.34,100,15,1,629,Low,Cloudy,0,0,1
S060,D,Compact,240,4.0,30,51,0,575,Low,Clear,1,0,0
S012,D,Compact,502,8.37,50,77,1,591,Low,Clear,0,0,0
S032,D,Compact,393,6.71,20,13,1,159,Low,Clear,0,1,0
S096,C,EV,79,1.0,30,13,1,371,Low,Rain,1,0,1
S092,B,Large,463,7.91,10,74,0,949,Medium,Cloudy,0,0,0
S013,B,Standard,920,15.19,30,50,1,763,Medium,Clear,0,0,0
S031,A,Standard,417,7.61,30,52,1,133,Low,Cloudy,0,0,1
S078,A,Standard,790,13.08,60,64,1,1005,High,Rain,0,0,0
S020,A,Compact,645,10.81,20,28,1,425,Low,Cloudy,0,1,0
S018,B,Compact,551,9.23,20,30,1,1126,High,Rain,1,0,0
S093,A,Standard,711,11.64,20,67,1,635,Medium,Clear,0,0,0
S060,B,Standard,922,15.5,50,39,0,149,Medium,Clear,0,0,0
S063,B,Standard,750,12.6,100,16,1,178,Low,Cloudy,0,0,0
S006,D,Standard,70,1.47,30,78,0,967,Medium,Cloudy,0,0,0
S032,A,Standard,598,10.18,60,73,1,268,High,Rain,0,0,0
S093,D,Standard,295,4.97,100,11,1,526,Medium,Cloudy,0,0,1
S043,C,Standard,332,5.29,10,76,0,71,High,Clear,0,0,0
S002,C,Standard,663,10.81,20,88,1,609,Low,Clear,0,0,0
S060,C,Compact,980,16.83,80,83,1,678,High,Cloudy,0,0,0
S023,B,Standard,855,14.28,100,18,0,1068,Low,Clear,0,1,0
S083,B,Large,281,5.31,20,32,1,388,Medium,Clear,0,0,1
S031,B,Compact,365,5.84,80,23,1,228,Low,Cloudy,0,0,1
S005,A,Compact,887,15.44,100,63,1,470,Medium,Clear,0,0,0
S083,D,Compact,849,13.87,30,54,1,1056,Medium,Cloudy,0,0,0
S034,B,Standard,385,6.29,10,25,1,98,Medium,Clear,0,0,1
S010,D,Standard,460,7.8,60,93,1,816,High,Clear,0,0,0
S089,D,EV,294,5.2,20,81,1,79,Low,Clear,1,0,1
S002,D,Large,436,7.47,30,66,1,134,High,Cloudy,0,0,1
S011,A,EV,738,11.73,40,17,1,838,High,Cloudy,1,0,0
S050,A,Compact,774,12.73,60,34,1,378,Medium,Clear,0,0,0
S031,C,Standard,407,6.44,80,50,1,659,Low,Clear,0,1,0
S056,C,Standard,663,10.64,50,71,1,483,Low,Clear,0,0,0
S079,D,Compact,847,14.11,60,86,1,637,Low,Cloudy,0,0,0
S073,C,Standard,71,1.0,30,27,1,739,High,Clear,0,0,1
S087,D,Standard,68,1.43,100,59,1,474,Low,Clear,0,0,1
S083,A,Large,336,5.82,20,50,1,819,Low,Clear,0,0,1
S009,A,Standard,325,5.9,60,43,1,561,Low,Cloudy,0,0,1
S099,A,Standard,708,11.48,10,90,0,1061,Low,Clear,0,0,0
S021,B,Large,947,15.49,80,21,1,613,Low,Clear,0,0,0
S073,D,Large,601,10.33,40,89,1,352,Low,Clear,0,0,0
S028,A,Standard,728,12.47,10,86,1,148,High,Clear,0,0,0
S062,D,Large,652,11.27,10,84,1,606,Low,Cloudy,1,0,0
S007,C,Large,121,2.36,10,87,1,91,Low,Clear,0,1,0
S080,C,Standard,414,6.97,30,51,1,1040,High,Clear,0,0,0
S016,A,Standard,999,16.51,30,64,1,517,Medium,Rain,0,0,0
S097,D,Standard,844,14.29,60,68,1,489,Low,Cloudy,0,0,0
S004,A,Standard,384,6.27,80,60,1,376,Low,Clear,0,0,1
S004,C,Standard,701,11.71,50,97,1,618,Low,Clear,0,0,0
S040,A,EV,800,13.22,80,62,1,82,Medium,Cloudy,1,1,0
S017,D,Large,639,10.73,40,90,1,461,Low,Cloudy,0,0,0
S052,C,Large,248,4.51,60,18,0,861,Medium,Rain,1,1,0
S093,B,EV,66,1.0,10,12,0,1187,Medium,Rain,1,0,0
S052,C,Large,267,4.3,60,17,1,557,Low,Cloudy,0,0,1
S036,B,Standard,790,13.13,80,91,1,105,Medium,Clear,0,1,0
S038,A,Standard,901,14.66,20,68,1,595,High,Clear,0,0,0
S050,A,Compact,699,11.85,60,39,1,245,High,Cloudy,0,0,0
S063,D,Standard,196,3.3,80,76,0,462,Medium,Cloudy,0,1,0
S063,B,Standard,259,4.31,60,64,0,686,Medium,Cloudy,0,0,0
S062,A,Compact,719,12.08,80,43,1,1152,Low,Cloudy,0,0,0
S099,B,EV,463,7.27,10,52,0,1156,Medium,Clear,1,0,0
S007,A,Standard,714,12.32,60,37,1,791,Medium,Cloudy,1,0,0
S027,C,Large,905,14.93,100,46,1,186,Medium,Clear,0,0,0
S092,A,Standard,379,6.2,40,98,1,588,Medium,Clear,0,1,0
S086,D,Compact,944,15.99,10,39,0,738,High,Clear,0,0,0
S014,C,Standard,919,15.5,30,80,0,768,Medium,Cloudy,0,0,0
S071,D,Large,401,7.28,30,71,1,982,Medium,Clear,0,1,0
S086,C,Standard,212,3.24,60,38,1,355,Medium,Cloudy,0,0,1
S005,B,Compact,868,14.19,60,11,0,437,Low,Rain,0,0,0
S055,D,Standard,150,2.14,40,99,1,774,Low,Cloudy,0,0,1
S002,A,Standard,376,6.31,100,66,0,964,Medium,Clear,0,0,0
S062,B,Standard,376,6.19,80,66,1,598,Low,Clear,0,0,1
S091,A,Standard,204,3.19,100,51,0,555,Medium,Clear,1,0,0
S021,C,Standard,59,1.0,80,58,1,437,High,Rain,0,0,1
S079,C,Standard,402,6.39,50,66,1,342,High,Cloudy,0,0,0
S021,A,Compact,988,16.93,10,80,0,228,High,Clear,0,0,0
S010,A,Compact,232,3.66,40,27,1,721,Low,Clear,0,0,1
S087,B,Standard,504,8.23,60,79,1,129,Low,Cloudy,0,0,1
S058,A,Compact,695,10.87,100,36,1,1087,Low,Clear,0,0,0
S039,D,Standard,55,1.0,100,63,0,1127,Low,Clear,0,0,0
S005,D,Standard,382,6.19,100,33,1,496,Medium,Clear,1,0,0
S065,A,Standard,993,16.46,60,43,0,815,Low,Clear,1,0,0
S013,D,Compact,382,6.58,100,31,1,1138,Medium,Clear,0,0,0
S085,A,Standard,307,4.67,60,97,1,552,Low,Cloudy,0,0,1
S090,B,EV,260,4.47,100,72,1,619,Medium,Clear,1,0,0
S085,D,Standard,100,1.85,60,45,1,145,Medium,Clear,1,0,1
S053,D,Standard,494,8.44,20,93,1,634,High,Clear,0,0,0
S082,A,Standard,708,12.11,60,70,1,297,High,Cloudy,0,0,0
S045,D,Large,426,6.75,60,91,0,176,Low,Clear,0,0,0
S032,C,Compact,689,11.65,20,51,0,548,High,Clear,0,0,0
S036,B,Compact,535,9.45,50,42,1,95,Medium,Clear,0,0,1
S081,B,EV,819,14.07,80,83,1,1031,Medium,Cloudy,1,0,0
S099,D,EV,100,2.23,30,18,0,317,High,Rain,1,1,0
S060,D,Compact,203,3.46,60,34,1,143,Low,Rain,0,0,1
S011,C,Standard,631,10.34,80,22,1,785,High,Cloudy,1,0,0
S063,C,Large,837,13.19,60,56,1,661,Medium,Cloudy,0,0,0
S021,D,Standard,840,13.63,40,54,0,120,Low,Cloudy,1,0,0
S052,D,Compact,359,5.83,10,14,1,642,Low,Rain,0,0,1
S055,C,Compact,448,7.36,40,40,0,498,Medium,Cloudy,0,0,0
S026,A,Large,183,2.81,100,40,0,669,Medium,Clear,1,0,0
S068,C,Standard,269,4.59,60,99,1,663,Medium,Cloudy,0,0,0
S034,A,Compact,212,3.59,100,80,0,140,Low,Clear,0,0,0
S052,B,EV,697,11.63,50,50,0,926,Low,Cloudy,1,0,0
S082,B,Standard,618,10.54,40,55,0,577,Medium,Cloudy,0,0,0
S099,C,Standard,551,9.04,50,61,1,1183,Low,Cloudy,1,0,0
S093,A,Compact,995,16.91,50,93,0,824,Low,Cloudy,0,0,0
S052,C,EV,738,11.94,60,95,0,721,Low,Clear,1,1,0
S029,C,Standard,164,2.64,50,14,1,814,Low,Rain,1,0,1
S038,A,Standard,548,9.23,40,21,1,1162,Medium,Rain,0,0,0
S042,C,Standard,521,8.11,20,30,1,410,Low,Rain,0,0,1
S021,B,Standard,198,3.15,10,18,1,427,High,Cloudy,0,0,1
S042,D,EV,290,5.05,50,100,1,394,Medium,Cloudy,1,1,0
S013,D,Compact,172,2.74,80,26,1,847,Medium,Clear,0,0,1
S064,C,Compact,853,13.67,60,33,0,504,Medium,Clear,0,0,0
S017,A,Standard,888,14.53,30,36,1,957,Medium,Clear,0,0,0
S009,A,Large,118,1.56,50,17,1,116,Medium,Clear,1,0,1
S041,B,Standard,875,14.73,80,53,0,1036,Low,Rain,0,0,0
S001,A,Standard,112,1.9,100,71,1,1028,Low,Cloudy,0,0,0
S002,A,Standard,782,12.56,40,38,0,92,Medium,Rain,0,0,0
S060,B,Standard,65,1.0,50,92,1,278,Low,Clear,1,0,1
S048,C,Standard,439,7.1,30,83,1,283,Low,Clear,0,0,1
S029,D,Standard,639,10.66,80,33,1,546,Medium,Clear,0,0,0
S097,B,Standard,683,11.18,20,43,0,897,Medium,Clear,0,0,0
S010,C,Standard,997,16.72,40,69,0,1105,Medium,Rain,0,0,0
S058,B,Large,307,5.21,40,40,0,162,High,Cloudy,0,0,0
S060,C,Standard,266,4.59,60,13,0,1022,Low,Clear,1,0,0
S021,B,EV,528,8.38,40,18,1,508,High,Cloudy,1,0,0
S028,C,Standard,163,2.63,30,99,1,55,Medium,Rain,0,0,1
S075,B,Large,931,15.84,80,86,1,1041,Low,Clear,0,0,0
S034,C,Large,429,6.95,40,99,1,543,High,Rain,0,0,0
S008,B,EV,707,11.54,20,63,1,1181,Medium,Cloudy,1,0,0
S059,D,Large,286,4.62,10,10,1,120,Low,Rain,0,1,0
S086,D,Standard,525,8.6,10,70,0,988,Low,Clear,0,0,0
S072,A,Standard,980,16.37,50,82,1,723,Medium,Clear,0,0,0
S049,C,Standard,647,10.61,10,40,1,1173,Medium,Cloudy,0,0,0
S079,B,Standard,728,11.53,30,97,1,1106,High,Clear,0,0,0
S017,C,Standard,178,3.32,10,54,1,192,Low,Rain,0,0,1
S060,D,Large,559,9.47,30,69,1,785,Medium,Cloudy,0,0,0
S087,C,Compact,214,3.61,30,95,0,775,Low,Clear,0,0,0
S088,B,Compact,326,5.41,50,82,1,266,Medium,Clear,0,0,1
S045,C,EV,306,5.0,10,96,0,483,High,Rain,1,0,0
S083,B,Compact,181,2.78,50,93,1,883,Medium,Cloudy,0,0,0
S069,D,Compact,619,9.75,40,51,1,1127,Medium,Cloudy,0,0,0
S032,D,Large,306,5.59,100,94,1,769,Medium,Clear,1,1,0
S044,D,Standard,190,3.17,20,36,1,991,Low,Rain,1,0,1
S065,A,Standard,735,11.77,80,67,1,956,High,Clear,0,0,0
S087,D,EV,736,11.96,10,78,0,1044,Medium,Clear,1,0,0
S008,C,EV,258,4.39,40,90,0,104,Medium,Clear,1,0,0
S077,A,Large,765,12.84,60,82,1,1108,High,Rain,0,0,0
S072,D,Standard,568,9.24,80,43,0,910,Medium,Cloudy,0,0,0
S087,C,Large,100,1.34,80,19,0,1056,Medium,Clear,0,0,0
S043,C,Standard,552,9.03,80,75,0,1192,Medium,Cloudy,0,0,0
S001,C,Standard,308,4.55,40,34,1,615,Low,Cloudy,0,0,1
S051,B,Standard,227,3.64,50,12,0,820,Low,Cloudy,0,0,0
S024,A,Standard,971,16.04,50,43,1,927,High,Cloudy,1,0,0
S099,C,Standard,592,10.32,80,80,1,873,Low,Cloudy,0,0,0
S024,B,Standard,405,6.61,80,37,1,563,Medium,Clear,0,0,0
S017,D,Standard,367,6.19,20,18,0,911,Low,Cloudy,0,1,0
S005,C,Standard,715,12.4,20,20,1,471,Low,Clear,0,0,1
S020,B,Large,413,6.56,80,89,1,566,Medium,Rain,0,0,0
S021,C,Compact,104,1.55,20,48,1,754,Medium,Clear,0,0,1
S058,A,Standard,205,3.25,100,22,1,858,Medium,Cloudy,0,0,1
S031,A,Standard,93,1.05,80,20,1,93,High,Rain,0,0,1
S100,D,Compact,642,10.62,20,44,0,907,Medium,Clear,0,0,0
S011,C,Standard,727,12.47,80,17,1,850,Low,Clear,0,0,0
S052,B,Standard,591,10.1,50,16,0,268,Medium,Cloudy,0,0,0
S015,D,Compact,371,6.54,100,78,0,617,High,Clear,0,0,0
S083,C,EV,697,11.43,30,79,1,957,Low,Clear,1,0,0
S007,D,Standard,63,1.0,50,66,1,307,Medium,Cloudy,0,0,1
S028,B,Standard,406,7.44,30,44,0,1010,Low,Clear,0,0,0
S051,D,Standard,532,8.93,50,20,1,942,Low,Clear,0,0,0
S058,D,Compact,667,10.63,60,47,1,338,High,Rain,1,0,0
S005,D,Standard,408,7.57,50,100,0,1021,High,Cloudy,0,0,0
S005,C,Standard,367,6.09,100,94,1,152,Low,Rain,0,0,1
S094,B,Standard,124,1.18,100,87,1,853,High,Rain,0,0,0
S096,A,EV,640,11.1,20,58,1,1157,Low,Clear,1,0,0
S008,C,Compact,243,3.36,30,44,0,1099,Medium,Rain,1,1,0
S064,A,Compact,412,6.95,40,38,0,351,Medium,Rain,0,0,0
S010,A,Large,145,2.67,60,97,0,1128,Medium,Clear,0,0,0
S038,C,Standard,89,1.69,40,50,0,105,High,Rain,0,0,0
S096,C,Large,817,14.08,60,15,1,1064,Medium,Clear,0,0,0
S092,B,Compact,446,7.74,40,19,1,423,Medium,Rain,0,0,1
S081,B,Standard,156,3.16,20,93,1,880,High,Cloudy,0,1,0
S095,D,Large,66,1.07,40,93,1,969,Low,Clear,0,0,1
S008,A,Large,576,9.48,80,99,0,506,Medium,Clear,0,0,0
S025,B,Large,978,16.2,50,94,1,181,Medium,Clear,0,0,0
S073,D,Standard,833,14.3,100,32,1,542,High,Clear,0,0,0
S066,B,EV,548,8.94,20,55,0,159,Medium,Clear,1,0,0
S079,C,EV,574,9.82,80,21,0,631,High,Rain,1,0,0
S050,B,Standard,808,13.21,40,64,1,845,Medium,Cloudy,0,0,0
S067,A,Standard,775,12.66,20,22,1,1199,Low,Cloudy,0,0,0
S049,B,Standard,712,12.22,50,83,1,859,High,Clear,0,0,0
S036,A,EV,853,14.35,20,16,0,935,Medium,Clear,1,0,0
S068,C,Compact,92,1.0,40,21,0,822,Medium,Clear,1,0,0
S078,A,Standard,995,16.33,20,70,1,1174,High,Clear,1,0,0
S041,B,Standard,675,10.48,60,34,1,986,Medium,Clear,1,0,0
S089,D,Standard,891,14.74,10,11,0,622,Medium,Cloudy,0,0,0
S062,C,Compact,642,10.62,100,35,1,858,Medium,Rain,0,0,0
S010,B,Standard,399,6.51,40,60,1,928,Medium,Cloudy,0,0,0
S021,C,EV,702,12.06,50,78,1,1082,Medium,Clear,1,1,0
S036,C,Compact,79,1.44,30,71,0,462,Medium,Cloudy,0,0,0
S012,B,Large,490,8.91,20,81,1,879,High,Clear,0,0,0
S091,B,Standard,591,10.01,60,82,1,615,Medium,Clear,0,0,0
S002,D,Standard,504,8.57,20,48,1,153,Low,Rain,1,0,1
S013,C,Standard,827,13.86,100,93,0,1199,Medium,Clear,0,0,0
S053,C,Standard,660,10.92,40,20,0,726,Low,Clear,0,0,0
S032,B,Standard,143,2.19,60,73,1,994,Medium,Clear,0,1,0
S095,A,EV,772,12.8,40,95,1,319,Low,Clear,1,0,0
S016,B,Standard,344,5.68,10,89,1,515,Low,Clear,0,0,1
S032,C,Standard,598,9.94,50,51,1,850,High,Cloudy,0,0,0
S032,B,Standard,948,15.99,100,19,0,1191,Medium,Cloudy,0,0,0
S098,D,Standard,138,2.39,60,98,1,1165,Medium,Cloudy,0,0,0
S011,A,EV,979,16.16,60,28,1,1054,Low,Clear,1,0,0
S010,B,Standard,552,8.98,20,13,1,1160,High,Rain,0,0,0
S015,D,Standard,816,13.67,20,92,0,283,High,Rain,0,0,0
S017,C,Compact,263,4.11,100,12,1,962,Medium,Clear,0,0,0
S040,B,Standard,471,7.72,30,90,1,1197,Medium,Cloudy,0,0,0
S018,C,Standard,575,9.42,80,23,1,1105,Low,Clear,0,0,0
S055,D,Standard,241,4.74,60,19,1,406,Medium,Cloudy,0,1,0
S073,C,Standard,856,13.88,20,15,1,1013,Medium,Rain,0,0,0
S025,D,Standard,743,12.15,20,40,1,143,High,Rain,1,0,0
S059,D,Standard,691,11.35,80,40,1,1173,Low,Clear,0,0,0
S078,D,Large,273,4.41,10,57,1,293,Medium,Clear,0,0,1
S089,B,Standard,604,10.37,30,18,1,107,Low,Clear,0,1,0
S022,C,Large,742,12.29,100,85,1,1014,Low,Clear,0,0,0
S030,C,Large,436,6.87,80,35,0,369,Low,Clear,0,1,0
S084,A,Standard,730,12.6,100,11,0,1092,Medium,Rain,0,0,0
S085,A,Standard,825,13.83,20,13,1,406,Low,Clear,0,0,1
S044,A,Standard,523,8.84,100,15,1,166,High,Clear,1,0,0
S032,A,Compact,657,11.15,20,39,1,345,Medium,Clear,0,1,0
S051,C,Compact,252,3.83,50,64,0,574,Medium,Rain,0,0,0
S046,D,Compact,496,8.26,60,37,0,1174,High,Rain,0,0,0
S021,D,Standard,882,14.95,20,70,0,1178,Low,Rain,0,0,0
S099,B,EV,896,14.74,10,86,1,450,High,Clear,1,0,0
S032,D,Standard,949,15.91,20,64,1,788,High,Clear,0,0,0
S094,C,Standard,117,2.11,60,45,1,578,Low,Clear,0,0,1
S039,C,Standard,141,1.91,20,83,0,606,High,Cloudy,0,0,0
S012,C,Standard,827,13.47,80,83,1,599,Low,Clear,0,0,0
S047,B,Standard,892,14.18,40,14,1,1197,Low,Rain,0,0,0
S018,A,Large,227,3.85,20,38,0,409,Low,Rain,0,0,0
S021,D,Large,712,12.43,30,21,1,113,High,Clear,0,0,0
S013,C,Large,878,14.43,60,31,0,814,Medium,Clear,0,0,0
S021,C,Standard,608,10.08,100,68,1,823,Medium,Cloudy,0,0,0
S008,A,Compact,52,1.17,60,48,1,673,Low,Clear,0,0,1
S046,C,Standard,152,2.61,40,11,1,151,Low,Clear,0,0,1
S007,D,Standard,322,5.07,30,23,0,610,High,Cloudy,0,0,0
S023,B,Standard,583,10.17,30,19,0,1096,Medium,Rain,0,0,0
S096,C,Standard,165,2.81,60,57,1,893,Low,Rain,0,1,0
S075,D,Standard,908,15.06,10,73,0,1137,Low,Clear,0,0,0
S086,C,Standard,961,15.97,100,12,1,888,Low,Rain,0,0,0
S022,A,Compact,513,8.73,20,81,1,730,Medium,Cloudy,0,0,0
S089,C,EV,153,2.37,30,69,1,694,Medium,Clear,1,0,1
S022,C,Standard,308,5.6,20,90,1,448,Medium,Cloudy,0,0,1
S092,B,EV,357,6.33,100,77,1,454,Low,Rain,1,0,0
S029,A,Large,416,6.94,20,30,1,875,Low,Clear,0,0,1
S013,A,Standard,978,16.32,100,28,1,696,Low,Clear,1,0,0
S082,B,Compact,859,14.06,80,88,0,84,High,Cloudy,1,0,0
S002,C,Standard,691,11.33,10,29,0,469,Medium,Clear,0,0,0
S029,D,Large,856,13.93,10,67,0,426,Low,Cloudy,0,0,0
S085,A,Compact,351,5.79,30,51,1,269,Low,Cloudy,0,0,1
S079,A,EV,609,10.17,30,19,1,746,Medium,Cloudy,1,0,0
S052,C,Compact,76,1.0,60,32,1,391,Medium,Clear,0,0,1
S027,C,Large,557,9.49,80,97,1,802,Low,Cloudy,0,0,0
S050,A,Large,576,9.34,80,21,1,465,Medium,Clear,0,0,0
S095,C,Standard,824,13.86,40,18,1,987,Medium,Clear,1,0,0
S079,D,Standard,414,7.14,20,88,0,1056,Medium,Rain,0,0,0
S023,A,Standard,347,6.18,100,38,1,729,High,Cloudy,1,1,0
S088,D,Standard,826,14.1,60,91,1,797,Low,Clear,0,0,0
S044,D,Standard,410,7.33,20,29,1,855,High,Clear,0,0,0
S077,C,Large,695,11.83,10,74,0,361,Medium,Clear,1,0,0
S022,D,Standard,553,9.27,10,12,1,104,Low,Rain,0,1,0
S043,C,EV,637,10.47,80,17,1,743,Medium,Rain,1,0,0
S037,B,Large,79,1.28,60,48,1,583,Medium,Clear,1,0,1
S061,C,Compact,488,8.62,30,73,1,154,High,Clear,0,1,0
S097,D,EV,389,6.42,40,40,1,343,Low,Clear,1,0,1
S056,B,Standard,175,2.92,80,81,0,929,Medium,Cloudy,0,0,0
S003,C,Large,645,11.19,40,88,0,600,High,Clear,0,1,0
S063,D,Standard,615,10.18,10,31,1,960,Low,Clear,0,0,1
S019,A,Standard,415,6.68,10,14,0,424,Medium,Cloudy,0,0,0
S023,A,Standard,844,14.41,40,67,1,499,Medium,Rain,0,0,0
S029,C,Standard,901,14.77,40,82,1,1133,Medium,Cloudy,1,0,0
S030,C,Compact,492,8.32,100,88,1,861,High,Rain,1,0,0
S039,A,Standard,312,5.27,30,72,0,439,Medium,Rain,0,0,0
S025,D,Standard,985,16.51,40,70,1,716,Low,Cloudy,0,0,0
S008,D,EV,921,14.62,20,61,0,1195,Medium,Clear,1,0,0
S058,D,Compact,271,4.75,40,42,1,190,Low,Cloudy,0,0,1
S016,C,Standard,889,14.8,50,31,1,923,Low,Clear,1,0,0
S072,B,Compact,51,1.03,40,60,1,892,Medium,Clear,0,1,0
S001,B,Large,959,16.13,10,20,0,646,Low,Cloudy,0,0,0
S005,B,EV,443,7.48,10,67,1,1001,Low,Rain,1,0,1
S003,B,Standard,355,5.8,80,59,0,601,Low,Clear,0,0,0
S065,B,Standard,195,3.13,100,79,1,1169,Medium,Clear,0,0,0
S004,C,Standard,579,9.63,50,26,1,422,Medium,Clear,0,0,1
S099,C,Standard,577,9.67,20,55,1,697,Medium,Clear,0,0,0
S096,B,Large,357,5.82,40,53,1,1146,Low,Clear,0,0,0
S064,C,Standard,997,16.9,40,66,1,382,Low,Cloudy,0,0,0
S098,C,EV,720,11.9,50,14,0,442,Low,Cloudy,1,0,0
S089,B,Standard,389,6.19,80,48,1,1179,Low,Rain,1,0,0
S010,D,EV,968,16.31,30,67,0,1174,Medium,Clear,1,0,0
S021,C,Standard,401,7.25,100,18,0,444,Low,Clear,0,0,0
S046,D,Large,859,13.97,100,32,0,84,Medium,Cloudy,0,0,0
S091,C,EV,258,4.26,30,56,0,206,Medium,Clear,1,0,0
S027,C,EV,254,4.55,80,45,1,953,Low,Cloudy,1,0,1
S066,B,Standard,674,11.4,20,40,1,1016,Low,Clear,0,0,0
S041,C,Standard,739,12.5,40,93,0,445,Medium,Cloudy,1,0,0
S013,A,Compact,770,12.84,40,32,0,256,Medium,Clear,1,0,0
S009,A,Standard,685,10.62,40,65,1,670,High,Clear,0,0,0
S036,B,Standard,64,1.14,80,80,1,854,Low,Cloudy,0,0,1
S086,D,Standard,907,15.23,10,55,1,511,Medium,Cloudy,0,1,0
S090,D,Standard,477,8.29,60,67,1,301,Low,Rain,0,0,1
S058,D,Standard,525,8.52,30,45,1,916,Low,Clear,0,0,0
S054,A,Standard,347,6.29,80,77,1,258,Low,Clear,0,0,1
S012,D,Standard,606,10.01,60,97,1,1004,Low,Clear,0,0,0
S081,D,Standard,143,2.24,100,69,0,588,Medium,Clear,1,0,0
S078,B,Compact,156,2.38,50,23,1,884,Low,Cloudy,0,0,1
S014,D,Standard,468,8.11,60,34,0,552,Medium,Clear,0,0,0
S034,A,Standard,327,5.12,10,80,1,1005,Low,Clear,0,0,1
S053,A,EV,177,3.14,100,88,1,563,Low,Clear,1,0,1
S020,A,EV,508,8.22,10,53,1,629,High,Rain,1,0,0
S075,B,EV,87,1.44,100,55,0,889,Medium,Rain,1,0,0
S016,B,Large,658,10.51,30,22,1,1035,Medium,Cloudy,1,0,0
S095,C,Standard,247,4.35,40,71,0,132,Low,Clear,1,0,0
S070,D,Compact,753,12.5,20,28,0,1115,Low,Clear,0,0,0
S056,B,Standard,406,6.93,60,21,1,205,Medium,Clear,0,0,1
S083,A,Compact,56,1.0,100,99,0,502,High,Clear,1,0,0
S058,A,Standard,605,10.24,100,57,1,666,Low,Rain,1,0,0
S004,B,Compact,381,6.34,80,42,1,673,Medium,Clear,0,0,0
S004,B,Standard,568,9.69,80,88,1,556,High,Rain,0,0,0
S020,B,Standard,243,4.21,100,46,1,671,High,Cloudy,0,0,0
S010,C,Large,365,6.14,50,15,1,1146,High,Clear,1,0,0
S024,A,Standard,50,1.0,30,98,1,342,Medium,Clear,0,0,1
S099,C,Standard,111,1.72,20,90,1,704,Low,Rain,0,0,1
S026,C,Standard,392,6.3,30,52,1,986,High,Clear,0,0,0
S037,D,Standard,650,11.26,30,59,1,806,High,Clear,0,0,0
S085,A,Standard,67,1.35,30,55,1,1045,Medium,Clear,1,0,1
S054,A,EV,669,11.16,30,82,0,716,Low,Cloudy,1,1,0
S021,B,Standard,696,11.43,40,37,1,109,Medium,Clear,0,0,1
S074,B,Standard,420,6.76,80,76,1,376,Low,Clear,0,0,1
S038,D,Standard,871,14.55,10,20,0,848,Medium,Clear,1,0,0
S046,C,Compact,628,11.02,80,29,1,834,Medium,Clear,0,0,0
S004,B,Large,654,10.9,80,96,1,816,Medium,Clear,0,1,0
S060,B,Compact,699,12.01,60,39,1,568,Medium,Clear,0,0,0
S057,A,Compact,750,12.58,30,45,1,687,Medium,Clear,0,0,0
S045,A,EV,620,10.5,20,85,0,132,Medium,Clear,1,0,0
S020,B,Large,748,12.32,60,77,1,77,High,Clear,0,0,0
S017,A,Compact,284,4.67,100,97,1,315,Medium,Clear,0,0,0
S071,D,Standard,118,1.72,20,45,1,446,Medium,Clear,0,0,1
S004,B,Compact,496,8.36,20,67,1,1011,Medium,Cloudy,0,0,0
S093,A,Standard,659,10.91,10,37,0,812,Medium,Cloudy,1,0,0
S014,D,Compact,57,1.06,10,48,1,1029,High,Rain,0,0,1
S003,A,Large,511,8.22,20,75,0,860,Low,Cloudy,0,0,0
S088,A,Compact,360,6.14,40,52,0,630,Medium,Clear,1,1,0
S080,A,Large,183,3.1,10,14,0,660,Low,Clear,0,0,0
S058,B,Standard,434,7.27,10,22,0,242,Medium,Cloudy,0,0,0
S055,C,Standard,105,1.87,40,18,0,276,High,Cloudy,0,0,0
S004,A,Standard,409,6.75,30,66,1,500,Low,Clear,0,0,1
S024,D,EV,163,3.86,10,36,1,981,Low,Clear,1,0,1
S034,B,Large,137,2.42,60,70,0,704,Medium,Rain,0,0,0
S030,B,Compact,187,3.15,20,86,0,252,High,Clear,0,0,0
S082,D,Compact,157,2.84,20,59,1,451,Low,Clear,0,0,1
S019,A,Compact,549,8.99,40,91,1,521,Medium,Clear,0,0,0
S031,C,EV,584,9.57,20,43,0,939,Low,Clear,1,0,0
S060,A,Large,193,3.46,80,94,1,228,High,Cloudy,1,0,0
S060,D,Compact,918,15.57,100,74,1,1091,Medium,Cloudy,0,0,0
S019,B,Compact,705,12.11,50,54,0,512,Medium,Cloudy,0,0,0
S049,C,Standard,105,1.32,100,96,1,884,Low,Clear,0,0,0
S063,B,Compact,669,11.11,20,43,1,658,Medium,Cloudy,0,0,0
S083,D,Standard,912,15.3,40,82,0,975,Low,Clear,0,0,0
S022,A,Standard,55,1.13,100,17,1,985,Medium,Rain,0,0,1
S024,C,Large,591,10.01,40,57,1,349,Medium,Clear,0,0,0
S076,B,Standard,496,8.01,40,45,0,400,Medium,Cloudy,0,0,0
S030,B,EV,434,7.39,80,91,0,236,High,Cloudy,1,0,0
S058,B,Standard,356,6.03,100,75,0,672,Low,Rain,0,0,0
S031,A,Standard,923,15.48,60,20,1,120,Low,Rain,0,0,0
S100,C,Standard,906,14.77,50,61,0,358,Medium,Clear,0,0,0
S064,A,Standard,688,11.19,80,45,1,1181,Medium,Clear,0,0,0
S019,A,Standard,351,6.39,100,40,0,226,Low,Clear,0,0,0
S048,A,Standard,682,11.66,10,33,1,476,Low,Clear,0,0,1
S045,D,Standard,454,7.55,30,30,1,789,Medium,Rain,0,0,1
S100,D,Standard,660,10.99,20,39,1,580,Low,Clear,0,0,1
S094,D,Standard,727,12.78,60,81,1,467,High,Clear,0,0,0
S055,C,Compact,886,14.78,10,73,1,297,Medium,Clear,0,0,0
S055,A,Standard,880,14.63,40,48,1,258,High,Clear,0,0,0
S097,A,Compact,802,13.13,10,10,1,265,High,Rain,0,0,0
S018,D,Large,611,10.11,80,51,1,762,Medium,Cloudy,0,0,0
S063,A,Standard,829,13.31,10,86,1,487,Medium,Clear,0,0,0
S092,A,EV,886,14.92,50,95,0,360,Medium,Clear,1,0,0
S047,B,Compact,559,9.69,40,14,0,432,High,Rain,0,0,0
S075,A,Compact,122,2.41,60,21,1,1030,Medium,Clear,0,0,1
S057,B,Standard,861,14.14,100,38,1,170,Low,Rain,0,1,0
S045,A,Large,613,9.53,60,12,1,456,Medium,Rain,0,0,0
S033,C,Large,314,5.34,40,70,0,294,Medium,Cloudy,0,0,0
S017,D,Standard,276,5.0,20,60,0,115,Low,Rain,0,0,0
S070,B,Standard,242,3.55,100,45,1,991,Low,Clear,0,0,0
S004,D,Standard,423,6.94,60,84,0,277,Low,Rain,0,0,0
S020,B,Compact,800,13.44,60,99,0,931,High,Clear,0,0,0
S047,B,Standard,59,1.0,20,11,1,186,Low,Clear,0,0,1
S091,B,Compact,351,5.33,20,38,1,243,Low,Clear,0,0,1
S015,C,Standard,408,6.58,100,50,1,755,Medium,Clear,0,0,0
S070,A,Large,789,12.98,80,38,1,707,High,Clear,0,0,0
S047,B,Standard,854,13.67,60,73,0,706,Low,Cloudy,0,0,0
S078,C,Standard,101,2.0,60,67,1,979,Medium,Cloudy,0,0,1
S075,B,Compact,801,13.82,60,92,0,605,Low,Rain,0,0,0
S009,A,Standard,148,2.48,20,19,1,1007,Low,Clear,1,0,1
S090,B,Standard,642,10.92,60,20,1,1089,Low,Clear,0,0,0
S016,C,Standard,62,1.0,10,16,0,1151,Medium,Rain,0,0,0
S069,A,Standard,439,7.27,10,86,1,101,Medium,Rain,0,1,0
S061,C,EV,406,6.59,20,70,1,563,Low,Cloudy,1,0,1
S010,A,Large,689,11.61,20,75,1,793,Low,Cloudy,0,0,0
S050,A,Standard,865,13.61,20,95,1,1134,Low,Clear,1,1,0
S003,D,Standard,977,16.19,30,62,0,741,High,Clear,0,0,0
S077,D,Standard,60,1.19,100,74,0,592,Medium,Rain,0,1,0
S094,D,Compact,130,2.24,20,36,0,459,Medium,Cloudy,1,0,0
S070,A,Standard,310,5.4,80,16,0,204,Medium,Clear,0,0,0
S081,B,Standard,55,1.0,30,74,0,682,Medium,Clear,0,1,0
S051,C,Standard,507,7.6,20,67,1,100,Low,Cloudy,0,0,1
S019,C,Large,422,7.36,40,34,0,1073,Low,Cloudy,0,0,0
S042,C,Standard,530,9.06,50,57,1,1043,Low,Clear,0,1,0
S035,D,Large,271,4.99,60,13,0,1168,High,Cloudy,1,0,0
S046,A,Standard,966,16.12,60,17,0,573,High,Clear,0,0,0
S026,D,Standard,859,14.44,10,94,0,404,Medium,Clear,0,0,0
S069,B,Standard,130,2.87,40,77,1,1118,Low,Clear,0,0,1
S093,A,Standard,972,15.64,50,69,1,851,Low,Rain,1,0,0
S064,C,Standard,564,9.53,60,13,1,889,Low,Clear,0,0,0
S037,D,Standard,109,2.18,60,17,1,305,Medium,Clear,0,0,1
S084,D,Standard,270,4.56,30,99,1,297,Medium,Clear,1,0,1
S049,B,Standard,398,6.65,10,25,1,582,High,Clear,0,0,1
S021,B,Standard,610,9.72,30,28,0,90,Medium,Clear,0,0,0
S074,D,EV,277,5.06,80,10,1,839,Low,Clear,1,0,1
S064,B,Standard,339,5.97,80,43,1,244,Low,Clear,0,0,1
S005,C,Compact,342,6.08,30,100,1,1144,Low,Cloudy,0,0,0
S100,B,Standard,859,14.31,10,54,0,357,Low,Clear,0,0,0
S070,B,Standard,242,3.94,50,72,1,125,High,Cloudy,0,0,1
S090,D,Standard,523,8.71,10,15,0,836,Medium,Clear,0,0,0
S004,D,Standard,306,5.61,20,45,0,844,Low,Rain,0,0,0
S039,A,Standard,555,9.17,100,75,1,279,Low,Clear,1,0,0
S035,A,Standard,437,7.73,30,87,1,134,Medium,Rain,1,0,1
S001,D,Large,664,11.02,20,17,1,446,Medium,Clear,0,0,1
S024,B,Standard,447,7.19,10,76,1,264,Medium,Clear,1,0,1
S057,B,Standard,415,6.29,10,36,0,1074,Low,Clear,1,0,0
S100,A,Standard,707,11.96,60,43,0,426,Medium,Clear,0,0,0
S070,A,Compact,339,5.88,80,37,1,461,Low,Cloudy,1,0,1
S041,A,Large,818,13.29,50,40,1,849,Medium,Cloudy,1,0,0
S054,C,Standard,358,6.41,30,26,1,459,Low,Rain,0,0,1
S046,C,Standard,327,5.04,80,92,0,265,Low,Cloudy,0,0,0
S060,A,Standard,513,8.76,40,64,1,801,Low,Clear,0,0,0
S060,B,Standard,238,4.19,10,84,1,398,Low,Rain,0,0,1
S057,A,Compact,967,16.44,60,18,0,880,Low,Cloudy,0,0,0
S031,C,Compact,227,3.19,40,66,1,703,High,Clear,1,0,1
S084,B,Standard,577,9.94,30,54,1,1071,Low,Rain,0,0,0
S024,C,Standard,973,16.17,20,15,1,1114,Medium,Rain,0,0,0
S089,B,Compact,424,6.96,100,23,1,52,Medium,Clear,0,0,1
S036,C,Standard,647,11.03,100,40,0,1167,Low,Clear,0,0,0
S085,B,Standard,809,13.77,100,63,1,1132,Medium,Clear,0,0,0
S030,B,Large,503,7.79,30,20,0,789,High,Cloudy,0,0,0
S024,B,Standard,266,4.05,80,78,0,456,Low,Cloudy,0,0,0
S030,B,Standard,91,1.88,50,11,1,67,High,Cloudy,1,0,1
S086,D,Standard,243,4.19,40,26,1,800,High,Cloudy,0,0,1
S092,C,Compact,376,6.32,60,45,1,635,High,Clear,0,0,0
S007,C,Standard,422,6.74,80,12,1,937,Low,Clear,0,0,1
S035,D,EV,514,8.7,40,72,1,381,Medium,Rain,1,0,0
S055,B,Compact,212,3.9,20,52,0,1062,Medium,Rain,0,0,0
S092,B,Standard,325,6.11,80,42,0,218,Low,Clear,0,0,0
S014,C,Standard,413,6.78,60,87,1,825,Medium,Clear,0,0,0
S010,D,Standard,691,11.78,20,38,0,898,High,Clear,0,0,0
S080,B,Standard,824,14.29,10,32,0,990,High,Clear,0,0,0
S016,B,Large,529,8.38,80,68,1,255,Low,Clear,0,0,0
S054,B,Compact,738,12.84,30,90,0,570,Low,Clear,0,0,0
S095,A,Standard,509,8.54,80,58,1,1067,Low,Clear,0,1,0
S089,D,Compact,314,5.26,80,64,1,353,Low,Cloudy,0,0,1
S077,B,Standard,588,9.64,50,84,1,164,Medium,Rain,0,0,0
S070,A,Large,435,7.14,10,37,1,713,Medium,Rain,1,0,1
S044,D,Compact,134,2.01,100,80,1,136,Medium,Cloudy,0,0,1
S073,B,Standard,757,12.33,30,81,0,1168,High,Cloudy,0,0,0
S045,C,Standard,365,6.22,20,34,0,792,Low,Clear,0,0,0
S100,A,Large,292,5.2,50,16,1,477,Medium,Clear,0,0,1
S056,A,Large,518,8.32,20,95,0,499,Medium,Cloudy,0,0,0
S084,B,Standard,929,15.27,60,82,0,835,High,Clear,0,0,0
S082,B,Standard,391,6.59,20,84,1,764,High,Clear,0,0,0
S057,A,Compact,226,3.43,100,43,1,51,Medium,Cloudy,0,0,1
S021,C,Standard,179,3.06,40,100,1,1151,High,Clear,0,0,0
S068,C,Standard,706,11.69,30,31,0,792,Medium,Rain,0,0,0
S050,D,Standard,132,1.71,10,76,1,1171,High,Rain,0,0,0
S033,B,Standard,409,6.96,80,59,1,159,Medium,Clear,0,1,0
S091,C,Standard,137,2.12,40,57,0,728,Low,Clear,0,0,0
S007,D,EV,581,9.99,100,81,0,420,High,Clear,1,0,0
S070,C,Compact,791,13.12,60,79,1,939,Low,Rain,0,1,0
S015,B,Standard,687,11.24,30,66,1,648,High,Clear,0,0,0
S082,D,Standard,520,8.66,60,34,1,1095,Medium,Clear,0,0,0
S032,D,Standard,547,9.49,100,75,0,771,Medium,Clear,0,0,0
S075,D,Standard,556,9.82,30,25,1,354,Low,Clear,0,0,1
S020,C,EV,403,6.89,30,67,1,973,Low,Cloudy,1,0,1
S088,B,Standard,465,7.57,50,50,0,885,High,Clear,0,0,0
S015,D,EV,100,1.68,40,60,0,495,Low,Cloudy,1,0,0
S048,A,Standard,649,10.79,100,30,0,981,High,Cloudy,0,0,0
S071,B,Compact,731,12.14,10,88,1,327,Medium,Clear,1,0,0
S021,A,Standard,112,1.79,40,65,1,426,Medium,Cloudy,0,0,1
S042,A,Standard,138,2.01,60,56,1,281,Medium,Rain,1,0,1
S026,D,Standard,750,12.79,20,52,1,641,Low,Cloudy,0,0,0
S014,D,Large,239,4.24,60,93,1,475,Medium,Cloudy,0,0,1
S057,C,Large,948,15.81,30,40,1,1128,Medium,Cloudy,0,0,0
S037,C,Large,650,11.21,20,24,0,490,High,Clear,0,0,0
S058,C,Compact,397,6.79,40,57,0,83,Medium,Rain,0,0,0
S021,B,Large,893,14.55,10,71,1,378,Low,Clear,0,0,0
S082,C,Standard,587,9.68,20,79,0,894,High,Clear,0,0,0
S069,A,Standard,225,4.19,20,12,1,503,Medium,Clear,0,0,1
S003,C,Compact,413,6.78,80,47,0,813,Medium,Clear,0,0,0
S087,D,Compact,825,13.54,100,96,0,1198,Medium,Cloudy,0,0,0
S090,C,Compact,950,16.05,50,67,1,572,Medium,Clear,0,0,0
S037,B,Standard,956,15.85,40,76,1,531,Medium,Rain,1,0,0
S088,B,Standard,603,10.22,20,54,1,366,Medium,Rain,0,0,1
S049,A,EV,532,8.86,40,53,1,171,Low,Clear,1,0,1
S019,B,Compact,168,2.56,10,17,0,630,Medium,Clear,0,0,0
S089,C,Standard,218,3.43,20,75,0,536,Low,Clear,1,0,0
S085,D,Large,669,10.64,100,80,1,1085,Medium,Cloudy,0,0,0
S012,B,EV,196,2.94,10,70,0,174,Low,Clear,1,0,0
S061,A,Standard,737,12.47,60,26,0,708,Low,Clear,0,0,0
S041,C,Large,486,8.46,20,80,1,1150,High,Rain,0,0,0
S033,A,EV,488,7.95,100,45,0,629,Medium,Cloudy,1,0,0
S050,B,EV,937,15.2,80,77,1,767,Medium,Clear,1,0,0
S068,B,EV,238,4.31,30,89,1,819,Medium,Cloudy,1,0,1
S071,A,Standard,209,3.83,50,30,1,953,Low,Cloudy,0,0,1
S086,C,Standard,863,14.6,100,91,1,455,Medium,Clear,0,0,0
S033,B,Standard,909,14.71,50,55,0,326,High,Clear,0,0,0
S081,D,Standard,981,16.5,100,55,1,974,Low,Clear,0,0,0
S024,B,Standard,451,7.68,50,25,0,1174,Medium,Cloudy,0,0,0
S061,C,Standard,635,10.85,10,31,0,903,Low,Clear,0,0,0
S061,B,Standard,913,15.26,40,15,1,556,Low,Clear,0,0,0
S098,A,Standard,67,1.0,80,65,0,286,High,Cloudy,0,0,0
S028,B,Standard,189,3.03,50,54,1,1043,Medium,Cloudy,0,0,1
S058,B,Large,164,3.09,100,67,1,801,Low,Rain,1,0,1
S043,C,Standard,377,6.4,100,37,1,555,Low,Cloudy,0,0,1
S041,A,Compact,274,4.17,100,26,1,214,Medium,Rain,0,1,0
S039,C,Standard,607,10.63,60,45,0,895,Medium,Clear,0,0,0
S086,B,Standard,488,8.48,100,21,1,777,Low,Cloudy,0,0,0
S049,D,EV,599,10.48,100,59,0,425,Medium,Clear,1,0,0
S017,B,Standard,767,13.12,20,68,1,1085,Medium,Clear,0,0,0
S098,C,Standard,435,6.97,20,21,0,132,Low,Cloudy,1,0,0
S070,D,Standard,570,9.6,30,71,0,480,Medium,Cloudy,0,0,0
S070,C,Standard,302,5.21,100,49,1,527,Low,Cloudy,1,0,1
S098,C,Standard,669,10.75,10,11,1,832,Low,Clear,0,0,1
S065,A,Standard,950,15.48,20,34,1,418,Low,Clear,0,0,0
S074,D,Standard,147,2.67,20,94,1,1004,Low,Clear,0,0,1
S085,B,Large,836,14.18,80,95,1,190,High,Rain,0,0,0
S005,C,Compact,120,2.71,30,83,1,769,Medium,Clear,0,0,1
S002,B,Standard,600,9.92,30,40,1,1065,High,Clear,1,0,0
S022,A,Standard,859,13.81,40,56,0,337,Medium,Rain,1,1,0
S057,A,Standard,962,15.99,40,69,1,404,Low,Clear,0,0,0
S066,D,Standard,496,8.52,40,82,1,392,Low,Clear,0,0,1
S074,A,Standard,139,2.21,20,50,0,198,High,Cloudy,1,0,0
S098,A,Large,479,8.01,30,59,0,259,Low,Clear,0,0,0
S016,B,Standard,268,4.27,60,32,0,1185,Medium,Clear,0,0,0
S051,A,Large,156,2.96,10,21,1,703,Medium,Cloudy,0,0,1
S039,A,Standard,525,8.97,40,80,1,1025,Low,Clear,0,0,0
S086,C,EV,965,15.84,60,92,0,585,Low,Cloudy,1,1,0
S076,A,Compact,503,8.23,50,31,1,1122,Low,Rain,0,1,0
S088,C,Compact,953,15.68,20,65,1,380,Low,Rain,0,0,0
S040,A,Standard,657,10.39,10,25,0,414,Low,Clear,0,0,0
S038,A,Large,964,15.84,20,67,0,60,Medium,Clear,0,0,0
S060,D,Large,593,9.35,60,81,0,558,Medium,Clear,1,0,0
S059,D,Compact,175,3.2,40,60,1,629,Medium,Clear,1,0,1
S010,C,Standard,196,3.57,60,15,1,1163,Low,Clear,0,0,1
S099,A,Compact,329,5.39,60,11,1,671,Medium,Clear,0,0,1
S064,B,Standard,73,1.28,80,71,1,950,Low,Clear,1,0,1
S063,D,Compact,770,13.15,20,51,1,767,High,Cloudy,0,0,0
S049,B,Large,169,3.05,40,52,0,1105,Medium,Clear,1,0,0
S064,D,Standard,835,14.52,20,61,1,376,Low,Cloudy,0,0,0
S032,D,Standard,701,11.76,40,67,0,123,Low,Clear,0,0,0
S007,A,Standard,346,6.2,80,29,1,300,Medium,Cloudy,0,0,1
S021,D,Compact,904,15.1,100,65,0,499,Medium,Cloudy,1,0,0
S020,B,Standard,993,16.51,30,76,1,955,Low,Clear,0,0,0
S026,D,Standard,131,2.39,30,68,0,404,Medium,Clear,0,0,0
S068,C,Standard,497,8.45,80,57,1,582,Low,Cloudy,0,0,0
S086,A,Large,961,15.83,80,44,0,345,Low,Clear,0,0,0
S015,A,Standard,769,12.57,80,17,1,347,Low,Clear,0,0,0
S085,C,Compact,968,16.16,100,85,0,351,High,Clear,0,0,0
S079,C,Standard,519,8.08,80,41,1,561,Low,Clear,1,0,0
S086,C,Large,472,7.77,30,54,1,634,Medium,Cloudy,0,0,1
S092,D,EV,594,9.61,30,94,0,423,Medium,Clear,1,0,0
S014,A,Standard,73,1.04,80,76,1,1167,Low,Rain,0,0,1
S027,C,Standard,110,1.6,30,36,1,181,High,Clear,0,1,0
S040,D,Large,872,14.76,50,12,1,959,Medium,Rain,0,0,0
S058,C,Standard,750,12.63,20,66,1,102,Low,Clear,0,1,0
S028,B,Standard,133,2.23,60,74,0,278,Medium,Cloudy,0,0,0
S026,B,Large,274,4.45,80,29,1,689,High,Clear,0,0,0
S063,A,EV,729,12.46,30,80,0,846,High,Cloudy,1,0,0
S066,D,Compact,235,4.19,50,50,0,840,Medium,Clear,0,0,0
S025,B,Standard,424,7.03,80,10,1,544,Medium,Rain,0,0,1
S003,B,Standard,121,2.42,50,83,1,902,Low,Clear,0,0,1
S072,D,Standard,123,1.99,20,85,0,720,High,Clear,0,0,0
S044,C,Large,946,15.83,100,13,0,1144,Low,Clear,0,0,0
S097,D,Large,390,6.33,20,80,1,238,Low,Cloudy,1,1,0
S042,C,Large,202,3.25,40,19,0,712,High,Clear,1,0,0
S099,B,Standard,145,2.23,40,95,1,57,Low,Cloudy,0,0,1
S006,B,Compact,614,10.44,100,98,1,381,Medium,Clear,0,0,0
S039,B,Standard,494,8.35,30,38,0,1089,Medium,Clear,0,0,0
S052,A,Standard,735,11.93,10,24,1,715,High,Cloudy,0,0,0
S023,A,Large,159,2.82,40,28,1,718,Low,Clear,0,0,1
S089,A,Standard,507,8.99,10,67,1,1166,Medium,Clear,0,0,0
S050,D,Compact,877,14.42,60,62,1,210,Low,Clear,0,0,0
S043,B,Compact,100,1.45,40,55,1,400,Low,Clear,0,1,0
S019,B,EV,426,7.1,60,27,1,366,High,Clear,1,0,1
S069,D,Large,814,13.98,50,12,1,986,Medium,Clear,1,1,0
S051,A,Large,122,1.9,50,79,0,67,Low,Clear,0,1,0
S011,D,Standard,261,4.9,60,31,1,535,Low,Clear,0,0,1
S012,A,Standard,481,7.7,50,64,1,416,Low,Clear,1,0,1
S074,B,Standard,773,12.94,60,73,1,400,Medium,Clear,0,0,0
S008,C,Standard,812,13.02,10,50,0,577,Low,Clear,0,0,0
S024,A,Compact,217,3.34,30,94,1,921,Low,Clear,0,0,1
S092,B,Compact,824,13.67,60,17,0,982,Low,Cloudy,0,0,0
S041,B,Standard,380,6.41,40,74,1,319,High,Clear,0,0,0
S036,C,Standard,791,13.56,40,12,1,920,Medium,Cloudy,0,0,0
S085,B,Standard,800,13.12,100,38,1,1141,Medium,Clear,0,0,0
S072,B,Compact,836,14.06,10,79,1,1103,Low,Clear,1,0,0
S055,A,Compact,543,8.65,60,27,1,365,Medium,Clear,0,0,1
S009,A,Compact,192,3.5,50,67,0,786,High,Clear,0,0,0
S047,C,Standard,631,10.91,100,10,1,213,Medium,Clear,0,0,0
S015,C,Standard,494,8.54,30,31,0,975,Low,Rain,0,1,0
S048,B,Large,873,14.86,40,32,1,369,High,Clear,0,0,0
S082,A,Large,443,7.36,100,17,0,1087,Medium,Clear,0,0,0
S042,C,Standard,561,9.43,100,38,1,328,Low,Clear,0,0,0
S060,C,Compact,735,12.22,30,53,1,481,Medium,Rain,0,0,0
S084,D,Standard,897,14.94,30,71,1,717,Low,Clear,1,0,0
S070,C,Compact,670,10.94,20,28,1,683,Low,Clear,0,0,1
S012,B,Large,764,12.82,30,68,1,571,High,Clear,0,0,0
S002,A,Compact,746,12.56,60,89,0,1013,Medium,Cloudy,1,0,0
S007,C,Standard,852,14.5,80,28,1,407,Medium,Cloudy,0,0,0
S080,D,Standard,377,6.4,20,31,1,1086,High,Clear,0,0,0
S003,A,Compact,653,11.15,100,92,0,774,Medium,Rain,1,0,0
S003,C,Compact,308,4.91,80,77,0,722,Medium,Cloudy,0,0,0
S027,D,Compact,883,15.14,10,14,0,281,High,Rain,0,0,0
S040,C,Compact,486,8.03,50,14,0,520,Medium,Cloudy,1,0,0
S033,A,Standard,767,12.17,20,34,1,688,Low,Clear,0,0,0
S092,A,EV,613,10.1,80,33,0,609,High,Clear,1,0,0
S001,A,Large,398,6.81,30,10,1,622,Low,Cloudy,0,0,1
S008,B,Standard,742,12.39,50,37,0,651,Low,Clear,0,0,0
S032,C,Compact,999,16.07,30,56,0,304,Low,Cloudy,0,0,0
S048,B,Standard,864,14.46,30,94,1,651,Medium,Rain,0,0,0
S004,A,Standard,564,9.44,20,69,1,329,High,Clear,1,0,0
S094,D,Standard,498,8.01,100,28,0,166,Medium,Cloudy,0,0,0
S070,C,Compact,448,7.64,10,96,1,659,Low,Clear,0,0,1
S019,B,Large,645,10.71,100,23,0,901,Low,Clear,1,0,0
S032,C,Compact,263,3.8,80,79,0,347,Medium,Cloudy,0,0,0
S009,D,Standard,595,10.13,30,17,0,965,Low,Clear,0,0,0
S012,B,Standard,611,10.24,60,46,1,567,Medium,Cloudy,1,0,0
S011,A,Standard,338,6.09,100,95,1,427,Medium,Clear,0,1,0
S046,B,Standard,890,14.57,100,81,1,475,Medium,Cloudy,0,0,0
S016,C,Large,308,5.06,20,19,1,586,Medium,Clear,0,0,1
S001,C,EV,307,5.44,100,76,1,602,Low,Clear,1,0,0
S063,C,Standard,437,7.01,60,22,1,218,Medium,Clear,0,1,0
S021,C,Compact,833,14.19,60,48,1,564,Low,Clear,0,0,0
S030,A,EV,743,12.7,80,73,0,479,Low,Cloudy,1,0,0
S013,B,Standard,594,9.99,30,39,0,618,Medium,Clear,0,1,0
S034,A,Large,314,5.18,80,13,1,132,Low,Rain,0,0,1
S004,A,Compact,362,5.84,60,54,1,379,Low,Clear,0,1,0
S028,A,Compact,89,1.27,80,15,1,740,Low,Clear,0,0,1
S095,C,Standard,869,14.58,50,25,1,506,Medium,Clear,0,0,0
S059,C,Compact,259,3.45,10,31,1,402,Low,Cloudy,0,0,1
S027,C,Large,321,5.18,30,100,1,393,Low,Cloudy,0,0,1
S069,B,Standard,185,2.87,60,30,0,1167,Low,Clear,0,0,0
S025,D,Standard,648,10.5,10,74,1,811,Medium,Clear,0,0,0
S003,C,Standard,109,1.87,80,39,1,247,Medium,Cloudy,0,0,1
S097,B,Large,559,8.88,10,33,1,128,Medium,Clear,0,0,1
S068,C,Standard,725,12.44,50,73,1,727,Medium,Clear,0,0,0
S025,C,Large,564,9.67,50,22,0,600,Medium,Cloudy,0,1,0
S020,A,Standard,64,1.47,40,35,1,869,High,Clear,0,0,1
S034,A,Standard,663,10.89,10,29,1,263,Low,Clear,0,0,1
S026,A,Standard,304,5.13,30,70,1,718,Medium,Cloudy,0,0,1
S005,B,Standard,786,13.35,50,15,1,1038,Medium,Clear,0,0,0
S099,D,Standard,771,12.81,30,52,0,943,Medium,Clear,0,0,0
S061,D,Compact,584,9.56,10,58,0,208,Medium,Clear,0,0,0
S092,B,Standard,284,4.77,50,18,0,788,High,Clear,0,0,0
S093,C,Standard,180,2.94,40,46,1,606,High,Cloudy,0,0,1
S009,B,Standard,719,11.66,10,25,1,250,Medium,Cloudy,0,0,1
S050,C,Compact,734,11.52,30,13,1,71,Medium,Clear,0,0,1
S006,B,Compact,66,1.0,100,41,0,834,Medium,Cloudy,0,0,0
S083,B,Compact,931,14.81,40,93,0,56,Medium,Clear,0,0,0
S060,B,EV,875,14.32,10,26,1,853,High,Cloudy,1,0,0
S044,D,Standard,927,15.88,50,50,1,817,Medium,Cloudy,0,1,0
S011,A,Standard,234,3.35,60,98,1,628,Low,Clear,0,1,0
S066,B,Standard,440,7.47,10,54,1,1150,Medium,Clear,0,1,0
S047,D,Standard,472,8.23,20,25,1,538,Medium,Cloudy,0,0,1
S073,A,Compact,895,14.44,30,29,0,975,High,Cloudy,0,0,0
S085,A,Standard,491,8.72,50,51,1,136,High,Cloudy,1,0,1
S088,B,Standard,745,12.39,50,19,0,271,High,Clear,0,0,0
S098,C,Standard,704,12.14,20,61,1,462,Medium,Clear,0,0,0
S086,C,EV,605,10.16,60,69,1,633,Low,Clear,1,0,0
S003,C,EV,61,1.0,40,57,1,251,Medium,Clear,1,0,1
S076,B,Standard,569,8.61,100,32,0,620,Low,Cloudy,0,0,0
S092,C,Standard,129,1.82,50,42,0,270,High,Cloudy,0,0,0
S030,D,Large,858,14.5,80,86,1,206,Medium,Clear,0,0,0
S090,D,EV,723,12.51,40,34,0,178,High,Clear,1,0,0
S021,D,Standard,351,5.43,40,59,0,926,Low,Clear,0,0,0
S028,D,Standard,265,4.4,40,97,1,319,Low,Clear,0,1,0
S090,A,EV,297,4.82,60,79,1,212,Medium,Clear,1,0,1
S062,D,Compact,590,9.96,10,88,1,1004,Low,Cloudy,0,0,0
S033,C,Standard,321,5.38,20,64,0,73,Medium,Rain,0,0,0
S085,B,Compact,182,2.92,30,77,1,546,Medium,Clear,1,0,1
S035,C,EV,54,1.09,20,87,0,242,Medium,Cloudy,1,0,0
S052,D,Large,805,13.21,50,13,1,927,Low,Clear,0,1,0
S034,A,Compact,591,9.85,20,37,1,439,High,Clear,0,0,0
S041,D,Compact,678,11.53,30,38,1,546,Medium,Clear,0,0,0
S051,B,Standard,739,12.1,10,91,1,1013,High,Clear,0,0,0
S047,C,Large,822,13.59,50,93,0,855,Low,Rain,1,0,0
S082,B,Standard,796,13.1,10,57,0,178,Low,Cloudy,0,0,0
S058,B,EV,190,3.3,50,81,1,1070,High,Clear,1,0,0
S075,B,Standard,532,8.97,30,22,0,602,Low,Cloudy,0,1,0
S057,C,Large,354,5.74,10,52,1,1109,Medium,Clear,0,0,1
S023,D,Standard,394,6.67,30,18,0,410,High,Cloudy,0,0,0
S048,B,Standard,611,9.34,30,49,1,814,Medium,Cloudy,0,0,0
S022,C,Standard,319,5.57,60,55,1,336,Low,Clear,0,0,1
S017,A,Compact,157,2.89,20,67,0,817,Low,Clear,1,0,0
S069,C,Large,607,9.96,50,65,1,974,Medium,Rain,0,0,0
S011,A,Compact,523,8.51,40,21,0,418,Medium,Clear,0,0,0
S094,C,Standard,131,2.17,40,34,0,948,Low,Clear,0,0,0
S015,D,Standard,687,11.18,10,98,1,1134,Medium,Cloudy,0,1,0
S091,B,EV,133,1.99,30,25,1,311,Medium,Cloudy,1,0,1
S035,D,Compact,339,5.74,20,60,1,837,High,Cloudy,0,0,0
S033,C,Compact,120,2.24,50,89,1,160,Low,Cloudy,0,0,1
S084,B,Large,224,3.83,10,96,0,991,Medium,Cloudy,0,0,0
S016,A,Compact,877,15.48,30,81,1,190,High,Clear,0,0,0
S034,C,Standard,891,15.22,60,62,1,794,Medium,Rain,0,0,0
S066,B,Compact,512,8.75,40,61,0,584,Medium,Clear,0,1,0
S099,A,Compact,898,15.18,40,76,1,128,Low,Clear,0,0,0
S040,A,Large,444,7.43,50,33,1,1104,Low,Clear,0,0,0
S028,D,Large,915,15.4,50,95,0,558,Medium,Clear,1,0,0
S047,C,Standard,140,2.39,50,23,0,1020,Low,Clear,1,0,0
S039,A,Standard,518,8.95,10,31,0,115,High,Clear,0,0,0
S070,B,Standard,912,15.12,50,40,1,336,High,Clear,0,0,0
S073,A,Standard,483,7.95,100,94,1,172,Low,Clear,0,0,0
S020,A,Compact,298,5.32,10,67,0,604,Low,Clear,1,0,0
S001,D,Large,693,11.41,20,78,0,1053,High,Clear,0,1,0
S072,D,Standard,730,11.88,30,28,1,53,Medium,Cloudy,0,1,0
S087,B,Standard,621,10.13,40,62,1,461,Medium,Rain,0,0,0
S063,D,EV,930,15.72,80,94,1,299,Medium,Clear,1,0,0
S067,A,Large,898,15.77,80,11,1,502,Low,Cloudy,0,0,0
S004,A,Standard,290,4.57,10,62,1,207,High,Rain,0,0,1
S058,D,Large,751,12.71,30,76,1,886,Medium,Clear,0,0,0
S025,A,Standard,545,9.13,60,56,1,1063,Low,Cloudy,0,0,0
S047,A,Standard,389,6.82,50,62,1,1102,Low,Rain,0,0,0
S038,B,Standard,842,14.22,40,66,0,1027,High,Clear,0,0,0
S015,D,Standard,793,13.57,60,34,0,384,Medium,Clear,0,0,0
S063,A,Standard,520,8.75,100,44,1,202,Low,Rain,0,0,1
S021,D,EV,512,8.28,10,38,0,798,Low,Clear,1,0,0
S099,B,Large,850,13.96,50,85,0,883,Low,Clear,0,0,0
S057,D,Standard,324,5.46,100,96,1,1188,High,Clear,0,0,0
S053,A,Standard,874,14.71,30,26,0,857,Medium,Clear,0,0,0
S046,D,Standard,64,1.0,100,89,0,807,Medium,Rain,0,0,0
S014,A,Compact,90,2.1,20,58,1,1105,High,Clear,1,0,1
S100,A,Large,257,4.57,30,65,1,581,Medium,Clear,0,0,1
S076,A,Standard,109,1.19,10,82,0,102,Medium,Cloudy,1,1,0
S017,B,Standard,414,6.86,20,12,1,767,High,Cloudy,0,0,1
S039,D,Compact,289,4.51,20,31,0,394,Low,Rain,0,0,0
S009,B,Compact,657,11.52,50,23,1,1155,High,Clear,0,0,0
S099,D,Standard,839,13.32,30,12,0,50,Low,Rain,0,0,0
S077,B,Compact,988,16.59,10,47,1,216,Medium,Clear,0,0,0
S079,C,Compact,209,3.52,60,96,0,366,Low,Cloudy,0,0,0
S082,A,Standard,446,7.68,60,30,0,1014,High,Clear,0,0,0
S097,A,Standard,983,16.48,20,60,0,947,Medium,Rain,0,0,0
S006,B,Standard,843,14.67,50,33,1,322,Low,Cloudy,1,0,0
S091,C,Large,549,9.43,100,54,1,422,Low,Clear,1,0,0
S023,A,EV,258,3.75,60,78,0,949,Medium,Clear,1,0,0
S059,D,Large,182,3.45,20,53,1,250,Medium,Rain,0,0,1
S091,B,Compact,430,7.23,80,56,0,189,Medium,Cloudy,0,0,0
S098,A,Compact,482,8.46,100,66,1,355,High,Clear,0,0,0
S046,A,Compact,658,10.87,30,28,0,1134,High,Clear,0,0,0
S038,B,EV,780,12.68,60,43,1,409,Medium,Rain,1,1,0
S014,B,Standard,438,6.92,40,12,1,356,Medium,Clear,0,0,1
S100,D,Standard,632,10.85,80,48,1,382,Low,Clear,0,0,0
S072,D,Compact,481,8.26,10,84,0,1156,High,Cloudy,1,1,0
S062,A,Compact,323,5.21,80,69,0,383,Low,Clear,1,0,0
S035,A,Standard,400,5.87,40,19,1,566,Low,Clear,0,0,1
S019,B,Compact,183,3.38,30,49,0,780,Medium,Clear,0,0,0
S030,A,Large,115,1.31,100,11,1,973,High,Cloudy,1,1,0
S078,A,Standard,688,12.12,40,54,0,815,Medium,Clear,0,0,0
S084,B,Large,254,3.8,30,36,0,834,High,Clear,0,0,0
S025,A,Standard,347,5.79,30,62,0,70,Low,Clear,1,0,0
S040,A,EV,166,2.84,50,18,1,928,Medium,Clear,1,0,1
S088,C,Standard,997,16.73,80,10,1,226,Low,Clear,1,0,0
S014,D,Compact,316,5.36,40,42,1,71,Medium,Clear,0,0,1
S026,B,Standard,843,14.09,20,47,0,886,Medium,Clear,1,0,0
S087,C,Standard,198,3.17,30,66,1,1009,Medium,Clear,0,0,1
S022,D,Compact,243,3.98,80,42,1,597,Low,Clear,0,0,1
S048,D,Standard,729,11.95,40,57,1,299,Medium,Cloudy,0,0,0
S083,D,Standard,873,14.58,20,12,0,710,Low,Rain,0,0,0
S051,C,Standard,935,15.06,10,41,1,1001,Low,Cloudy,0,0,0
S003,C,Large,228,3.89,20,86,1,1146,Low,Cloudy,0,0,1
S042,D,Large,197,3.25,40,30,1,1164,Low,Rain,0,0,1
S019,A,Standard,514,8.82,100,77,0,175,Low,Clear,1,0,0
S073,A,Compact,618,10.21,100,26,0,660,Low,Clear,0,0,0
S028,C,Large,54,1.08,40,51,0,1059,Low,Cloudy,0,0,0
S084,C,Compact,575,9.75,20,77,1,93,Medium,Clear,0,0,1
S045,C,Standard,329,5.44,20,93,0,597,Medium,Cloudy,0,0,0
S071,D,Compact,548,9.24,60,21,1,484,High,Cloudy,0,0,0
S078,A,Standard,885,14.35,30,99,1,1103,Medium,Cloudy,0,0,0
S063,C,Standard,485,8.49,40,54,1,843,Low,Cloudy,0,0,0
S073,C,Standard,865,14.25,30,45,1,406,Medium,Clear,0,0,0
S019,B,Compact,265,4.36,30,89,1,302,Low,Clear,0,0,1
S047,D,Standard,736,11.95,80,60,1,834,Medium,Clear,1,0,0
S014,B,EV,877,14.39,10,16,1,770,Low,Clear,1,0,0
S038,A,Standard,564,9.89,80,42,1,786,Medium,Cloudy,0,0,0
S053,B,Standard,936,15.64,40,57,1,949,Medium,Clear,1,0,0
S061,B,Standard,186,3.01,30,75,0,172,High,Rain,0,0,0
S036,B,Standard,661,10.93,100,42,1,734,Low,Clear,0,0,0
S040,D,Standard,644,10.73,10,87,0,192,High,Clear,0,0,0
S081,A,Standard,329,5.7,60,93,0,1052,Medium,Rain,0,0,0
S030,B,Standard,181,3.07,100,36,0,987,High,Cloudy,0,0,0
S009,D,Standard,442,7.43,30,56,0,560,Medium,Clear,1,0,0
S064,A,Standard,530,8.56,100,94,1,106,Medium,Cloudy,0,0,0
S033,C,Standard,562,9.28,30,75,1,91,Medium,Clear,0,0,1
S052,B,Large,677,11.33,60,52,1,870,High,Cloudy,0,0,0
S089,A,Compact,468,7.79,40,89,1,1194,Medium,Clear,0,1,0
S014,B,Compact,251,4.06,80,28,0,392,Medium,Clear,0,0,0
S075,C,Standard,701,11.53,100,77,0,381,Medium,Clear,0,0,0
S053,A,Compact,707,11.91,20,19,1,390,Medium,Cloudy,0,0,1
S099,D,EV,511,8.65,60,31,1,390,High,Clear,1,0,0
S059,A,Standard,827,14.08,20,85,0,898,Low,Cloudy,0,0,0
S078,D,Standard,251,4.24,40,75,1,231,Low,Cloudy,0,0,1
S094,A,Standard,963,15.43,100,11,1,1033,Medium,Clear,0,0,0
S041,D,Standard,201,4.06,80,27,1,572,Medium,Clear,1,0,1
S068,C,Standard,946,15.76,20,89,1,231,Low,Cloudy,0,0,0
S068,C,Compact,271,4.39,80,28,1,300,Medium,Cloudy,0,0,1
S092,C,Standard,128,2.12,100,98,1,187,Medium,Clear,0,1,0
S008,A,EV,249,4.03,50,39,1,800,Low,Clear,1,0,1
S002,C,Standard,811,13.27,20,15,0,503,Medium,Cloudy,0,0,0
S086,B,Standard,148,2.65,80,36,1,932,High,Clear,0,0,0
S041,C,EV,961,15.97,60,24,1,136,Medium,Cloudy,1,0,0
S055,D,Large,262,4.34,30,40,0,342,Medium,Cloudy,0,0,0
S016,D,Standard,192,2.45,30,53,0,141,Low,Clear,0,0,0
S093,D,Compact,751,12.45,10,95,1,257,High,Cloudy,0,0,0
S062,A,Large,438,6.98,100,85,1,235,Medium,Cloudy,0,0,0
S048,B,Standard,862,14.21,60,19,1,1158,Medium,Clear,0,0,0
S030,C,Standard,423,7.12,100,30,0,205,Low,Clear,0,0,0
S012,B,Large,101,1.5,80,56,1,342,Medium,Cloudy,0,0,1
S035,B,Standard,673,11.07,40,64,1,582,Medium,Clear,0,0,0
S011,D,Standard,184,3.1,10,45,0,210,High,Rain,0,0,0
S064,D,Standard,460,7.51,100,83,1,900,Low,Clear,0,0,0
S050,D,Standard,519,8.33,30,67,0,205,Low,Rain,0,0,0
S085,A,Large,161,2.17,30,28,0,192,Low,Cloudy,0,0,0
S021,B,Standard,574,9.67,10,96,1,611,Medium,Clear,0,0,0
S069,B,Large,834,13.75,60,73,1,84,Low,Clear,0,0,0
S048,A,Standard,794,12.73,50,19,0,273,High,Clear,1,0,0
S020,A,Standard,93,1.92,20,58,1,717,Low,Cloudy,1,0,1
S067,A,Standard,446,7.53,80,63,0,442,Medium,Rain,0,0,0
S044,B,Compact,634,10.21,100,70,0,457,Medium,Cloudy,0,0,0
S033,B,EV,310,4.96,80,68,1,346,Medium,Clear,1,0,1
S073,D,Standard,792,13.51,50,100,1,372,High,Clear,0,0,0
S061,D,Standard,594,9.85,50,11,0,88,Medium,Clear,0,0,0
S009,B,Compact,437,7.16,100,84,1,554,Low,Clear,0,0,0
S068,D,Large,525,8.98,50,17,0,802,Low,Clear,0,0,0
S035,A,Standard,459,7.6,80,28,1,1190,High,Clear,0,0,0
S081,C,Compact,629,10.85,100,89,1,289,High,Rain,0,0,0
S098,D,Compact,65,1.0,60,77,1,736,Low,Clear,0,0,1
S088,B,Standard,711,11.68,50,23,0,789,Medium,Cloudy,0,0,0
S096,D,Standard,853,14.22,20,31,1,1046,Medium,Clear,0,0,0
S065,D,Standard,151,2.81,40,26,1,536,Medium,Cloudy,0,0,1
S008,D,Large,235,3.99,10,72,1,814,High,Cloudy,0,0,1
S045,C,Compact,1000,16.7,100,35,1,672,Low,Cloudy,0,0,0
S087,A,Standard,980,16.09,50,45,1,785,Medium,Clear,0,0,0
S047,B,Standard,74,1.0,50,54,1,347,Medium,Cloudy,1,0,1
S040,C,Standard,121,2.31,10,39,1,1125,Medium,Clear,0,0,1
S076,B,Large,642,11.02,100,30,1,782,Medium,Clear,0,1,0
S054,B,Standard,622,10.68,100,29,1,1050,Medium,Rain,0,0,0
S076,B,Standard,67,1.35,80,51,1,353,Low,Rain,0,0,1
S046,C,Standard,803,13.52,80,99,1,713,Medium,Clear,0,0,0
S047,A,Standard,619,10.45,100,65,1,948,Medium,Cloudy,0,0,0
S015,B,Standard,381,6.39,100,21,1,1191,Low,Clear,0,1,0
S019,A,Standard,938,15.8,10,17,0,840,Low,Cloudy,0,0,0
S026,A,Standard,618,10.29,80,72,1,696,Medium,Cloudy,1,0,0
S052,D,Large,146,2.6,80,65,1,258,Low,Clear,0,0,1
S093,C,Standard,776,13.21,40,16,0,1200,Medium,Cloudy,0,0,0
S022,C,Standard,880,14.29,30,71,0,568,High,Clear,0,1,0
S021,D,Large,61,1.35,40,70,1,126,Low,Rain,1,0,1
S051,D,Standard,60,1.0,30,19,1,387,Medium,Rain,0,0,1
S038,A,Compact,958,16.4,60,59,0,912,Medium,Clear,0,0,0
S020,B,Standard,212,3.91,20,29,1,962,Medium,Cloudy,0,0,1
S029,C,Standard,332,5.22,80,37,1,856,Low,Clear,1,0,1
S051,B,Standard,778,12.97,40,23,1,1190,High,Clear,0,0,0
S004,B,Standard,921,14.79,20,85,0,621,Medium,Rain,0,0,0
S055,D,Large,884,14.62,10,17,1,473,Low,Clear,0,0,0
S071,B,Standard,290,4.94,40,16,1,722,Medium,Clear,1,0,1
S092,A,Standard,906,15.35,60,14,0,1089,Medium,Rain,0,0,0
S028,D,Standard,94,1.59,10,10,0,975,High,Clear,0,0,0
S004,B,Standard,642,10.83,60,82,1,147,High,Cloudy,1,0,0
S022,D,Standard,304,4.86,60,91,1,349,Low,Cloudy,0,0,1
S076,A,Standard,116,1.93,50,19,0,796,Medium,Cloudy,0,0,0
S045,A,Standard,967,15.94,10,67,1,323,High,Cloudy,0,0,0
S067,B,Large,663,11.13,80,74,1,310,Medium,Clear,0,0,0
S086,D,Standard,652,11.28,60,69,1,985,Medium,Cloudy,0,0,0
S066,B,Compact,91,1.5,50,29,1,381,Medium,Rain,0,0,1
S088,B,Large,837,13.54,30,67,1,164,Low,Rain,0,0,0
S034,D,Standard,865,14.48,50,52,1,317,Medium,Clear,0,0,0
S091,B,Large,835,14.13,80,38,0,61,High,Cloudy,0,0,0
S055,A,Large,433,6.94,30,11,0,122,Low,Cloudy,0,0,0
S001,D,Standard,638,11.01,50,35,1,1065,Medium,Cloudy,1,0,0
S072,D,EV,283,4.54,50,84,0,923,High,Clear,1,0,0
S087,D,Standard,763,12.49,20,98,1,455,Low,Clear,0,0,0
S038,D,Standard,534,8.37,20,68,0,227,Medium,Clear,1,0,0
S006,B,Large,782,13.11,80,10,0,821,Medium,Cloudy,0,0,0
S086,B,Standard,823,14.26,10,40,1,995,Low,Cloudy,0,0,0
S025,A,Standard,88,1.58,60,47,1,449,Low,Cloudy,0,0,1
S082,C,Standard,60,1.0,80,31,1,319,Low,Clear,0,0,1
S017,C,Large,673,11.37,20,75,0,535,Medium,Clear,0,1,0
S061,A,Large,458,7.87,30,56,0,108,Low,Clear,0,0,0
S012,C,Compact,157,2.96,20,10,1,691,Medium,Clear,0,0,1
S006,A,EV,143,2.01,10,97,1,936,Low,Clear,1,0,1
S090,B,Standard,872,15.0,100,59,1,315,Low,Rain,0,0,0
S027,D,Standard,133,2.28,40,45,0,124,High,Clear,0,0,0
S008,D,Compact,107,2.31,30,54,1,1163,Low,Cloudy,1,0,1
S083,B,Large,342,5.75,40,45,1,554,Medium,Clear,0,0,1
S065,D,Standard,65,1.26,100,43,1,406,Low,Clear,0,1,0
S057,D,Standard,526,8.48,30,18,1,203,Low,Clear,0,1,0
S093,C,Large,887,15.08,100,85,1,535,Medium,Cloudy,0,0,0
S099,B,EV,654,10.58,60,93,1,115,Medium,Clear,1,0,0
S040,C,Compact,214,3.65,60,13,1,429,Medium,Clear,0,1,0
S014,C,Standard,486,7.97,60,88,1,456,Medium,Clear,0,0,0
S035,D,EV,776,12.91,10,72,0,326,Low,Cloudy,1,0,0
S048,D,Large,705,12.08,20,13,0,664,Low,Cloudy,0,0,0
S084,B,Standard,835,13.81,40,14,1,363,Medium,Clear,0,0,0
S056,D,Large,452,7.87,40,19,0,598,Medium,Rain,0,0,0
S049,D,Large,989,16.36,20,53,0,510,Medium,Clear,0,1,0
S013,B,EV,435,7.29,10,49,1,448,Low,Rain,1,0,1
S061,D,Large,187,3.76,20,45,1,500,Low,Clear,0,0,1
S049,C,Compact,765,12.79,50,44,1,520,High,Cloudy,0,0,0
S046,B,Compact,863,14.36,50,68,1,1005,Low,Clear,0,0,0
S062,D,Standard,771,12.89,60,74,1,756,Medium,Cloudy,1,0,0
S008,A,Compact,580,9.57,50,91,1,152,Low,Clear,1,1,0
S043,B,Large,855,13.95,40,40,1,377,High,Clear,0,0,0
S020,B,EV,342,6.32,60,55,0,650,High,Clear,1,1,0
S097,A,Standard,524,8.61,40,58,0,295,Medium,Clear,0,0,0
S090,D,Compact,929,15.03,10,15,1,1131,Medium,Cloudy,0,0,0
S039,D,Standard,511,8.47,30,79,0,154,High,Rain,1,0,0
S085,B,Compact,862,14.47,20,28,0,741,Medium,Clear,0,0,0
S049,B,Compact,422,6.97,80,51,0,1021,High,Clear,0,0,0
S064,D,Standard,211,3.5,80,39,1,1142,Medium,Clear,0,0,0
S062,D,Standard,691,11.47,80,35,1,1042,Low,Clear,0,0,0
S054,C,Standard,93,1.68,30,12,1,202,High,Clear,0,0,1
S009,B,Standard,914,15.48,40,42,0,1108,Medium,Clear,1,0,0
S088,B,Large,132,2.14,20,59,1,1006,Medium,Clear,0,0,1
S037,A,Standard,941,16.46,40,40,0,1088,High,Rain,0,0,0
S049,C,Standard,685,11.73,10,93,1,1179,High,Rain,0,0,0
S041,D,Standard,588,9.8,60,77,1,779,Low,Rain,0,0,0
S017,C,Standard,865,14.02,20,91,1,123,Medium,Rain,0,0,0
S088,D,Large,911,15.22,40,19,1,905,Medium,Cloudy,1,0,0
S021,D,Standard,568,9.71,50,31,1,334,Medium,Clear,0,0,1
S051,C,Large,460,7.91,80,72,1,329,Low,Cloudy,0,0,1
S059,B,Standard,390,5.94,50,63,1,836,Low,Cloudy,0,0,1
S039,D,Standard,760,12.7,100,60,1,735,Low,Clear,0,0,0
S055,C,Standard,673,11.07,40,90,1,1018,Low,Cloudy,0,0,0
S041,A,Compact,138,2.75,100,13,1,340,Low,Cloudy,0,0,1
S039,C,Compact,689,11.52,30,46,1,981,Low,Clear,0,0,0
S013,A,EV,279,3.96,60,80,1,817,Medium,Clear,1,0,0
S064,D,Compact,67,1.23,10,72,0,361,Low,Cloudy,0,0,0
S011,C,Standard,850,13.58,10,60,1,695,Medium,Clear,0,0,0
S019,C,Large,722,12.17,80,17,1,1105,Medium,Clear,0,0,0
S011,A,EV,913,15.99,40,10,1,75,Medium,Rain,1,0,0
S077,C,Standard,939,16.06,10,17,0,304,Low,Clear,1,0,0
S046,C,Standard,330,5.58,20,92,1,1129,Low,Cloudy,0,0,0
S045,D,Compact,959,15.79,10,90,1,342,Medium,Cloudy,0,0,0
S001,C,Standard,471,8.23,100,64,1,686,Medium,Clear,0,0,0
S040,B,EV,727,12.31,50,18,1,279,Low,Cloudy,1,0,1
S019,A,Standard,821,13.6,40,60,1,102,Low,Clear,0,0,0
S076,C,Standard,925,15.26,20,25,1,1003,Medium,Rain,0,0,0
S072,A,EV,751,12.24,80,62,0,150,Medium,Cloudy,1,0,0
S072,A,Large,387,6.56,100,68,1,853,High,Rain,1,0,0
S061,A,Standard,315,5.12,100,54,0,918,High,Rain,0,0,0
S012,C,EV,852,14.25,10,46,1,316,Low,Clear,1,0,0
S061,C,Standard,404,7.01,80,100,1,51,Medium,Rain,0,0,0
S033,A,Standard,409,6.68,100,75,1,71,Low,Cloudy,0,0,1
S045,B,EV,840,14.19,50,73,1,627,Low,Clear,1,0,0
S090,A,Standard,266,4.8,60,45,1,261,High,Cloudy,0,0,1
S092,B,Standard,370,6.29,30,85,1,578,Low,Rain,0,0,1
S069,A,Standard,899,15.19,10,59,1,437,Low,Clear,0,0,0
S008,D,Compact,768,12.92,80,62,1,63,High,Rain,0,0,0
S025,A,Standard,714,11.9,100,66,1,568,Low,Cloudy,0,0,0
S091,A,Compact,742,12.62,50,28,0,665,Low,Clear,0,0,0
S046,C,Compact,261,4.83,60,35,1,1011,Low,Clear,0,0,1
S087,B,Standard,834,14.16,60,77,1,452,Medium,Cloudy,0,0,0
S030,D,Compact,252,4.14,50,52,0,336,Medium,Clear,1,0,0
S047,B,Large,766,12.72,50,67,1,433,Medium,Cloudy,0,0,0
S087,D,Standard,965,16.04,80,86,1,1164,High,Rain,0,0,0
S049,A,Standard,945,16.03,50,68,1,875,Medium,Rain,0,0,0
S047,C,Standard,202,3.21,30,55,1,361,Low,Clear,0,0,1
S084,C,Compact,731,11.88,40,77,1,775,High,Clear,0,0,0
S082,B,Large,478,8.11,50,49,1,92,Medium,Clear,1,0,1
S018,C,Standard,802,13.37,40,22,1,1147,Medium,Cloudy,0,0,0
S066,B,Standard,336,6.04,60,18,1,803,Low,Rain,0,0,1
S068,B,Standard,806,12.76,30,75,1,1042,Low,Clear,0,0,0
S094,D,Compact,370,6.23,80,62,1,925,Medium,Clear,0,0,0
S033,B,Standard,485,7.96,60,85,1,783,Medium,Rain,0,0,0
S036,D,Large,641,10.93,100,90,0,193,Low,Cloudy,0,0,0
S082,C,Standard,545,9.0,30,13,0,258,Low,Clear,0,0,0
S019,B,Compact,653,10.71,60,23,1,1172,Low,Clear,0,0,0
S028,B,Standard,198,3.58,20,94,0,749,Low,Rain,0,0,0
S040,A,Compact,591,10.23,20,17,1,163,Low,Clear,0,0,1
S084,B,Standard,684,11.37,50,71,1,224,Medium,Cloudy,0,0,0
S097,B,Compact,948,15.78,40,54,0,320,High,Cloudy,0,0,0
S076,A,Standard,531,9.23,60,76,0,112,Medium,Cloudy,0,0,0
S015,A,Standard,375,6.6,100,71,1,1057,Medium,Clear,0,0,0
S041,C,Standard,988,16.78,30,87,1,845,Low,Clear,1,0,0
S039,B,Compact,78,1.18,10,92,1,274,Low,Cloudy,1,0,1
S002,C,Standard,308,4.94,20,79,1,210,Medium,Rain,0,0,1
S063,C,Standard,747,12.94,20,45,0,1109,Low,Rain,0,0,0
S029,A,Large,978,16.48,60,93,0,430,High,Cloudy,0,0,0
S074,D,Large,124,1.84,80,10,1,367,Low,Clear,0,0,1
S066,C,Standard,606,10.07,10,69,1,757,Medium,Clear,0,0,0
S051,D,Compact,630,10.53,100,83,1,505,Low,Clear,0,0,0
S075,B,Standard,547,9.08,100,22,1,393,High,Rain,1,0,0
S077,A,Compact,465,7.66,40,21,1,1113,Medium,Clear,0,0,0
S010,B,Large,928,15.84,100,84,0,463,High,Clear,0,0,0
S014,B,Standard,771,13.01,100,26,0,274,Medium,Cloudy,0,0,0
S082,A,Large,800,14.01,40,56,1,329,Medium,Cloudy,0,0,0
S051,B,Standard,389,6.87,40,62,0,1112,High,Cloudy,0,0,0
S073,A,Compact,357,5.99,50,76,0,778,Low,Cloudy,0,0,0
S039,D,Compact,753,12.98,50,19,1,670,High,Clear,0,0,0
S028,B,EV,933,15.66,80,55,1,1024,Low,Clear,1,0,0
S003,A,Standard,664,11.79,60,92,1,622,Low,Rain,0,0,0
S084,C,Standard,290,4.74,10,13,0,538,Medium,Rain,0,0,0
S070,B,Standard,302,5.17,60,66,1,1057,Medium,Clear,0,0,0
S027,D,EV,985,16.24,30,47,1,986,Medium,Clear,1,0,0
S002,A,Compact,269,4.37,10,21,0,833,Low,Clear,1,0,0
S093,B,Compact,446,7.33,30,40,0,557,Medium,Cloudy,0,0,0
S038,B,Standard,385,6.79,10,11,1,454,Low,Cloudy,0,0,1
S003,B,Large,778,13.03,50,10,1,821,High,Clear,0,0,0
S016,D,Large,763,11.98,40,90,1,713,Low,Clear,0,1,0
S094,A,Compact,78,1.33,20,34,0,180,Low,Cloudy,0,0,0
S040,C,Standard,543,8.76,80,14,1,330,Low,Rain,0,0,1
S002,C,Standard,773,12.75,100,57,1,469,High,Clear,0,0,0
S081,C,Compact,551,9.53,10,23,1,686,Medium,Cloudy,1,0,1
S041,A,Compact,203,2.98,10,61,1,857,Medium,Clear,0,0,1
S012,C,Standard,280,4.3,80,83,0,397,Medium,Clear,0,0,0
S035,D,Compact,151,2.02,20,30,1,478,High,Cloudy,0,0,1
S065,A,Standard,876,14.48,80,34,0,596,Low,Cloudy,1,0,0
S055,B,Large,226,3.26,10,76,0,989,Low,Clear,0,0,0
S045,D,Standard,742,11.88,100,91,1,451,Medium,Cloudy,0,0,0
S079,B,Standard,976,16.2,80,59,1,1120,Medium,Rain,0,1,0
S090,C,Standard,281,4.78,40,42,0,714,Low,Cloudy,0,0,0
S085,D,Standard,61,1.0,60,26,1,799,Medium,Rain,0,1,0
S062,A,Standard,235,4.02,20,79,0,1009,Medium,Clear,0,1,0
S049,D,Large,810,13.53,100,43,1,686,Medium,Cloudy,1,0,0
S095,B,Standard,981,16.51,20,35,1,928,High,Clear,0,0,0
S025,A,Standard,315,4.94,40,51,0,136,Medium,Clear,0,1,0
S023,D,Standard,951,16.45,100,40,0,564,Medium,Clear,0,0,0
S024,D,Standard,184,2.72,40,60,1,1053,Low,Cloudy,0,0,1
S038,D,Standard,806,13.25,20,45,0,910,High,Clear,0,0,0
S028,D,Standard,80,1.49,40,22,0,965,Low,Clear,1,0,0
S021,A,Compact,908,15.17,60,94,1,500,High,Cloudy,0,0,0
S054,B,Standard,505,8.67,40,99,1,390,Low,Cloudy,1,0,0
S018,D,Compact,308,5.04,100,89,1,470,Low,Cloudy,0,0,0
S036,A,Standard,153,2.18,60,22,0,430,Low,Cloudy,1,0,0
S099,B,Standard,480,7.54,100,41,1,54,High,Rain,0,0,0
S045,D,Standard,431,7.72,40,14,1,697,High,Rain,0,0,1
S073,B,Large,518,8.54,20,21,0,1077,High,Clear,0,0,0
S053,B,Compact,562,9.32,10,68,1,365,Medium,Rain,0,0,1
S030,A,Large,990,17.04,30,50,0,1151,Low,Clear,1,0,0
S060,B,Standard,999,16.5,20,46,1,580,Low,Cloudy,0,0,0
S098,A,Large,995,16.59,100,77,1,404,Low,Rain,0,0,0
S032,D,Standard,256,3.96,80,57,1,1106,Medium,Cloudy,0,0,0
S067,B,Standard,696,11.21,30,52,0,711,Medium,Cloudy,0,0,0
S067,B,Compact,496,8.83,40,50,0,176,Medium,Rain,0,0,0
S028,C,Standard,832,14.44,40,65,1,398,Low,Rain,0,0,0
S044,D,EV,138,2.61,10,78,1,1117,Medium,Clear,1,1,0
S079,D,Standard,244,4.36,40,20,0,791,High,Rain,1,0,0
S041,C,EV,463,7.94,80,18,0,777,Medium,Clear,1,0,0
S063,C,Compact,171,2.63,100,37,0,293,High,Clear,0,0,0
S023,A,Compact,511,8.6,30,31,1,58,Medium,Cloudy,0,0,1
S075,A,Standard,165,2.6,20,84,0,761,Low,Rain,0,0,0
S048,B,Standard,245,3.31,20,94,1,895,High,Clear,0,0,0
S032,B,EV,85,1.75,80,15,0,1152,Low,Rain,1,0,0
S057,B,Standard,116,2.1,60,35,1,135,Low,Rain,0,0,1
S100,B,Compact,694,11.17,10,25,0,320,Low,Rain,0,0,0
S033,A,EV,330,5.39,80,23,1,562,Medium,Clear,1,0,1
S024,D,Standard,528,9.12,30,44,0,1093,Medium,Cloudy,1,0,0
S039,B,Compact,60,1.04,40,51,0,179,Low,Cloudy,0,0,0
S034,D,Compact,779,12.47,50,62,1,887,High,Clear,0,0,0
S056,B,Standard,371,5.82,100,31,1,819,High,Rain,0,0,0
S028,C,Standard,717,12.51,10,62,1,1080,Low,Clear,0,0,0
S037,B,Standard,289,4.84,10,75,1,901,Medium,Clear,0,0,1
S007,B,Standard,109,2.13,50,22,1,986,High,Clear,1,0,1
S068,B,Compact,699,12.2,80,20,0,950,Low,Clear,0,0,0
S037,A,Standard,611,10.05,20,21,1,522,Low,Cloudy,0,0,1
S056,C,EV,728,12.24,60,95,1,1175,Low,Rain,1,0,0
S065,B,Standard,214,2.98,100,62,0,387,High,Rain,1,0,0
S065,B,Compact,880,14.48,100,18,1,368,Medium,Clear,0,0,0
S047,D,Compact,238,4.14,20,80,1,1098,Medium,Clear,0,0,0
S020,C,Standard,536,8.88,20,26,1,770,Medium,Clear,0,0,1
S019,B,Standard,141,2.49,50,70,0,192,Low,Clear,0,1,0
S029,D,Large,855,14.53,100,19,0,706,Low,Rain,0,0,0
S074,D,Large,937,15.78,40,47,1,1128,Low,Clear,0,0,0
S060,A,Standard,338,5.73,100,48,1,520,Low,Clear,0,0,1
S018,D,Standard,558,9.36,40,98,0,412,Low,Rain,0,0,0
S092,B,Standard,124,1.9,60,100,1,699,Low,Cloudy,0,0,1
S035,A,Standard,606,9.82,60,39,1,258,Medium,Clear,0,0,0
S043,A,Compact,477,8.36,30,43,1,1138,Low,Cloudy,0,0,0
S095,B,Large,434,7.47,30,42,1,598,Medium,Clear,0,0,1
S091,C,Standard,102,1.46,20,41,1,1185,Low,Rain,0,1,0
S011,D,EV,224,3.75,50,21,0,312,Medium,Clear,1,0,0
S049,A,Standard,722,11.62,60,96,1,1149,Medium,Cloudy,0,1,0
S038,C,Compact,628,10.32,10,74,1,815,Low,Clear,0,0,0
S064,B,Standard,523,8.88,40,93,0,50,Low,Clear,0,0,0
S069,D,Standard,960,16.08,80,19,1,197,Medium,Cloudy,0,0,0
S008,D,Standard,410,6.87,50,28,1,925,Medium,Clear,0,0,0
S034,A,Standard,319,5.05,100,32,1,1035,Low,Clear,0,0,0
S048,D,Compact,456,7.27,60,94,1,562,Medium,Clear,0,0,0
S056,D,Compact,173,3.17,30,66,1,678,Low,Clear,0,0,1
S076,D,Standard,743,12.89,60,68,1,1021,Low,Cloudy,0,0,0
S065,D,Large,425,7.25,100,63,0,702,Low,Cloudy,0,0,0
S031,B,Standard,441,7.3,40,83,1,1178,Medium,Clear,0,0,0
S004,C,Compact,231,4.22,60,11,1,515,Medium,Clear,0,0,1
S050,B,Standard,85,1.16,40,57,0,813,High,Rain,0,0,0
S069,B,Standard,261,4.67,100,15,1,1069,High,Clear,0,0,0
S030,A,Standard,945,15.57,50,52,1,978,Low,Cloudy,0,0,0
S088,D,Compact,997,16.45,60,26,1,843,High,Clear,0,0,0
S059,B,Compact,183,2.95,60,88,0,949,Medium,Clear,1,0,0
S067,D,Standard,914,15.2,30,45,1,724,Low,Cloudy,0,0,0
S075,B,Standard,973,16.49,50,33,0,1058,High,Rain,0,1,0
S045,B,Standard,739,11.93,10,70,1,330,Medium,Cloudy,0,0,0
S004,A,Compact,727,11.94,40,38,1,965,Medium,Cloudy,0,0,0
S026,C,Compact,975,16.31,80,87,1,1167,Low,Clear,0,0,0
S027,C,Standard,540,9.17,80,67,1,373,Medium,Clear,0,1,0
S046,B,Standard,898,14.46,50,75,0,840,Low,Clear,0,0,0
S064,A,Large,890,14.6,80,95,1,1135,Low,Clear,0,0,0
S091,D,Standard,487,7.59,50,62,1,236,High,Cloudy,0,0,0
S051,D,Standard,888,14.59,80,79,1,964,Low,Clear,0,0,0
S050,B,Standard,95,1.45,10,18,1,591,Low,Cloudy,0,0,1
S006,C,Standard,717,12.1,50,85,0,946,High,Clear,0,0,0
S059,A,Standard,450,6.81,40,51,0,688,Low,Rain,0,0,0
S015,C,Compact,537,9.15,100,48,0,485,Low,Clear,1,0,0
S030,D,Standard,481,7.86,80,78,1,262,Medium,Cloudy,0,0,0
S042,C,Compact,477,7.85,100,49,0,867,Low,Cloudy,0,0,0
S037,D,Standard,797,13.57,20,68,0,1011,High,Cloudy,0,0,0
S042,A,Large,877,15.02,20,53,1,1009,Low,Clear,0,0,0
S035,A,Compact,621,10.15,30,74,0,966,Medium,Clear,0,0,0
S087,B,Compact,566,9.23,10,83,1,1042,Low,Cloudy,0,0,0
S006,B,Standard,511,8.41,100,20,1,964,Low,Cloudy,0,0,0
S068,C,Standard,952,15.67,30,100,1,470,Low,Cloudy,0,0,0
S018,A,Standard,230,3.4,20,96,1,368,Low,Clear,0,0,1
S073,A,Compact,194,3.22,10,93,1,237,Medium,Clear,0,0,1
S029,B,Standard,876,14.4,100,14,0,211,Medium,Cloudy,0,0,0
S077,D,EV,314,5.26,50,86,0,178,High,Rain,1,0,0
S059,C,EV,784,13.58,50,83,0,353,Low,Clear,1,0,0
S047,C,Standard,455,7.55,40,58,0,1162,Low,Cloudy,0,0,0
S017,B,EV,862,14.14,100,60,1,966,Low,Clear,1,0,0
S096,A,Standard,897,14.87,60,45,1,971,Low,Rain,1,0,0
S022,B,Standard,533,8.92,20,25,1,1109,Low,Cloudy,0,0,1
S068,B,Standard,531,8.8,50,16,0,200,Low,Clear,0,0,0
S069,B,Compact,286,4.6,10,98,1,642,Low,Clear,0,0,1
S037,B,Standard,574,9.07,60,53,0,96,Medium,Cloudy,0,0,0
S049,D,EV,388,6.66,60,35,1,989,Medium,Cloudy,1,0,0
S013,D,Standard,317,5.02,50,45,0,709,Low,Cloudy,0,0,0
S034,A,Standard,981,16.79,30,62,0,280,Low,Clear,0,0,0
S086,B,Large,315,5.14,30,53,1,1051,Medium,Cloudy,0,0,0
S053,D,Standard,577,9.46,30,21,1,214,High,Rain,0,0,1
S087,A,Standard,141,2.21,100,99,0,773,Low,Rain,0,0,0
S051,B,Compact,297,5.0,60,77,0,869,Medium,Clear,0,0,0
S003,C,Standard,68,1.0,30,32,1,1139,Medium,Clear,0,0,1
S042,D,Standard,921,15.15,30,97,1,1153,Medium,Clear,0,0,0
S098,A,Standard,439,7.5,60,39,0,189,High,Clear,0,0,0
S032,C,Standard,437,6.98,40,72,1,449,High,Cloudy,0,1,0
S051,B,EV,975,16.41,30,12,0,179,Low,Clear,1,1,0
S085,B,Large,664,11.31,40,89,1,1034,High,Clear,0,1,0
S046,B,Standard,144,2.6,40,43,1,815,Medium,Rain,1,0,1
S021,D,Standard,479,8.05,50,58,1,495,Medium,Clear,0,0,0
S044,A,Standard,844,13.53,60,53,1,78,Medium,Rain,0,0,0
S011,C,EV,990,16.14,10,50,1,848,High,Clear,1,0,0
S068,A,Standard,774,12.49,30,57,1,338,Medium,Clear,0,0,0
S001,D,Standard,86,1.32,10,80,1,1026,High,Clear,0,1,0
S092,A,Compact,442,7.38,20,17,1,149,Medium,Rain,0,0,1
S063,D,EV,622,10.01,100,16,1,471,Medium,Rain,1,0,0
S024,B,Standard,340,5.61,40,46,0,692,Medium,Cloudy,0,0,0
S099,C,Standard,923,15.59,80,64,1,743,Medium,Clear,0,0,0
S013,B,Standard,352,5.57,20,80,1,755,Medium,Clear,0,0,1
S098,A,Standard,805,13.17,40,59,1,67,Medium,Cloudy,0,0,0
S011,B,Compact,966,16.45,30,91,1,520,Medium,Rain,1,0,0
S100,C,Compact,450,7.22,20,30,0,772,High,Rain,0,0,0
S051,B,Compact,872,14.64,60,43,1,1080,Low,Cloudy,0,0,0
S017,C,Standard,393,6.92,50,58,0,468,Low,Cloudy,0,0,0
S099,C,Standard,912,14.85,100,36,1,429,Medium,Clear,0,0,0
S082,B,Standard,567,9.12,20,17,1,557,Medium,Clear,0,0,1
S086,D,Standard,426,7.03,100,43,0,163,Low,Clear,0,0,0
S024,A,Large,980,16.35,40,27,1,901,Medium,Clear,0,0,0
S019,D,Standard,867,14.26,60,60,1,560,High,Clear,0,0,0
S037,D,Standard,214,4.16,40,21,0,900,Medium,Clear,0,0,0
S085,B,Standard,62,1.19,10,95,1,1025,High,Cloudy,0,0,1
S008,A,Standard,74,1.0,80,60,1,663,High,Cloudy,0,0,1
S028,A,Standard,785,12.67,80,72,1,518,Low,Clear,0,0,0
S005,D,Large,172,2.85,20,49,0,142,Medium,Clear,0,0,0
S017,B,Standard,178,3.1,50,31,1,1175,Medium,Cloudy,1,0,1
S036,A,Compact,866,14.99,30,17,1,542,High,Rain,0,0,0
S019,D,Standard,683,11.41,10,37,1,812,Low,Clear,0,0,0
S064,A,Standard,596,9.86,20,59,1,1038,Low,Cloudy,1,0,0
S091,B,EV,644,10.44,10,56,1,528,Low,Clear,1,0,1
S098,B,Standard,358,6.08,20,65,1,926,Low,Clear,0,0,1
S011,B,Compact,485,8.39,80,41,1,216,Low,Clear,0,0,1
S054,A,Standard,231,3.31,30,20,1,189,Low,Clear,0,0,1
S045,C,Standard,637,10.64,30,30,0,143,Medium,Cloudy,0,0,0
S047,A,Large,665,10.78,80,35,1,625,Medium,Rain,0,0,0
S012,C,Large,793,12.81,100,23,1,1077,Low,Clear,0,0,0
S021,B,Large,864,14.91,50,88,1,655,Medium,Clear,1,0,0
S011,D,Compact,92,1.8,10,23,1,633,Low,Clear,0,0,1
S092,C,Standard,453,7.37,50,85,1,865,Low,Clear,0,0,0
S005,B,Compact,978,16.25,20,12,0,642,Medium,Clear,0,0,0
S081,B,Compact,654,10.8,30,66,0,735,Low,Clear,0,0,0
S056,C,Standard,705,11.41,30,16,0,1012,Low,Clear,0,0,0
S020,D,Standard,815,13.42,40,48,1,1036,Low,Cloudy,0,0,0
S041,B,Large,639,10.89,40,66,0,1125,High,Clear,1,0,0
S046,C,Standard,312,5.03,80,74,1,495,High,Cloudy,0,0,0
S012,D,Standard,119,2.12,50,34,1,286,Low,Clear,0,0,1
S070,D,Large,710,11.67,10,40,1,1117,Medium,Cloudy,1,1,0
S017,B,Standard,341,5.33,80,95,1,931,Low,Clear,0,0,0
S019,A,Standard,263,4.74,20,19,1,815,Low,Clear,1,0,1
S026,A,Compact,921,14.71,50,91,0,986,Low,Clear,0,0,0
S048,B,Standard,871,15.05,30,86,1,408,High,Rain,0,0,0
S052,D,Compact,196,3.57,30,81,0,695,Low,Cloudy,0,1,0
S096,B,Standard,74,1.29,100,18,0,739,Medium,Cloudy,0,0,0
S070,C,Standard,372,6.07,100,88,0,511,High,Clear,0,1,0
S055,A,Standard,158,2.52,30,17,0,150,Medium,Clear,0,0,0
S100,C,EV,742,12.43,20,28,0,741,High,Cloudy,1,0,0
S075,B,Standard,300,5.06,80,39,0,1033,High,Cloudy,0,0,0
S033,B,Standard,531,8.56,50,18,0,818,Medium,Clear,0,0,0
S062,D,Standard,764,12.75,20,92,1,317,Medium,Clear,0,0,0
S088,D,Standard,865,14.49,60,56,1,932,Medium,Cloudy,0,0,0
S023,D,Standard,731,12.09,100,55,1,457,High,Clear,0,0,0
S015,C,Standard,224,4.41,30,99,0,1110,Medium,Clear,0,0,0
S027,D,Standard,396,6.56,40,10,1,517,Low,Clear,0,0,1
S075,B,Standard,219,3.12,50,12,1,308,High,Clear,0,0,1
S064,D,Large,51,1.0,40,43,0,558,High,Cloudy,0,0,0
S081,A,Compact,695,11.79,50,34,1,358,Medium,Cloudy,0,0,0
S051,D,Standard,688,11.25,80,39,1,674,Medium,Cloudy,0,0,0
S053,C,Standard,607,9.82,30,10,1,159,Medium,Cloudy,1,0,1
S078,A,Compact,755,13.0,40,27,1,728,Low,Rain,1,0,0
S091,A,Compact,411,6.9,100,42,1,791,Low,Clear,0,0,0
S082,A,Standard,770,12.65,40,18,1,956,Low,Clear,1,0,0
S092,C,EV,345,4.92,50,16,0,317,Medium,Clear,1,0,0
S051,B,Standard,619,10.5,60,39,0,1105,Medium,Rain,0,0,0
S047,D,Standard,639,10.65,60,86,1,989,Low,Cloudy,0,1,0
S004,A,Standard,251,4.57,40,90,0,860,Low,Cloudy,0,0,0
S007,A,EV,338,5.3,40,22,0,153,Low,Clear,1,0,0
S035,A,Standard,111,1.74,80,22,0,1166,Medium,Clear,0,0,0
S048,B,Large,551,9.27,100,51,1,250,Low,Clear,0,0,0
S073,B,Standard,829,14.19,30,83,0,948,Low,Rain,0,0,0
S072,C,Standard,175,2.99,50,87,0,792,High,Clear,0,0,0
S045,B,Standard,98,1.42,50,72,1,974,Medium,Rain,0,0,1
S081,D,Large,649,11.21,10,78,1,646,Medium,Clear,1,0,0
S081,C,Standard,895,14.82,50,45,0,1108,Medium,Clear,0,0,0
S097,C,Standard,822,13.75,100,44,1,1190,Low,Clear,1,0,0
S096,D,Standard,228,4.03,100,55,1,737,Low,Rain,0,0,1
S072,D,Large,630,10.97,30,54,1,969,Medium,Clear,0,0,0
S019,D,Standard,928,15.58,40,65,0,837,Medium,Clear,1,0,0
S063,C,Standard,977,17.06,80,96,1,448,Medium,Clear,0,0,0
S038,C,Standard,542,9.01,10,14,1,646,Medium,Clear,1,0,1
S067,C,EV,482,8.12,80,53,0,166,Medium,Clear,1,0,0
S059,D,Large,621,10.16,80,37,1,411,Low,Rain,0,1,0
S069,D,Compact,351,5.95,40,96,0,253,High,Rain,0,0,0
S013,A,Standard,810,13.59,50,51,1,493,Low,Clear,0,0,0
S047,B,Standard,218,3.95,20,40,0,776,High,Rain,0,0,0
S061,A,EV,318,5.43,100,16,1,910,High,Clear,1,0,0
S031,D,Standard,413,6.73,40,16,0,917,Low,Clear,1,0,0
S080,C,Standard,673,11.29,60,13,1,816,High,Cloudy,1,0,0
S096,D,Standard,149,2.28,50,41,1,411,High,Clear,0,0,1
S022,B,EV,963,16.21,60,37,0,444,High,Rain,1,0,0
S093,A,Standard,264,4.23,30,65,1,297,Medium,Cloudy,0,0,1
S086,A,Compact,674,10.81,60,13,0,963,High,Clear,0,0,0
S043,C,Large,146,2.09,50,17,0,810,Medium,Cloudy,0,0,0
S067,A,Standard,868,14.11,10,23,1,705,High,Clear,0,0,0
S054,A,Standard,679,11.16,60,39,0,405,Medium,Clear,0,0,0
S010,D,EV,597,9.7,100,12,1,290,High,Clear,1,0,0
S042,A,EV,386,6.43,20,11,0,278,Medium,Clear,1,0,0
S064,A,Large,408,6.68,80,19,0,670,Medium,Cloudy,0,0,0
S021,A,Compact,339,5.8,20,79,1,980,High,Cloudy,0,0,0
S080,C,Standard,445,7.53,20,80,1,904,Medium,Rain,0,1,0
S076,C,EV,950,15.74,60,25,0,578,Low,Clear,1,0,0
S066,D,Standard,865,14.79,30,79,1,316,Low,Cloudy,0,0,0
S041,A,Large,409,6.54,20,89,0,269,High,Cloudy,0,0,0
S024,C,EV,396,6.9,40,100,1,1155,High,Clear,1,0,0
S035,C,Compact,173,2.93,80,85,0,610,Medium,Rain,0,0,0
S056,D,Large,601,9.9,100,95,0,1093,High,Clear,0,0,0
S030,B,Large,702,12.04,30,88,1,1110,Low,Cloudy,0,0,0
S057,A,Standard,587,9.95,50,31,0,431,Low,Cloudy,0,0,0
S094,C,Compact,703,11.39,10,44,0,88,Medium,Cloudy,0,0,0
S047,D,Standard,913,15.33,30,88,1,1182,Low,Rain,0,0,0
S035,D,Standard,956,16.04,80,96,1,478,Low,Rain,1,1,0
S019,D,Standard,471,8.15,80,58,1,1137,Medium,Rain,0,0,0
S008,C,Standard,385,6.59,10,11,1,840,Low,Cloudy,0,0,1
S026,A,Large,552,9.4,30,75,1,81,Medium,Clear,0,0,1
S071,B,EV,106,1.63,50,28,1,994,Low,Rain,1,0,1
S030,A,Standard,711,11.79,10,78,1,580,High,Cloudy,1,0,0
S007,D,Standard,928,15.39,80,13,0,155,High,Clear,0,0,0
S067,D,Standard,961,15.54,30,91,1,531,Medium,Rain,0,0,0
S065,B,EV,766,13.15,80,50,0,255,Low,Cloudy,1,0,0
S036,A,Standard,125,1.75,10,65,0,884,High,Clear,0,0,0
S025,D,Compact,515,8.66,20,64,1,138,Low,Clear,0,0,1
S037,D,EV,334,5.47,80,40,1,1084,Low,Rain,1,0,0
S001,A,Standard,771,12.78,20,31,0,1122,Low,Clear,0,0,0
S015,D,EV,435,7.45,60,84,0,945,High,Clear,1,1,0
S037,A,EV,999,16.42,20,57,1,192,High,Clear,1,0,0
S013,D,EV,819,13.79,40,89,1,256,High,Rain,1,0,0
S008,A,Standard,308,5.27,20,13,1,558,Medium,Cloudy,0,0,1
S005,B,Standard,526,8.53,20,30,0,54,Low,Cloudy,0,0,0
S060,D,Large,745,12.69,50,50,1,260,High,Clear,1,0,0
S073,B,Standard,889,15.23,100,54,0,78,Medium,Cloudy,1,0,0
S001,D,Compact,60,1.61,10,98,1,237,Low,Clear,0,0,1
S036,D,Standard,721,11.94,10,93,1,574,Low,Cloudy,1,0,0
S035,C,Standard,309,5.21,20,17,0,995,Low,Clear,0,0,0
S066,A,Standard,442,7.44,10,18,0,206,High,Rain,0,0,0
S063,B,Compact,649,11.02,30,27,1,129,Low,Clear,0,0,1
S023,B,Standard,418,7.49,60,40,1,709,Low,Clear,0,0,1
S009,B,Compact,233,4.03,80,44,0,675,Medium,Clear,0,1,0
S034,A,Standard,65,1.24,20,39,1,281,Low,Clear,0,0,1
S046,C,Compact,805,13.09,60,27,0,209,Low,Clear,0,0,0
S078,B,Compact,555,9.86,20,92,1,393,High,Cloudy,1,0,0
S004,A,Standard,135,2.11,40,50,0,254,Low,Clear,0,0,0
S030,D,Standard,760,11.87,60,33,1,1044,Medium,Cloudy,0,0,0
S095,B,Standard,59,1.0,30,95,0,887,Medium,Clear,0,0,0
S075,B,Standard,526,8.86,20,57,1,354,Low,Rain,0,0,1
S099,C,Compact,213,3.17,20,23,1,719,Medium,Clear,0,0,1
S072,B,Standard,73,1.23,10,28,0,449,Low,Rain,0,0,0
S003,B,Standard,625,9.97,20,69,1,155,Low,Cloudy,0,0,1
S014,D,Compact,361,6.11,60,31,0,1155,Low,Clear,0,0,0
S060,A,Standard,287,4.95,60,39,1,391,Low,Cloudy,0,0,1
S077,A,EV,511,8.57,20,24,0,1035,Medium,Rain,1,0,0
S045,C,Standard,511,8.31,20,30,1,1001,Low,Cloudy,0,0,1
S096,D,EV,906,15.36,20,35,1,98,Low,Clear,1,0,1
S034,A,Standard,287,4.66,40,21,0,255,High,Cloudy,1,0,0
S045,D,Standard,71,1.13,30,16,0,840,Low,Rain,0,1,0
S061,A,Standard,229,3.66,100,84,1,280,Low,Rain,0,0,1
S083,D,Standard,867,14.37,80,93,1,932,Medium,Cloudy,0,0,0
S016,C,Standard,608,10.69,100,44,1,775,High,Clear,0,0,0
S066,B,Standard,840,14.0,60,77,0,333,Low,Cloudy,0,0,0
S040,C,Compact,785,12.7,40,11,1,325,Low,Rain,1,0,1
S017,A,Standard,779,12.7,80,29,1,482,Low,Clear,0,0,0
S034,C,Large,548,9.05,10,56,1,682,Low,Clear,1,0,1
S016,B,Standard,524,8.49,50,93,1,265,Low,Cloudy,0,0,1
S060,C,EV,798,13.58,20,21,0,146,Low,Clear,1,0,0
S066,A,Standard,765,12.32,60,62,0,1004,Low,Rain,1,0,0
S066,A,Standard,388,6.43,80,26,0,1192,Low,Cloudy,1,0,0
S090,C,Standard,580,9.97,10,27,1,414,Low,Clear,0,0,1
S013,B,Standard,741,12.16,60,33,0,1057,Medium,Rain,0,0,0
S056,C,Standard,211,3.65,100,81,1,667,Low,Rain,0,0,1
S031,B,Standard,846,14.09,100,46,1,446,Low,Clear,0,0,0
S034,D,Compact,110,1.82,50,39,1,507,Medium,Cloudy,0,0,1
S039,B,EV,134,2.39,80,93,1,367,Low,Clear,1,0,1
S067,D,Standard,596,9.38,20,61,1,431,High,Clear,0,0,0
S008,C,EV,539,9.34,60,32,1,191,High,Clear,1,0,0
S087,B,EV,54,1.0,20,46,0,506,Low,Clear,1,0,0
S078,D,Large,125,2.42,50,83,1,550,Low,Rain,0,0,1
S055,D,Standard,302,5.16,40,33,1,372,Medium,Rain,1,0,1
S027,D,Standard,56,1.08,80,89,1,1049,Low,Clear,0,0,1
S093,A,Standard,730,12.65,50,59,1,317,High,Clear,1,1,0
S053,C,Compact,691,11.87,50,85,1,536,Low,Clear,1,0,0
S039,D,Standard,522,8.94,60,29,1,927,Medium,Rain,0,0,0
S065,B,Standard,187,3.03,100,56,1,728,Low,Cloudy,0,0,1
S017,D,Standard,407,6.68,80,27,1,63,Low,Cloudy,0,0,1
S030,A,Standard,861,14.6,30,35,1,1053,Low,Cloudy,1,0,0
S053,C,Compact,887,14.92,20,80,0,754,Medium,Clear,0,0,0
S013,A,Standard,652,10.96,80,52,1,204,Medium,Clear,0,0,0
S021,A,Compact,212,3.52,100,56,1,150,High,Clear,0,0,1
S019,A,Large,367,5.99,60,94,1,621,Low,Cloudy,0,0,0
S053,B,Standard,507,8.03,20,52,1,1116,Medium,Cloudy,0,1,0
S019,C,Standard,302,5.23,40,41,0,670,Medium,Clear,0,0,0
S057,C,Large,250,4.11,80,16,1,1064,Medium,Clear,0,0,1
S025,B,Standard,581,9.61,40,96,1,514,Low,Cloudy,0,0,0
S086,C,Standard,790,12.62,30,93,0,400,Medium,Clear,1,0,0
S031,A,Standard,724,12.09,30,93,1,283,High,Clear,0,0,0
S081,C,Compact,214,3.16,30,41,0,452,High,Clear,1,0,0
S055,B,Compact,281,4.55,100,99,0,400,Medium,Clear,0,0,0
S023,A,Standard,377,6.52,40,97,1,77,Low,Cloudy,0,0,1
S032,B,Standard,287,4.8,50,74,1,308,High,Clear,0,0,1
S062,D,Standard,169,2.79,100,67,0,669,High,Rain,1,0,0
S074,A,Large,999,16.43,60,62,1,925,Low,Clear,0,1,0
S010,A,Standard,912,15.04,20,99,1,592,High,Cloudy,0,1,0
S100,C,Large,944,16.21,20,43,0,502,High,Rain,1,0,0
S072,A,Standard,930,15.73,60,99,0,746,Low,Clear,0,0,0
S054,B,Compact,668,10.99,10,78,1,453,Medium,Clear,0,0,0
S052,C,Standard,299,4.95,40,65,1,1068,Medium,Clear,0,0,0
S020,D,Compact,385,6.49,40,75,0,1139,Medium,Clear,0,0,0
S032,B,Standard,333,5.68,30,41,0,932,Low,Cloudy,0,0,0
S014,D,Large,247,4.11,100,59,1,624,Low,Clear,0,0,1
S050,D,Standard,465,7.22,80,33,0,1174,Low,Clear,0,0,0
S028,D,Standard,781,13.01,80,55,1,472,Medium,Rain,0,0,0
S053,A,Standard,444,7.37,60,12,1,598,High,Cloudy,0,0,0
S024,B,Large,987,17.07,10,19,0,517,Medium,Clear,0,0,0
S079,B,Compact,200,4.14,10,15,1,160,Low,Clear,1,1,0
S022,A,Standard,847,14.31,40,61,1,202,High,Clear,0,1,0
S030,C,Compact,314,5.03,30,59,1,966,Low,Clear,0,0,1
S063,D,Compact,269,4.69,20,67,1,811,High,Clear,0,0,0
S004,B,EV,265,3.91,30,61,1,769,Medium,Cloudy,1,0,1
S077,A,Large,364,5.91,20,22,1,929,Medium,Clear,0,0,1
S059,D,Compact,717,11.46,80,68,1,731,Medium,Cloudy,0,0,0
S087,C,Standard,265,4.58,40,48,1,818,Low,Clear,1,0,1
S008,C,Large,384,6.04,100,62,1,328,Medium,Cloudy,0,0,0
S082,D,Compact,408,6.71,30,67,0,412,Low,Clear,0,0,0
S012,C,EV,675,11.24,10,29,0,650,Medium,Cloudy,1,0,0
S031,B,Standard,210,3.49,60,72,0,343,Medium,Clear,0,1,0
S078,B,Standard,864,14.26,50,19,1,920,Medium,Clear,0,0,0
S034,B,Standard,659,11.08,10,35,1,122,High,Cloudy,1,0,1
S082,C,Compact,560,8.96,80,28,1,308,Low,Clear,0,0,1
S098,B,EV,967,16.64,60,70,0,1178,Medium,Rain,1,0,0
S075,A,Standard,206,3.12,20,86,1,405,High,Cloudy,1,0,1
S076,B,Compact,211,3.53,40,43,0,620,Low,Clear,1,0,0
S049,B,Compact,91,1.7,30,93,1,622,High,Rain,0,1,0
S079,C,Compact,229,4.02,80,53,1,866,Low,Clear,0,1,0
S057,B,Standard,352,6.1,80,27,1,1143,Medium,Clear,0,0,0
S095,D,Large,379,5.84,40,81,1,496,High,Rain,0,0,0
S093,A,Standard,612,9.92,40,25,1,832,High,Rain,0,1,0
S026,C,Large,813,13.59,20,96,1,958,Low,Clear,0,0,0
S018,A,Standard,478,8.11,40,86,1,993,Low,Cloudy,0,1,0
S096,D,Standard,399,7.03,30,35,0,945,High,Clear,0,0,0
S086,C,Large,169,2.66,80,74,1,979,High,Cloudy,0,0,0
S038,C,Standard,124,1.8,10,75,1,686,Medium,Clear,0,0,1
S081,B,Standard,723,11.89,40,86,1,975,Low,Clear,0,0,0
S087,A,Compact,710,12.51,30,36,1,580,Medium,Clear,0,0,0
S088,D,Standard,172,3.32,30,13,1,168,Low,Clear,0,0,1
S050,D,Standard,702,11.65,20,60,1,115,High,Cloudy,0,0,0
S008,C,Standard,231,4.24,40,93,1,294,Medium,Clear,1,0,1
S041,B,Standard,970,15.99,80,12,1,106,Medium,Cloudy,0,0,0
S006,C,Standard,939,15.94,20,96,1,1117,Low,Cloudy,0,0,0
S069,C,Standard,838,13.55,10,75,1,573,Medium,Clear,0,0,0
S044,C,EV,306,5.21,10,25,1,473,Medium,Clear,1,0,1
S064,C,Standard,886,15.07,60,83,1,444,Medium,Clear,0,0,0
S029,D,Standard,806,13.34,100,37,1,499,High,Clear,1,0,0
S028,D,Standard,647,10.97,30,53,0,1003,Medium,Clear,0,0,0
S011,C,Standard,632,10.36,40,27,1,812,Low,Clear,0,0,0
S065,C,Compact,318,5.39,60,11,1,492,Medium,Clear,0,0,1
S019,B,Compact,542,8.89,80,87,1,1016,Medium,Cloudy,0,1,0
S009,C,Standard,229,4.06,30,53,1,941,Low,Clear,0,0,1
S027,D,Standard,840,13.62,80,29,1,583,Low,Cloudy,0,0,0
S034,A,Standard,198,3.0,40,65,0,206,Low,Clear,1,0,0
S044,D,Large,567,9.84,100,32,1,138,Medium,Cloudy,0,0,0
S068,B,Compact,197,2.55,20,69,1,251,Low,Clear,1,0,1
S100,D,Standard,893,14.69,10,80,1,1029,High,Clear,0,0,0
S082,A,Standard,729,12.11,60,54,0,511,Medium,Cloudy,0,0,0
S015,C,Compact,58,1.07,80,56,1,758,Medium,Clear,0,0,1
S051,A,Large,227,3.64,60,87,0,503,Medium,Clear,0,0,0
S013,C,EV,845,13.75,10,46,1,429,Medium,Cloudy,1,0,0
S083,C,Standard,444,7.77,20,17,1,450,Medium,Rain,0,0,1
S049,D,Standard,677,11.6,50,14,1,1152,Low,Clear,1,0,0
S070,D,Standard,657,10.84,50,32,0,600,Medium,Clear,0,0,0
S056,D,Large,380,5.8,80,19,0,985,Low,Clear,0,0,0
S076,B,EV,905,15.18,50,36,1,1062,High,Clear,1,0,0
S051,D,Standard,105,1.8,40,10,1,1027,Low,Cloudy,0,0,1
S037,B,Standard,256,4.07,60,80,1,710,Medium,Rain,0,0,0
S017,D,Standard,154,1.98,20,17,0,952,Medium,Clear,0,0,0
S058,C,Standard,596,9.85,40,20,0,494,Low,Clear,0,1,0
S087,B,Standard,770,13.06,40,37,1,101,Low,Rain,0,0,1
S090,A,Compact,842,14.31,80,43,0,378,Medium,Clear,1,0,0
S029,B,Standard,930,15.49,20,52,0,819,High,Clear,0,0,0
S033,B,Standard,404,6.55,40,93,1,547,Medium,Clear,0,0,0
S060,A,Compact,708,12.02,80,37,0,174,High,Clear,1,0,0
S091,B,Standard,538,8.63,60,58,0,253,Low,Clear,0,0,0
S089,C,Standard,848,13.73,20,70,0,817,Low,Clear,0,0,0
S055,D,Standard,642,10.67,100,46,1,692,Medium,Cloudy,0,0,0
S010,A,Large,552,9.66,50,12,1,1094,Low,Cloudy,0,0,0
S047,D,Large,99,2.13,50,18,1,639,Medium,Clear,0,0,1
S023,C,Standard,136,1.87,40,95,0,411,Medium,Rain,0,0,0
S085,A,Standard,752,12.4,10,98,1,410,High,Cloudy,0,1,0
S021,D,Standard,352,6.6,20,11,0,1189,Low,Clear,0,1,0
S013,D,Compact,50,1.0,30,32,1,104,Low,Clear,0,0,1
S033,C,Compact,430,7.65,80,60,1,341,High,Cloudy,0,0,0
S024,D,Large,699,11.94,100,26,1,1124,Low,Rain,0,0,0
S011,C,Standard,697,11.97,30,34,1,891,Medium,Clear,0,0,0
S017,B,EV,411,6.72,40,85,1,834,Medium,Clear,1,0,0
S068,C,EV,430,7.04,10,36,0,303,Low,Clear,1,1,0
S047,B,Large,715,11.64,20,29,1,541,Low,Cloudy,0,1,0
S025,A,Compact,211,3.76,50,82,1,1034,Low,Clear,1,0,1
S094,D,Standard,68,1.0,40,96,1,622,Low,Clear,0,0,1
S073,C,Standard,889,14.77,20,45,0,908,Medium,Cloudy,1,0,0
S021,C,Standard,292,5.36,20,37,1,1042,Low,Clear,0,0,1
S084,D,Standard,178,3.15,20,38,1,1010,Low,Clear,1,0,1
S083,D,Compact,225,4.05,10,51,1,274,Medium,Rain,0,0,1
S083,A,Compact,458,7.14,20,67,0,152,High,Clear,0,0,0
S012,A,EV,841,13.72,10,41,1,1019,High,Clear,1,1,0
S037,C,Standard,992,16.89,10,21,1,1121,High,Cloudy,0,0,0
S042,A,Standard,133,2.25,60,39,1,786,Medium,Clear,0,1,0
S017,B,Large,425,6.77,100,69,1,282,Low,Clear,0,0,1
S048,A,Standard,271,4.7,20,20,1,277,Medium,Cloudy,0,0,1
S028,A,Standard,374,6.07,60,93,1,1056,Low,Clear,0,0,0
S041,C,EV,500,9.09,50,20,1,571,Medium,Clear,1,0,1
S099,B,Large,465,7.93,60,89,1,62,Low,Clear,0,0,1
S047,A,Standard,706,11.49,100,59,1,494,Medium,Clear,1,0,0
S018,B,Large,494,8.5,60,10,0,389,Low,Rain,0,0,0
S078,B,Compact,667,11.6,100,98,1,647,Low,Rain,0,0,0
S099,B,Large,374,6.23,80,36,1,206,Medium,Clear,0,0,1
S071,D,Large,572,9.3,80,41,1,705,Medium,Clear,0,0,0
S013,D,Standard,215,3.6,80,15,0,1052,Low,Clear,0,0,0
S082,D,Compact,757,12.43,20,50,0,847,High,Clear,0,0,0
S013,D,Standard,792,13.12,50,45,1,540,Low,Cloudy,0,0,0
S100,C,Standard,708,11.38,40,48,0,884,High,Rain,0,0,0
S031,A,EV,920,15.6,30,96,1,1001,Medium,Clear,1,0,0
S002,D,Standard,287,4.44,40,39,1,406,Medium,Clear,0,0,1
S016,C,Compact,962,16.22,10,95,1,766,High,Clear,0,0,0
S009,A,Large,62,1.0,100,66,1,411,High,Cloudy,0,0,1
S073,D,EV,780,13.07,40,20,1,57,Low,Clear,1,0,1
S038,A,Large,306,4.96,30,99,1,521,Low,Clear,1,0,1
S075,D,Standard,563,9.44,100,96,0,221,Low,Rain,0,0,0
S054,C,Standard,259,4.45,30,12,1,145,Medium,Rain,0,0,1
S056,B,Standard,533,8.78,50,57,1,723,Medium,Clear,0,0,0
S086,B,Standard,414,6.38,80,15,0,657,Medium,Clear,0,0,0
S097,A,Standard,274,4.67,40,16,1,523,Low,Clear,0,0,1
S100,C,Compact,243,4.17,10,53,0,663,Medium,Clear,0,0,0
S087,B,Compact,245,3.65,60,70,0,738,Medium,Cloudy,0,0,0
S045,D,EV,449,7.19,60,63,0,947,Medium,Cloudy,1,0,0
S034,B,Compact,821,13.58,10,60,0,159,Medium,Cloudy,0,0,0
S009,A,Compact,106,1.08,50,95,1,759,Medium,Clear,0,0,1
S088,A,Standard,674,11.45,100,57,1,1014,Medium,Cloudy,0,0,0
S008,C,Standard,262,4.22,60,70,0,920,High,Clear,1,0,0
S007,A,Standard,328,5.55,50,49,1,698,Low,Clear,0,0,1
S036,B,Large,805,13.1,60,12,0,398,Medium,Cloudy,0,1,0
S018,B,Standard,429,7.76,60,39,1,512,Low,Rain,0,0,1
S003,B,Compact,166,2.34,40,33,0,934,Low,Clear,0,0,0
S028,B,Compact,947,15.63,50,76,0,295,High,Clear,0,0,0
S070,C,Standard,500,8.69,30,11,1,1183,Medium,Clear,1,1,0
S044,D,Standard,648,10.46,10,53,0,847,High,Clear,0,1,0
S021,D,Standard,459,7.68,60,49,1,919,High,Cloudy,0,0,0
S028,C,Standard,942,15.89,80,28,1,1140,Low,Cloudy,0,0,0
S054,A,Large,416,6.48,30,72,0,1123,High,Cloudy,0,0,0
S054,D,Compact,824,13.53,20,33,1,865,Low,Cloudy,0,0,0
S065,A,Compact,861,14.41,30,59,1,564,Low,Rain,0,0,0
S100,D,Large,978,16.44,80,29,0,275,Medium,Clear,0,0,0
S021,A,Compact,162,2.45,10,66,0,627,Low,Cloudy,0,0,0
S099,C,EV,213,4.1,20,59,0,555,High,Clear,1,0,0
S013,B,Standard,53,1.03,40,67,1,204,Medium,Clear,0,1,0
S057,A,Compact,679,11.55,80,40,1,160,Low,Rain,0,0,0
S049,B,Standard,72,1.42,20,46,0,532,Low,Cloudy,0,0,0
S054,A,Standard,970,15.7,50,13,1,857,Medium,Clear,0,0,0
S010,A,Standard,794,13.2,10,67,0,323,Low,Clear,1,0,0
S053,A,Compact,651,10.85,50,19,0,204,Low,Cloudy,0,0,0
S044,A,Standard,816,13.52,30,72,0,1092,Medium,Rain,0,0,0
S047,A,Standard,141,2.41,40,45,1,394,High,Cloudy,0,0,1
S053,B,EV,518,8.0,10,64,0,784,Low,Clear,1,0,0
S074,A,Large,204,3.44,40,66,1,618,Low,Clear,0,0,1
S046,B,Compact,868,14.38,60,94,1,343,Low,Clear,0,0,0
S013,C,Large,676,10.63,10,52,0,694,Low,Cloudy,0,0,0
S037,D,EV,256,4.39,80,74,0,387,Low,Clear,1,0,0
S024,A,Compact,130,1.81,50,21,1,501,Low,Clear,0,0,1
S002,D,Standard,664,10.95,30,71,1,393,Medium,Cloudy,1,1,0
S086,B,Large,532,8.79,20,33,1,766,Low,Cloudy,0,0,1
S081,C,Compact,641,10.13,100,11,1,680,Low,Cloudy,0,0,0
S100,C,Standard,456,7.08,100,56,0,814,High,Rain,0,0,0
S014,C,Standard,152,2.7,40,65,0,134,Medium,Cloudy,1,0,0
S010,D,Standard,289,4.64,10,93,0,786,Low,Clear,0,0,0
S035,B,EV,314,5.12,10,25,1,709,Medium,Cloudy,1,0,1
S025,A,Standard,82,1.39,60,43,0,276,Medium,Clear,1,0,0
S003,A,EV,84,1.0,40,86,0,158,Medium,Clear,1,0,0
S017,B,EV,298,4.84,20,27,1,184,High,Cloudy,1,0,1
S012,D,Compact,99,1.62,30,38,0,987,Low,Clear,1,0,0
S054,A,Compact,329,6.01,10,63,1,340,Medium,Clear,0,0,1
S024,B,Standard,803,13.11,100,60,0,871,High,Cloudy,0,1,0
S029,A,Standard,201,3.59,10,23,1,1102,Medium,Rain,1,0,1
S043,C,Standard,708,11.8,40,67,0,443,High,Cloudy,0,0,0
S025,A,Large,600,9.66,40,44,1,76,Medium,Clear,0,0,1
S100,D,Standard,750,12.31,10,18,0,62,High,Clear,0,0,0
S060,B,Standard,586,10.03,10,46,1,603,High,Clear,0,0,0
S090,D,Standard,805,13.65,60,21,0,982,Medium,Clear,0,0,0
S065,B,EV,784,12.91,10,94,1,494,Low,Clear,1,0,0
S084,C,Standard,279,4.75,50,91,0,273,High,Cloudy,0,0,0
S028,B,EV,714,11.59,10,20,1,70,High,Clear,1,0,1
S016,A,Standard,972,16.15,30,36,1,516,Low,Rain,0,0,0
S047,A,Standard,337,5.49,30,97,1,702,Low,Clear,0,0,1
S081,C,Standard,444,7.68,80,52,1,667,High,Clear,0,0,0
S092,B,Standard,502,8.51,60,59,0,829,Medium,Clear,1,0,0
S058,C,Compact,669,10.95,20,29,0,507,Medium,Cloudy,0,0,0
S076,A,Standard,82,1.19,40,22,1,689,High,Rain,0,1,0
S027,D,Compact,964,16.06,20,56,0,712,Medium,Rain,0,0,0
S053,C,Compact,412,6.82,10,17,0,1010,High,Rain,0,0,0
S042,D,Compact,160,2.58,40,78,0,229,Medium,Rain,0,0,0
S059,D,Large,170,2.73,10,80,0,587,High,Cloudy,1,0,0
S047,B,Standard,65,1.5,40,73,1,576,Medium,Cloudy,0,0,1
S094,C,Compact,788,13.0,60,53,1,71,High,Clear,0,0,0
S034,D,EV,572,9.62,80,21,1,626,Medium,Cloudy,1,0,0
S037,D,Large,764,13.46,50,13,1,812,Medium,Cloudy,0,0,0
S006,B,EV,763,12.46,100,49,1,971,Low,Cloudy,1,0,0
S007,B,Standard,147,2.51,80,28,1,1094,Medium,Clear,0,0,1
S096,A,Large,165,2.82,50,63,1,794,Medium,Rain,1,0,1
S096,D,Compact,520,8.66,50,10,1,721,High,Cloudy,0,0,0
S025,A,Standard,488,8.15,80,22,1,1181,Medium,Clear,0,0,0
S033,D,Large,330,5.24,60,59,1,686,High,Clear,1,0,0
S055,A,Compact,398,6.74,80,62,0,1073,Medium,Cloudy,0,0,0
S058,B,Standard,281,4.13,20,51,0,201,Low,Clear,0,0,0
S007,C,Standard,160,3.21,40,34,1,62,Low,Clear,0,0,1
S057,B,Large,401,7.2,20,53,1,764,Low,Clear,0,0,1
S012,A,Standard,979,16.22,100,70,1,1152,Low,Clear,0,0,0
S016,A,Standard,61,1.33,40,90,1,955,Low,Rain,0,0,1
S080,C,Standard,537,8.86,100,99,1,298,Medium,Clear,0,0,0
S043,D,Standard,582,9.7,100,30,1,1194,Medium,Clear,0,0,0
S100,A,EV,688,11.26,10,60,1,436,Medium,Cloudy,1,0,0
S077,A,Standard,334,5.81,100,85,1,488,Low,Rain,0,0,0
S007,A,Compact,996,16.43,50,89,1,349,Low,Cloudy,1,0,0
S100,C,EV,682,11.6,50,61,0,770,Low,Clear,1,0,0
S051,B,Standard,685,11.4,40,72,1,522,Medium,Cloudy,0,0,0
S073,A,Standard,968,16.13,20,93,1,1056,Low,Cloudy,1,0,0
S032,C,Large,594,9.45,20,63,1,682,Low,Clear,1,0,0
S075,A,Standard,441,7.37,30,19,1,470,Low,Cloudy,1,0,1
S008,D,Standard,219,3.31,50,96,0,1005,Medium,Cloudy,0,0,0
S097,C,Compact,126,2.12,50,68,0,1022,Medium,Cloudy,0,0,0
S087,A,Large,346,6.35,20,17,1,73,Low,Rain,0,1,0
S089,C,Large,379,5.9,50,60,1,587,Low,Clear,0,0,1
S072,A,EV,112,1.82,20,14,0,826,Low,Cloudy,1,0,0
S045,B,Large,319,5.13,30,85,1,687,Medium,Clear,0,0,1
S086,A,Large,265,4.1,40,51,1,589,High,Cloudy,0,0,1
S059,C,Large,239,3.75,100,87,1,952,Low,Cloudy,0,0,0
S004,D,Standard,124,2.51,40,21,1,1167,Low,Cloudy,0,0,1
S067,D,Standard,735,12.77,30,33,0,470,Low,Cloudy,0,0,0
S029,D,Compact,559,9.0,50,54,1,533,Medium,Cloudy,1,1,0
S029,A,Compact,628,10.59,80,62,1,1078,High,Cloudy,0,1,0
S098,B,Standard,142,2.09,10,62,1,206,Low,Cloudy,0,0,1
S098,A,Standard,102,1.5,50,26,1,101,Medium,Clear,0,0,1
S028,D,Standard,545,8.47,100,74,0,292,Medium,Clear,0,1,0
S077,C,Compact,997,17.26,20,67,1,823,High,Clear,0,0,0
S079,D,Large,143,2.71,60,46,1,469,Medium,Clear,0,0,1
S087,C,EV,674,11.04,100,84,1,474,Low,Cloudy,1,0,0
S044,B,Large,278,4.72,10,51,0,129,Medium,Clear,0,0,0
S090,C,Large,299,4.86,30,79,1,744,High,Clear,0,1,0
S004,A,Standard,440,7.62,40,88,1,403,High,Clear,0,1,0
S090,A,Standard,770,12.73,40,49,1,342,Medium,Cloudy,0,1,0
S009,A,Standard,231,3.79,80,32,1,766,Low,Cloudy,0,0,1
S005,C,Compact,316,5.07,50,32,0,1189,Low,Clear,0,0,0
S056,A,Standard,330,5.68,40,58,0,578,Medium,Clear,0,0,0
S096,A,Compact,716,12.6,100,85,1,529,Medium,Clear,0,0,0
S084,A,Compact,132,2.11,50,16,1,526,Medium,Clear,0,0,1
S050,B,Standard,235,3.83,80,46,1,74,Low,Clear,0,1,0
S075,C,EV,910,15.16,80,25,1,480,Low,Clear,1,1,0
S015,C,Compact,700,11.74,20,47,1,366,Medium,Clear,0,0,0
S032,D,Standard,616,10.18,20,49,0,687,Low,Clear,0,0,0
S028,C,Standard,580,9.55,30,38,0,407,Low,Clear,0,1,0
S022,B,Compact,397,6.64,60,26,1,739,Medium,Cloudy,0,0,1
S017,C,Standard,472,7.34,20,99,1,393,Low,Cloudy,1,0,1
S059,B,Standard,907,14.95,50,29,1,608,High,Clear,0,0,0
S090,B,Compact,503,7.78,40,34,1,761,Low,Clear,0,0,1
S071,C,EV,316,5.12,20,69,1,612,Medium,Clear,1,0,1
S057,D,Standard,556,8.98,20,47,0,488,Low,Rain,0,0,0
S026,A,EV,191,3.37,50,72,1,1094,Low,Rain,1,0,1
S025,A,Large,365,5.86,80,48,1,192,High,Cloudy,0,0,1
S010,C,Standard,725,11.97,20,73,1,917,Medium,Cloudy,0,1,0
S045,C,Compact,813,12.91,40,92,0,402,Low,Rain,0,0,0
S083,B,Standard,281,4.99,60,30,1,1066,Low,Clear,1,0,1
S011,C,Standard,346,5.44,40,41,1,517,High,Cloudy,0,0,1
S077,B,Compact,947,15.64,80,37,0,926,Medium,Clear,0,0,0
S053,D,Compact,924,15.63,60,21,1,968,Low,Clear,1,0,0
S072,C,Standard,621,10.58,40,88,0,1131,Low,Clear,0,0,0
S068,A,EV,965,15.75,100,94,1,1199,High,Clear,1,0,0
S095,A,Large,71,1.34,100,89,1,890,Low,Clear,0,0,1
S028,C,EV,433,6.87,80,32,1,927,Low,Clear,1,0,0
S075,B,Standard,175,2.99,40,99,1,101,Medium,Clear,1,0,1
S065,A,EV,152,2.3,10,24,0,1061,High,Cloudy,1,0,0
S049,B,Standard,949,15.51,80,21,1,863,Low,Clear,1,0,0
S047,C,Standard,782,13.04,40,13,1,318,Medium,Cloudy,0,0,0
S052,C,Large,159,2.43,80,44,1,145,Medium,Cloudy,0,0,1
S088,A,Compact,619,10.92,80,70,1,322,Low,Cloudy,0,0,0
S054,C,Compact,521,8.5,10,36,1,182,High,Clear,0,0,1
S060,D,Standard,114,1.54,40,42,0,977,Medium,Clear,0,0,0
S057,D,Standard,521,8.41,80,22,0,138,Low,Clear,1,0,0
S047,A,Compact,619,10.31,80,46,0,734,Medium,Cloudy,0,0,0
S031,D,Standard,719,12.02,40,53,1,873,Medium,Clear,0,0,0
S046,B,Compact,125,2.18,50,11,1,54,Medium,Cloudy,0,0,1
S026,A,Standard,68,1.41,60,47,1,406,Medium,Clear,0,0,1
S005,A,EV,433,6.72,40,46,1,253,Low,Rain,1,0,1
S084,B,Compact,239,4.27,20,68,1,520,Low,Clear,0,0,1
S052,D,Compact,811,13.24,40,78,1,513,Low,Cloudy,0,0,0
S075,D,EV,409,6.94,100,27,0,546,Medium,Cloudy,1,0,0
S054,D,Compact,924,15.92,30,57,1,751,High,Clear,1,0,0
S033,A,Standard,935,15.34,100,90,0,886,High,Clear,0,0,0
S050,A,Standard,501,8.1,50,75,1,112,Low,Clear,1,0,1
S038,D,Compact,128,1.83,50,58,0,288,Medium,Cloudy,0,0,0
S027,C,Standard,645,10.65,40,67,0,589,High,Clear,0,0,0
S098,D,Compact,221,4.06,30,44,1,247,Medium,Clear,0,0,1
S015,B,Standard,261,4.02,80,87,0,830,Low,Clear,0,0,0
S096,A,Standard,935,15.44,60,85,1,79,Medium,Clear,0,0,0
S061,B,Standard,494,8.53,40,67,1,715,Medium,Clear,0,0,0
S021,B,EV,198,3.49,20,16,1,1136,Low,Clear,1,0,1
S046,A,Compact,59,1.0,80,18,1,1130,Low,Clear,1,0,1
S069,C,EV,591,9.79,50,78,1,1180,Medium,Clear,1,0,0
S006,D,EV,841,14.29,80,13,1,649,Medium,Cloudy,1,0,0
S038,B,Standard,993,17.02,50,41,0,1067,Medium,Cloudy,0,0,0
S062,A,Standard,104,2.24,60,14,0,669,High,Clear,0,0,0
S086,B,Large,921,15.76,30,65,0,1119,Low,Clear,0,0,0
S062,D,Large,688,11.27,10,65,1,126,Low,Rain,0,1,0
S082,C,Standard,229,4.36,60,53,1,778,Medium,Clear,0,0,1
S078,C,EV,793,13.0,30,81,0,863,Medium,Clear,1,0,0
S074,C,Standard,430,6.67,100,22,1,757,High,Clear,0,0,0
S046,A,Standard,471,7.88,80,13,0,317,Medium,Cloudy,0,0,0
S013,A,Compact,500,8.78,20,61,0,814,Medium,Clear,0,0,0
S095,C,Standard,142,2.57,30,84,1,634,Medium,Rain,0,0,1
S094,D,Standard,569,9.46,60,24,0,468,Low,Clear,0,0,0
S003,D,Standard,462,7.79,10,91,1,919,Medium,Clear,1,0,0
S094,A,Standard,808,13.63,80,93,1,1131,Low,Cloudy,0,0,0
S006,C,Compact,443,7.43,20,10,1,433,Medium,Clear,0,0,1
S093,D,Large,380,6.24,20,74,1,852,Low,Clear,0,0,1
S008,D,Large,757,12.39,100,20,1,559,High,Clear,0,0,0
S044,D,Compact,482,8.07,10,70,1,479,High,Clear,1,0,0
S033,A,Standard,212,3.5,100,97,0,627,Low,Cloudy,0,0,0
S081,C,Standard,995,16.58,40,93,1,989,Medium,Clear,0,1,0
S075,B,Standard,89,1.8,30,72,0,1099,High,Clear,0,0,0
S077,C,Standard,815,13.51,60,47,0,638,Medium,Clear,0,0,0
S050,C,Standard,957,15.89,20,78,1,847,Medium,Clear,0,0,0
S011,A,Large,134,2.29,60,54,1,421,Low,Cloudy,0,0,1
S095,D,EV,833,14.67,30,83,0,977,Low,Clear,1,0,0
S028,D,Standard,639,10.32,80,79,0,1109,Low,Rain,0,0,0
S070,A,Compact,774,13.23,10,77,0,1092,High,Clear,0,0,0
S041,A,Standard,865,14.33,100,13,1,189,Medium,Cloudy,0,0,0
S016,A,Compact,816,13.58,50,80,1,116,High,Clear,0,1,0
S068,A,Compact,140,1.94,10,57,0,1064,Medium,Clear,1,0,0
S099,A,Standard,533,9.45,30,18,1,310,Medium,Rain,0,0,1
S048,B,Standard,434,7.3,20,99,1,1023,Medium,Clear,0,0,0
S056,C,Large,242,4.23,80,56,1,676,Medium,Cloudy,0,0,1
S064,C,Compact,302,4.58,30,94,1,628,High,Clear,0,0,0
S059,C,Large,839,13.79,80,69,1,1071,Low,Clear,0,0,0
S090,D,Large,704,11.86,50,61,1,688,Low,Cloudy,0,0,0
S062,B,EV,293,4.84,20,95,1,459,Low,Cloudy,1,0,1
S076,C,Standard,773,13.02,80,42,0,882,Low,Cloudy,1,1,0
S011,D,Standard,756,13.23,50,67,1,1153,Low,Rain,0,0,0
S089,B,Standard,319,5.47,80,57,1,162,Medium,Clear,0,1,0
S018,B,Standard,890,14.7,40,14,0,672,Low,Clear,0,1,0
S019,D,Standard,68,1.0,60,94,0,870,Medium,Cloudy,0,0,0
S087,B,Compact,89,1.25,10,36,0,889,Medium,Cloudy,0,0,0
S055,D,Compact,659,10.86,40,50,1,238,Low,Rain,0,0,1
S082,C,Standard,565,9.3,30,10,0,326,Low,Clear,0,0,0
S026,D,EV,82,1.4,100,60,1,152,Medium,Clear,1,0,1
S006,B,Standard,860,14.49,40,25,1,156,Medium,Cloudy,1,0,0
S004,C,Standard,726,12.23,10,41,1,806,Low,Clear,0,0,0
S029,C,Compact,499,8.36,20,56,1,222,Medium,Clear,0,0,1
S059,A,Large,588,9.86,60,32,1,1048,Medium,Cloudy,0,0,0
S098,A,Standard,734,12.99,50,24,0,771,Low,Rain,1,0,0
S017,B,Standard,898,14.75,80,35,1,880,Low,Clear,0,0,0
S043,D,Compact,674,11.22,100,46,0,274,Medium,Clear,0,0,0
S080,D,Standard,995,16.05,20,98,1,183,High,Rain,0,0,0
S066,B,Standard,934,15.45,60,64,1,1110,Medium,Rain,0,0,0
S034,C,Compact,941,15.41,40,11,1,142,High,Clear,0,0,0
S008,B,Standard,656,10.71,30,85,1,124,Medium,Cloudy,0,0,0
S013,B,Standard,368,5.78,40,28,0,805,High,Clear,0,0,0
S008,C,Standard,794,12.83,10,41,1,232,High,Rain,0,0,0
S094,D,EV,695,11.62,10,96,1,766,Low,Cloudy,1,0,0
S096,B,EV,173,3.1,30,78,0,508,Low,Clear,1,0,0
S100,D,Standard,421,6.79,60,64,1,676,Low,Cloudy,0,0,1
S094,B,Standard,400,6.06,20,98,1,458,Low,Rain,0,0,1
S065,C,Standard,372,6.23,80,65,1,256,Medium,Clear,1,0,1
S043,C,Standard,537,9.09,80,38,1,722,Medium,Clear,0,0,0
S039,A,Standard,500,8.54,10,93,0,1062,High,Cloudy,0,0,0
S081,C,Compact,402,6.39,10,45,1,797,Medium,Cloudy,0,1,0
S059,A,Standard,165,2.57,30,80,1,322,Medium,Cloudy,0,0,1
S084,B,Standard,62,1.0,20,95,0,428,Medium,Clear,1,0,0
S088,D,Standard,966,15.88,100,91,1,675,Low,Clear,0,0,0
S086,C,Standard,369,5.91,100,62,0,713,Medium,Cloudy,0,0,0
S093,C,Standard,214,3.41,40,94,1,1099,Medium,Rain,0,0,0
S086,C,Standard,769,12.74,50,95,0,729,Medium,Rain,0,0,0
S044,B,Compact,134,2.27,30,48,1,593,Low,Cloudy,0,0,1
S009,A,Compact,297,4.7,20,85,1,782,Low,Clear,0,0,1
S037,B,Standard,481,7.97,50,20,1,140,Medium,Cloudy,0,0,1
S074,D,Compact,617,10.01,80,85,0,525,Low,Clear,0,0,0
S036,B,Standard,733,11.69,30,99,1,775,Medium,Clear,1,0,0
S092,D,Standard,702,11.86,40,39,1,583,Low,Cloudy,0,1,0
S028,C,Compact,693,11.35,40,88,0,747,Low,Clear,0,0,0
S042,D,Standard,528,8.28,20,81,1,929,Low,Clear,0,0,0
S043,D,Compact,762,12.87,20,62,1,134,Low,Clear,0,0,1
S085,A,Compact,417,6.87,40,91,1,641,Low,Cloudy,1,1,0
S088,D,EV,850,14.3,40,83,0,890,High,Clear,1,0,0
S042,D,EV,982,16.49,30,17,0,126,Low,Cloudy,1,0,0
S066,B,Standard,870,14.17,60,29,0,379,Low,Clear,0,0,0
S055,C,EV,406,7.05,80,21,1,432,Medium,Cloudy,1,0,1
S072,B,Compact,457,7.07,60,76,0,426,Low,Cloudy,0,0,0
S048,B,Compact,394,6.45,20,93,1,390,Low,Clear,0,0,1
S091,C,Standard,228,3.66,50,59,1,473,Medium,Clear,0,0,1
S022,C,Large,474,7.67,40,21,0,223,Low,Cloudy,0,0,0
S027,D,Standard,590,10.2,50,63,1,455,Low,Cloudy,0,0,0
S093,D,Large,492,8.29,20,97,1,131,Medium,Clear,0,0,1
S067,A,Standard,985,15.99,80,89,0,70,Low,Cloudy,0,0,0
S013,B,Compact,868,14.09,20,63,1,740,High,Clear,0,0,0
S045,C,Standard,355,6.56,10,83,1,1059,Low,Cloudy,0,0,1
S010,D,Standard,416,6.79,40,28,1,447,High,Clear,0,1,0
S100,C,Standard,85,1.18,80,23,1,379,Medium,Clear,0,0,1
S009,D,Standard,512,8.88,60,61,1,274,Low,Clear,0,0,1
S054,A,Standard,670,10.63,60,87,1,830,Low,Rain,0,0,0
S027,A,Standard,877,15.03,100,31,1,943,High,Rain,0,0,0
S034,C,Compact,195,3.01,20,13,1,487,Medium,Rain,0,0,1
S001,A,Large,837,14.1,20,68,1,272,Low,Cloudy,0,0,0
S032,C,Compact,950,15.69,40,43,0,558,Low,Cloudy,0,0,0
S089,D,Standard,195,2.78,10,73,1,666,High,Cloudy,0,0,1
S093,B,Standard,429,7.2,10,27,1,1115,Medium,Clear,1,0,1
S071,A,Standard,217,3.9,10,91,0,1008,Low,Cloudy,0,0,0
S067,D,EV,818,12.93,10,40,0,653,High,Cloudy,1,0,0
S084,B,Large,324,5.05,80,93,1,1084,Low,Cloudy,0,1,0
S020,B,Standard,136,2.64,30,51,0,201,Medium,Rain,0,0,0
S094,B,Standard,203,3.5,40,83,1,238,Medium,Rain,0,0,1
S035,D,Large,546,9.24,40,12,0,1009,High,Clear,0,0,0
S099,D,Large,846,14.38,40,94,0,725,Low,Clear,0,0,0
S091,C,Large,364,6.21,80,64,0,687,High,Clear,1,0,0
S090,B,Large,880,14.71,60,19,1,260,High,Clear,0,0,0
S078,B,Standard,659,11.32,80,80,0,1170,Low,Rain,0,0,0
S017,B,Standard,772,12.75,10,31,1,388,Medium,Rain,0,0,0
S018,C,Standard,609,10.15,10,32,1,96,High,Cloudy,0,0,1
S045,B,Standard,879,14.9,60,85,1,869,Medium,Cloudy,0,0,0
S093,D,Standard,323,5.15,100,22,1,1024,Medium,Clear,0,1,0
S084,B,Standard,755,13.01,80,49,1,1130,Medium,Rain,1,0,0
S053,A,Standard,813,13.64,60,22,1,1148,Medium,Rain,0,0,0
S091,D,Standard,844,13.72,20,60,1,886,Medium,Clear,0,1,0
S082,C,Standard,311,5.13,30,73,1,1001,Medium,Clear,0,1,0
S068,B,Standard,536,8.52,60,92,1,647,Low,Clear,0,0,0
S065,A,Standard,503,8.41,40,94,1,219,Medium,Cloudy,0,1,0
S001,C,Large,492,8.09,30,99,0,888,Low,Clear,0,0,0
S058,C,Large,311,4.92,80,22,1,1106,Medium,Clear,0,1,0
S026,D,Standard,592,9.33,60,38,0,845,Low,Clear,0,0,0
S020,C,Standard,154,2.33,100,80,0,1199,Medium,Cloudy,1,0,0
S087,C,Standard,399,6.6,40,56,1,1008,Low,Rain,1,0,1
S010,C,Compact,873,14.44,10,35,1,1186,Medium,Cloudy,0,0,0
S059,C,Standard,487,7.69,80,79,1,864,Medium,Cloudy,0,0,0
S075,B,Standard,218,3.64,10,32,1,391,Medium,Clear,0,0,1
S041,B,Large,797,12.99,40,84,1,97,Low,Clear,0,0,0
S005,B,Standard,835,14.19,100,65,0,413,Low,Clear,1,0,0
S065,B,Standard,392,6.85,50,94,1,774,High,Clear,0,0,0
S017,A,Standard,279,4.57,80,28,1,187,Medium,Clear,0,0,1
S022,B,Standard,72,1.67,10,59,1,404,Low,Clear,0,0,1
S098,C,Standard,725,12.04,100,44,1,1143,High,Clear,0,1,0
S041,B,Large,330,5.11,100,58,1,860,Low,Cloudy,0,0,0
S093,B,Standard,568,9.82,20,55,0,761,Medium,Clear,0,0,0
S068,D,Compact,771,13.33,60,79,0,108,Medium,Cloudy,0,0,0
S069,C,Standard,302,5.33,10,62,1,820,Low,Cloudy,0,0,1
S011,B,Standard,453,7.32,20,40,1,438,Low,Clear,0,0,1
S056,B,Standard,182,2.66,100,93,1,895,Medium,Cloudy,1,0,0
S051,B,Standard,323,5.28,30,31,0,918,Low,Rain,0,0,0
S021,A,Standard,667,11.86,80,76,0,388,Medium,Clear,0,0,0
S099,B,Standard,281,4.33,10,17,1,806,Medium,Cloudy,0,1,0
S076,D,Large,594,10.15,60,28,0,645,Low,Clear,0,0,0
S026,C,Standard,128,2.11,10,40,0,485,High,Clear,0,0,0
S019,C,Standard,84,1.68,60,41,0,426,Low,Clear,0,0,0
S060,B,Standard,544,8.69,30,88,0,440,Low,Clear,0,0,0
S071,B,Standard,159,2.58,60,64,1,530,Medium,Cloudy,0,0,1
S047,B,Standard,370,5.9,20,40,1,870,High,Clear,0,0,0
S071,C,Standard,624,10.15,50,76,0,163,Medium,Cloudy,0,0,0
S026,C,Standard,377,6.5,80,60,0,823,Low,Cloudy,0,1,0
S040,A,Standard,858,13.96,60,83,1,221,High,Rain,0,0,0
S005,D,Compact,739,12.4,80,36,0,67,Medium,Cloudy,1,1,0
S021,A,Standard,433,7.23,60,57,1,284,Low,Clear,1,0,1
S078,D,Standard,413,6.6,80,52,1,772,High,Cloudy,0,0,0
S004,A,Compact,281,4.46,20,60,1,330,Low,Clear,0,0,1
S023,C,EV,665,11.18,100,78,1,880,Medium,Rain,1,0,0
S084,A,Compact,463,7.71,80,84,1,1188,High,Cloudy,0,0,0
S015,D,Standard,343,5.73,40,80,1,467,Low,Clear,0,0,1
S093,B,Compact,596,9.86,40,81,0,333,Medium,Cloudy,1,0,0
S008,D,Compact,755,12.49,40,90,0,634,Low,Clear,0,0,0
S041,B,Standard,223,3.71,60,59,0,671,High,Clear,0,0,0
S019,C,Large,441,7.78,30,70,1,270,Medium,Cloudy,0,0,1
S046,D,Standard,151,2.68,20,50,0,58,Low,Clear,0,1,0
S028,A,EV,885,14.71,60,60,0,1155,Low,Cloudy,1,0,0
S091,D,Compact,342,5.38,80,87,1,881,Medium,Clear,0,0,0
S068,B,Compact,134,2.11,10,33,1,424,Medium,Rain,0,1,0
S015,C,Compact,958,15.69,60,39,0,583,Medium,Rain,0,0,0
S099,A,Standard,250,3.93,40,61,1,1172,Low,Cloudy,0,0,1
S037,D,Standard,734,11.67,20,59,0,751,Medium,Cloudy,0,0,0
S001,B,Large,590,9.83,10,66,1,881,Low,Rain,0,1,0
S067,A,Compact,346,6.39,100,71,0,826,High,Clear,0,0,0
S024,C,Large,105,1.81,20,88,1,989,Low,Clear,0,0,1
S027,A,Large,521,8.9,30,62,0,496,Medium,Clear,1,0,0
S040,C,EV,65,1.37,40,77,1,729,Low,Clear,1,0,1
S063,A,Compact,701,11.6,50,86,0,393,Medium,Rain,1,0,0
S061,D,Standard,115,1.85,60,78,0,474,High,Clear,0,0,0
S036,B,Standard,708,11.38,80,40,0,674,Medium,Cloudy,0,0,0
S098,D,Compact,719,12.04,40,85,0,355,Medium,Clear,0,0,0
S093,D,Standard,961,16.03,40,39,1,197,Medium,Clear,0,0,0
S024,C,Standard,521,8.43,30,19,1,898,Medium,Clear,0,0,0
S024,C,Standard,958,16.31,10,99,1,781,Low,Clear,0,0,0
S004,C,Large,630,10.27,40,53,1,503,High,Clear,0,0,0
S067,D,Large,72,2.05,10,15,1,987,Medium,Rain,0,0,1
S034,A,Compact,751,12.64,10,36,1,82,Low,Clear,0,0,1
S057,A,Standard,809,13.48,30,29,0,1033,Low,Clear,1,0,0
S049,D,Compact,535,9.5,40,29,1,440,Medium,Cloudy,1,0,1
S087,D,Compact,464,7.05,60,21,0,406,Low,Clear,0,0,0
S053,B,Standard,870,14.41,30,94,1,622,High,Cloudy,1,0,0
S023,C,Standard,937,15.49,30,58,1,513,Medium,Cloudy,0,0,0
S069,C,Standard,706,11.71,50,61,1,979,Low,Rain,0,0,0
S095,D,Compact,945,15.82,60,19,1,148,Low,Cloudy,0,0,0
S053,D,Compact,354,5.84,30,14,1,197,Low,Clear,0,0,1
S062,A,Standard,226,4.19,50,73,1,619,Low,Cloudy,0,0,1
S041,D,EV,244,4.2,100,67,1,776,Low,Clear,1,0,0
S057,A,Standard,971,16.33,10,17,1,1051,High,Clear,0,0,0
S060,D,Standard,62,1.17,60,39,1,352,Medium,Clear,0,0,1
S054,B,Standard,925,15.03,60,26,1,53,Low,Clear,0,0,0
S070,B,Standard,215,3.64,10,76,1,827,Low,Cloudy,0,0,1
S057,A,Standard,199,3.39,100,30,1,156,High,Clear,0,0,1
S010,C,Standard,390,6.16,20,25,1,124,Medium,Clear,0,0,1
S040,B,Standard,974,16.5,60,36,1,1113,Low,Clear,0,0,0
S007,A,Standard,606,9.49,100,15,1,688,Low,Cloudy,0,0,0
S038,D,Compact,223,4.47,80,51,1,744,High,Rain,0,0,0
S085,D,Standard,216,3.59,20,25,1,1192,Low,Clear,0,0,1
S061,A,Standard,758,12.38,10,54,0,122,Medium,Cloudy,1,0,0
S084,C,Large,767,12.97,40,12,1,601,Medium,Clear,0,0,0
S003,A,Standard,643,10.9,20,49,1,1026,Medium,Clear,0,0,0
S051,A,Large,629,11.1,30,29,1,145,Medium,Clear,1,0,1
S086,B,EV,146,2.97,60,16,0,1188,High,Cloudy,1,1,0
S047,A,Standard,728,11.73,80,68,0,933,High,Rain,0,0,0
S068,A,EV,453,7.47,20,20,1,326,Low,Clear,1,0,1
S092,D,Large,126,1.83,60,61,0,308,Medium,Cloudy,0,0,0
S076,B,EV,286,4.99,10,12,1,95,Low,Cloudy,1,1,0
S038,D,Compact,757,13.04,40,30,1,395,High,Cloudy,0,0,0
S036,D,Standard,340,5.27,100,62,1,896,Low,Clear,0,0,0
S041,C,Large,185,3.06,10,39,1,944,Low,Clear,0,0,1
S069,C,Standard,869,14.29,100,20,1,1126,Medium,Clear,0,0,0
S013,B,Standard,857,14.54,40,90,1,1163,Medium,Clear,0,0,0
S087,B,Standard,938,15.76,100,34,0,282,Low,Cloudy,0,0,0
S058,C,Standard,930,15.85,60,59,1,100,Medium,Clear,0,0,0
S050,C,Standard,416,6.81,20,98,1,714,High,Cloudy,0,0,0
S030,C,Compact,597,9.92,30,18,1,500,Medium,Clear,1,0,1
S062,C,EV,951,15.97,30,54,1,400,Medium,Clear,1,0,0
S025,C,Standard,297,4.87,100,38,0,698,Low,Cloudy,0,0,0
S027,D,EV,815,13.67,100,71,0,927,Low,Cloudy,1,0,0
S051,B,EV,263,4.76,100,24,0,632,Medium,Clear,1,0,0
S078,D,Standard,813,14.19,10,28,1,294,Medium,Rain,0,0,0
S057,D,Standard,119,1.84,60,24,1,599,Medium,Clear,0,1,0
S047,A,Large,795,13.89,40,48,1,777,Medium,Cloudy,0,0,0
S100,D,Compact,378,6.15,100,44,1,688,Low,Clear,0,0,0
S039,C,Large,65,1.34,20,22,1,633,Medium,Clear,1,0,1
S016,C,Compact,536,8.79,80,25,1,275,Low,Rain,1,0,1
S022,A,Standard,223,3.41,100,76,0,876,High,Rain,0,1,0
S085,A,Standard,748,12.83,40,64,1,490,Low,Clear,1,0,0
S054,A,Compact,855,14.24,40,74,1,461,Medium,Rain,1,0,0
S021,A,Standard,786,13.49,40,44,0,863,Low,Clear,0,0,0
S072,A,Compact,323,5.61,60,25,1,295,Medium,Rain,0,0,1
S016,D,Large,573,9.67,20,10,0,632,Medium,Cloudy,1,1,0
S059,A,Compact,871,14.68,60,59,0,549,Low,Clear,0,0,0
S031,D,EV,268,4.79,80,23,1,1031,Medium,Rain,1,1,0
S042,B,Standard,992,16.81,40,71,1,599,Medium,Clear,0,0,0
S074,A,Compact,562,9.25,80,16,1,166,High,Clear,0,1,0
S032,A,Compact,448,7.59,80,32,1,253,Low,Clear,0,0,1
S059,D,EV,160,3.12,60,72,0,400,Medium,Rain,1,0,0
S034,B,Compact,513,8.56,100,38,1,368,Medium,Cloudy,0,0,0
S009,D,Standard,838,13.82,100,31,1,989,Low,Clear,0,0,0
S081,D,EV,690,11.31,30,89,1,538,High,Clear,1,0,0
S011,A,Compact,142,2.62,10,15,1,156,Low,Clear,0,0,1
S096,C,Standard,500,8.26,50,91,0,703,Low,Clear,0,1,0
S010,C,Compact,445,7.53,100,38,1,221,Low,Clear,0,0,1
S086,D,Large,941,15.6,40,98,1,568,Medium,Clear,0,0,0
S017,A,Compact,973,16.57,80,11,1,1007,High,Clear,0,0,0
S068,B,Standard,600,10.05,30,73,1,862,Medium,Clear,0,0,0
S048,C,Large,982,16.8,60,45,0,577,High,Cloudy,0,0,0
S052,B,Large,528,9.22,80,29,1,369,High,Clear,0,0,0
S025,C,Standard,365,6.06,30,64,0,1110,Medium,Cloudy,1,0,0
S021,A,Standard,720,12.4,10,46,1,548,Medium,Clear,0,0,0
S065,D,Standard,747,12.35,10,61,0,314,Low,Clear,0,0,0
S063,B,Compact,402,6.78,50,78,1,957,Medium,Cloudy,0,0,0
S089,B,Large,817,13.38,50,79,0,451,Low,Clear,0,0,0
S051,D,Standard,288,4.98,80,31,1,1036,Medium,Rain,0,0,0
S036,B,Standard,153,2.64,100,94,1,651,High,Clear,0,0,0
S081,C,Standard,956,16.09,50,92,1,1001,Medium,Clear,0,0,0
S088,D,Compact,927,15.04,20,24,0,267,Medium,Rain,0,0,0
S066,C,Standard,78,1.0,20,56,1,379,High,Rain,0,0,1
S015,C,Standard,138,1.96,30,80,0,235,Medium,Cloudy,1,0,0
S096,A,Standard,424,7.22,60,90,1,258,Medium,Clear,0,0,0
S039,C,Compact,446,7.64,10,78,0,337,Medium,Clear,0,0,0
S070,A,Standard,612,10.54,40,61,0,137,Low,Cloudy,0,0,0
S001,B,Standard,413,6.76,100,48,1,1052,Medium,Clear,1,0,0
S023,B,EV,999,16.71,10,11,0,185,Medium,Clear,1,0,0
S039,A,Standard,196,3.06,20,100,1,207,Medium,Cloudy,0,0,1
S057,C,Standard,363,6.46,30,54,0,843,Medium,Cloudy,0,0,0
S081,D,EV,597,9.74,40,33,0,969,Low,Cloudy,1,0,0
S034,D,Standard,845,14.44,50,70,1,204,Medium,Rain,0,0,0
S041,A,Compact,501,8.27,50,74,0,269,Medium,Rain,0,1,0
S093,B,Standard,948,16.27,20,62,1,371,High,Clear,0,0,0
S073,B,Large,555,9.3,30,30,1,740,Low,Clear,0,0,1
S013,D,Standard,535,8.96,80,76,1,890,Low,Cloudy,0,0,0
S070,A,Large,150,2.27,60,10,1,561,Medium,Clear,1,1,0
S006,D,Standard,156,3.25,10,68,1,136,Medium,Clear,1,0,1
S084,C,Standard,906,15.4,20,56,0,324,Medium,Cloudy,0,0,0
S052,C,Large,986,16.59,60,27,1,190,High,Cloudy,0,0,0
S003,A,EV,340,5.74,60,42,1,674,Low,Cloudy,1,0,1
S081,A,Standard,398,6.44,10,24,0,965,Medium,Clear,0,0,0
S063,C,Large,666,11.3,40,33,1,402,Low,Rain,0,1,0
S049,B,Standard,782,13.01,10,45,0,1078,High,Cloudy,0,0,0
S076,A,Compact,637,10.63,40,69,0,431,Low,Cloudy,0,1,0
S047,C,Standard,276,4.87,100,43,0,524,Low,Clear,0,0,0
S055,C,Compact,645,10.84,60,99,1,977,Low,Clear,0,0,0
S064,B,Standard,637,10.62,30,60,0,79,Medium,Clear,1,0,0
S065,B,Standard,810,13.93,20,49,1,971,Medium,Cloudy,0,0,0
S081,B,Standard,816,13.35,10,31,1,643,Low,Rain,0,0,0
S067,B,Standard,99,1.15,30,25,0,542,Low,Cloudy,0,0,0
S090,D,EV,917,15.04,30,51,1,544,Low,Clear,1,0,0
S015,B,EV,771,12.9,10,25,0,437,Medium,Cloudy,1,0,0
S100,D,Large,207,3.66,50,14,1,922,Low,Cloudy,0,0,1
S032,A,Standard,377,6.06,60,15,1,884,Medium,Cloudy,0,1,0
S096,C,Standard,794,14.34,50,51,0,679,Medium,Rain,0,0,0
S068,D,Compact,932,15.59,40,97,0,988,High,Cloudy,0,0,0
S018,A,EV,126,2.15,100,39,0,79,Low,Clear,1,0,0
S083,A,Standard,784,12.68,30,41,0,672,Medium,Cloudy,0,0,0
S043,D,Large,682,10.93,20,62,0,856,Low,Clear,0,1,0
S035,A,EV,503,7.85,20,28,1,391,Medium,Clear,1,0,1
S078,A,Large,359,6.39,30,60,0,1050,Medium,Cloudy,0,0,0
S058,D,Standard,376,6.63,50,37,0,293,Medium,Clear,0,0,0
S033,A,Standard,557,9.28,60,56,1,270,High,Clear,0,0,0
S014,B,Standard,902,14.67,30,81,1,422,Medium,Cloudy,1,0,0
S034,B,Standard,919,15.23,80,10,1,580,Low,Rain,0,0,0
S061,C,Standard,156,3.03,40,77,0,264,Medium,Rain,0,0,0
S004,A,Standard,290,4.68,30,66,1,416,Medium,Cloudy,1,1,0
S088,C,Large,484,7.8,10,31,0,163,Medium,Rain,0,0,0
S059,B,Standard,77,1.17,50,95,1,74,High,Cloudy,0,0,1
S029,B,Standard,753,12.46,10,67,1,983,Medium,Clear,1,0,0
S083,B,Compact,298,5.19,10,100,1,1194,High,Clear,0,0,0
S006,A,Compact,413,6.22,30,100,0,660,Medium,Clear,0,1,0
S097,A,Large,774,12.95,60,22,1,907,Low,Clear,0,0,0
S049,B,Standard,582,9.49,30,48,1,1076,High,Cloudy,1,0,0
S040,C,Compact,521,8.52,60,36,1,947,Low,Clear,0,0,0
S083,C,Compact,716,12.16,20,48,1,822,High,Cloudy,0,0,0
S065,D,Standard,588,9.41,60,81,1,494,High,Cloudy,0,0,0
S069,B,Large,638,10.69,100,21,1,69,High,Cloudy,0,0,0
S027,C,Standard,867,14.59,10,33,1,855,Low,Clear,0,0,0
S080,B,Standard,462,7.87,100,27,1,177,High,Cloudy,0,0,0
S006,C,Standard,984,16.61,30,24,0,407,Medium,Cloudy,0,0,0
S013,D,Standard,618,10.47,100,69,1,930,Medium,Clear,0,0,0
S064,D,Standard,680,11.55,20,25,0,1110,Medium,Rain,0,0,0
S062,B,Large,214,3.3,80,83,1,966,Medium,Clear,0,0,0
S099,C,Standard,625,10.83,10,56,0,1157,Low,Clear,0,0,0
S019,A,EV,97,1.26,20,33,1,559,Medium,Cloudy,1,0,1
S076,D,Compact,711,11.96,50,54,1,493,Low,Clear,0,0,0
S080,B,Standard,533,8.68,40,28,0,828,Medium,Cloudy,0,0,0
S043,B,Standard,207,2.93,10,100,1,1161,Medium,Cloudy,1,0,0
S074,C,Compact,717,11.78,30,50,1,301,Medium,Rain,0,0,0
S089,B,Compact,200,3.3,60,40,1,1104,Low,Clear,1,0,1
S020,D,Standard,274,4.98,50,94,1,470,Low,Rain,0,0,1
S095,B,Standard,309,5.7,100,25,1,110,Medium,Clear,0,0,1
S068,B,Large,436,7.23,80,32,0,628,Medium,Clear,0,0,0
S044,A,Standard,305,4.67,20,87,1,628,Medium,Clear,0,0,1
S023,A,Large,110,1.44,40,32,1,689,Medium,Clear,0,0,1
S002,D,Compact,913,15.45,60,50,1,160,Medium,Cloudy,0,0,0
S022,C,Standard,821,13.9,10,27,1,540,High,Clear,0,0,0
S057,A,Standard,882,14.52,40,45,1,83,Low,Cloudy,0,0,0
S072,C,Standard,445,7.06,100,21,1,261,Low,Cloudy,0,0,1
S007,D,Large,446,7.73,50,84,1,174,Low,Cloudy,1,0,1
S078,A,Standard,211,3.15,100,78,1,1176,Low,Cloudy,0,0,0
S056,C,Standard,429,7.02,40,60,0,1193,High,Cloudy,0,0,0
S067,A,Compact,492,8.34,100,94,1,943,High,Clear,0,1,0
S016,D,Standard,398,6.03,10,41,1,380,High,Clear,0,0,1
S083,D,Standard,80,1.62,50,80,1,461,Medium,Clear,1,0,1
S051,A,Large,120,2.71,20,45,0,983,Low,Cloudy,1,0,0
S082,C,Standard,446,7.47,10,49,0,713,Medium,Cloudy,1,0,0
S080,B,EV,487,8.11,40,100,1,1138,Medium,Clear,1,0,0
S072,B,Large,51,1.0,10,79,0,652,High,Cloudy,0,0,0
S097,A,Standard,978,16.37,100,47,0,75,Low,Clear,0,0,0
S012,C,Standard,611,9.96,100,63,1,718,Low,Cloudy,0,0,0
S053,B,Standard,184,2.73,100,13,1,633,High,Cloudy,1,0,1
S075,D,Compact,195,3.14,50,55,1,1117,High,Clear,0,0,0
S005,C,Standard,228,3.85,40,72,0,1163,High,Cloudy,0,0,0
S027,B,EV,313,4.92,20,83,0,429,Medium,Rain,1,0,0
S012,C,Compact,360,5.6,80,59,1,418,High,Clear,0,0,0
S017,A,Standard,253,4.08,80,39,1,1184,Low,Clear,0,0,0
S006,C,Compact,860,13.93,60,82,1,1150,Low,Clear,0,0,0
S097,B,Standard,748,12.67,30,25,0,258,Medium,Clear,0,0,0
S005,A,Large,79,1.0,20,61,1,1086,High,Clear,0,0,1
S057,C,Compact,108,1.45,10,13,1,74,Low,Clear,0,0,1
S028,D,Standard,58,1.39,30,35,0,595,Medium,Clear,0,0,0
S078,B,Standard,373,6.15,60,38,1,324,Medium,Clear,0,0,1
S069,A,Large,216,3.66,60,20,1,923,Medium,Cloudy,0,0,1
S059,C,Compact,386,6.39,100,33,0,271,Low,Clear,0,1,0
S033,D,EV,956,15.75,50,60,0,1110,Low,Clear,1,0,0
S062,B,Standard,428,7.46,60,51,1,924,High,Clear,0,0,0
S050,D,Standard,947,15.61,80,48,0,267,Medium,Clear,0,0,0
S019,C,Standard,840,13.75,40,16,0,160,Medium,Cloudy,1,1,0
S086,C,Compact,752,12.73,100,27,0,865,Low,Clear,1,0,0
S069,A,Standard,291,4.27,40,12,0,757,Low,Rain,0,0,0
S066,D,Standard,839,13.9,50,72,1,196,Low,Clear,0,0,0
S094,A,Compact,715,11.76,60,29,0,601,Low,Cloudy,0,0,0
S047,B,Standard,957,15.86,10,82,0,183,Low,Rain,0,0,0
S039,A,Standard,209,3.34,20,83,1,513,Low,Clear,0,1,0
S068,B,Standard,826,13.88,100,79,1,913,Medium,Cloudy,1,1,0
S033,C,Compact,284,5.06,80,26,1,505,High,Clear,0,0,1
S013,C,Standard,502,8.5,30,88,0,1134,High,Clear,1,0,0
S084,D,Standard,907,15.02,50,68,1,1078,High,Cloudy,0,0,0
S054,B,Standard,248,4.32,100,63,0,1110,Medium,Clear,0,0,0
S007,C,Compact,526,8.99,60,22,0,509,Low,Cloudy,0,0,0
S079,D,Large,82,1.47,10,51,1,188,Low,Clear,1,0,1
S087,D,Standard,457,7.93,100,53,1,667,Low,Cloudy,0,0,0
S014,A,Standard,138,1.6,10,95,1,1172,Medium,Rain,0,0,1
S087,D,Large,656,10.94,30,89,0,729,Low,Rain,0,1,0
S019,C,EV,270,4.59,100,76,1,1010,Low,Clear,1,0,0
S054,A,Compact,118,1.52,50,81,0,648,Low,Clear,0,0,0
S093,B,EV,343,5.78,20,29,1,645,High,Rain,1,1,0
S020,B,Compact,286,5.04,80,56,1,60,Medium,Cloudy,0,0,1
S029,C,Compact,956,15.87,20,33,1,376,Low,Clear,0,1,0
S024,C,Standard,209,3.68,50,60,1,428,Low,Clear,1,0,1
S082,A,Standard,881,14.99,40,27,1,280,Low,Clear,0,0,0
S063,A,Standard,889,15.22,80,32,1,667,Low,Clear,0,0,0
S074,C,Large,837,14.3,60,10,1,814,Low,Clear,0,0,0
S057,C,EV,339,6.06,20,75,1,98,Low,Clear,1,0,1
S008,B,Compact,928,15.32,40,14,1,500,Medium,Clear,0,0,0
S090,B,Standard,603,9.93,50,27,1,540,Low,Rain,0,1,0
S062,B,Standard,953,15.14,60,89,1,456,High,Cloudy,0,0,0
S029,C,Standard,627,10.13,10,83,0,1124,Low,Clear,0,0,0
S074,D,Standard,582,10.07,50,44,0,224,High,Clear,0,1,0
S017,C,Compact,384,6.22,10,34,1,529,Medium,Cloudy,0,0,1
S066,C,EV,631,10.64,100,33,1,272,High,Clear,1,0,0
S006,B,Standard,822,13.77,50,22,0,318,Medium,Clear,0,0,0
S058,C,Standard,551,9.56,80,30,0,859,Medium,Cloudy,0,0,0
S069,A,Compact,295,4.31,40,48,1,942,Medium,Clear,0,0,1
S028,C,Standard,372,6.31,60,43,1,950,Low,Clear,0,0,1
S062,C,Large,796,13.37,40,28,1,968,Low,Cloudy,0,0,0
S041,C,Standard,988,16.21,60,37,0,367,Low,Clear,1,0,0
S069,C,Standard,833,14.17,80,100,1,434,Low,Clear,0,0,0
S082,D,Standard,660,10.58,50,99,0,675,Low,Clear,0,0,0
S090,C,Standard,378,6.62,10,20,0,1127,Low,Clear,0,0,0
S084,A,Compact,596,9.29,50,58,0,692,High,Cloudy,0,0,0
S041,A,Standard,388,6.2,10,44,1,753,High,Cloudy,0,0,1
S049,C,Standard,220,3.62,40,93,1,354,Medium,Cloudy,0,0,1
S091,B,Standard,159,2.72,30,85,1,891,Low,Rain,0,1,0
S049,D,Standard,856,13.71,20,66,1,560,Low,Clear,0,0,0
S076,C,Standard,59,1.3,40,37,1,212,Low,Clear,0,0,1
S071,C,Standard,251,4.41,50,75,1,787,Medium,Clear,0,0,1
S003,C,Compact,965,16.65,50,74,1,390,High,Cloudy,0,0,0
S010,B,EV,306,5.31,10,82,1,981,Low,Clear,1,0,1
S098,B,Standard,311,4.96,20,31,1,579,Medium,Cloudy,0,0,1
S089,B,Standard,742,12.05,60,60,1,83,Medium,Clear,0,0,0
S035,D,Standard,479,7.86,40,100,1,1047,Low,Clear,0,0,0
S080,A,Standard,556,9.92,80,18,1,372,High,Cloudy,0,0,0
S002,D,Compact,115,1.93,20,80,1,396,Low,Clear,0,0,1
S024,B,Large,855,14.28,100,45,0,770,High,Rain,0,0,0
S074,A,Compact,722,12.45,20,63,1,294,Medium,Clear,1,0,0
S038,A,Standard,628,10.12,40,47,1,727,Low,Clear,0,0,0
S022,B,Standard,661,11.18,10,75,0,964,Low,Rain,0,1,0
S026,B,EV,638,10.79,60,52,1,772,Low,Rain,1,0,0
S043,D,Standard,84,1.69,10,14,0,1053,Low,Clear,1,0,0
S055,B,Standard,606,10.36,80,90,1,182,High,Clear,0,0,0
S039,A,EV,711,11.83,10,46,1,959,Medium,Clear,1,0,0
S091,C,Compact,540,8.59,30,67,1,98,Medium,Clear,0,0,1
S029,B,Compact,629,10.31,20,72,0,1137,Medium,Cloudy,0,1,0
S020,B,Standard,303,5.3,30,60,1,1177,Low,Clear,1,0,1
S091,D,Standard,66,1.66,10,81,0,262,Low,Clear,0,0,0
S041,D,Standard,310,4.8,60,52,0,168,Low,Cloudy,0,1,0
S054,B,Compact,774,12.51,40,76,0,905,Low,Rain,0,0,0
S020,A,Standard,874,14.09,20,76,0,810,Low,Clear,0,0,0
S019,A,Large,305,4.85,40,74,0,728,Medium,Clear,0,0,0
S084,C,Large,777,13.23,50,71,1,944,Low,Clear,0,1,0
S099,B,Standard,912,15.59,20,97,1,329,High,Cloudy,0,0,0
S066,D,Standard,473,7.26,40,72,1,473,Low,Clear,0,0,1
S030,A,Standard,550,8.81,10,39,1,412,Low,Clear,0,0,1
S053,C,Large,335,5.17,30,99,1,1070,Medium,Clear,0,0,0
S034,B,Compact,987,16.19,40,47,1,363,Medium,Clear,0,0,0
S022,A,Compact,56,1.0,80,60,1,819,High,Clear,0,0,1
S067,B,Standard,546,8.98,60,47,1,1136,Medium,Clear,0,0,0
S006,B,Standard,941,15.84,100,76,0,321,Low,Cloudy,0,0,0
S079,A,Compact,248,3.56,50,86,0,1110,High,Clear,0,0,0
S027,A,Standard,652,10.71,10,57,1,1089,High,Rain,0,0,0
S010,A,Compact,708,12.21,80,21,1,392,High,Clear,0,0,0
S073,B,Large,986,16.85,50,29,1,395,High,Clear,0,0,0
S097,B,Standard,467,8.28,60,81,0,282,Low,Cloudy,0,1,0
S096,C,Standard,711,11.97,60,11,0,1039,High,Clear,0,0,0
S048,D,Standard,101,1.49,30,84,1,625,High,Clear,0,0,1
S070,B,Standard,292,4.92,100,94,1,465,Medium,Clear,0,0,0
S059,D,Large,268,5.22,50,64,1,954,Medium,Clear,0,0,0
S100,A,Compact,567,9.29,60,15,1,316,Medium,Clear,0,0,1
S059,B,Large,158,3.18,40,92,0,1046,Low,Cloudy,0,1,0
S002,C,Compact,400,5.94,60,71,1,793,Medium,Cloudy,0,0,0
S029,C,Standard,970,16.34,60,58,1,960,High,Cloudy,0,1,0
S068,D,Standard,115,2.11,100,93,1,492,Medium,Cloudy,0,0,1
S065,A,Large,59,1.1,40,63,0,609,Medium,Cloudy,0,0,0
S083,D,Standard,251,4.32,10,19,1,125,Medium,Cloudy,0,0,1
S026,A,Compact,843,14.21,30,33,1,296,Low,Clear,0,0,0
S089,C,Large,950,16.0,30,38,0,629,Medium,Cloudy,0,1,0
S010,D,Standard,263,4.28,20,15,1,362,Medium,Clear,0,0,1
S053,C,Standard,117,1.87,80,67,1,625,Low,Cloudy,0,0,1
S079,C,Compact,808,13.06,20,87,0,392,High,Clear,0,0,0
S059,A,Large,915,15.47,40,66,1,764,High,Clear,0,0,0
S022,D,Standard,376,6.66,60,12,0,1033,Low,Clear,0,0,0
S051,D,EV,99,2.17,50,33,1,775,Medium,Cloudy,1,0,1
S048,C,Compact,66,1.0,60,28,1,681,Medium,Cloudy,0,0,1
S021,C,EV,572,9.02,60,18,1,448,Medium,Cloudy,1,0,1
S022,A,Standard,870,14.61,50,39,0,763,Low,Clear,0,0,0
S100,B,Standard,355,5.57,10,86,1,973,Medium,Rain,0,0,0
S098,B,Large,441,7.52,30,91,1,341,Low,Clear,0,0,1
S030,C,Large,173,2.22,100,53,0,103,Low,Rain,0,0,0
S025,B,Standard,553,9.54,40,62,1,1032,Low,Cloudy,0,0,0
S028,B,Compact,274,4.61,50,95,0,526,Medium,Clear,0,0,0
S065,B,Large,805,12.84,100,77,1,71,Low,Clear,1,0,0
S045,B,Standard,367,6.21,20,69,1,1102,Low,Clear,1,0,1
S068,C,Compact,522,8.73,40,32,1,744,Low,Rain,0,0,1
S007,B,Large,893,15.04,10,70,1,209,Low,Rain,0,0,0
S049,B,Standard,940,15.91,40,16,1,959,Low,Clear,0,1,0
S009,A,Standard,907,14.39,50,53,0,579,Low,Clear,1,0,0
S036,C,Large,590,9.69,80,64,0,150,High,Clear,0,0,0
S083,D,Standard,407,6.76,10,84,0,392,Medium,Clear,0,0,0
S001,D,Standard,532,8.78,60,48,1,628,Medium,Rain,0,0,0
S010,A,EV,918,15.19,20,68,1,839,Medium,Rain,1,0,0
S036,A,Compact,927,15.77,20,14,1,894,High,Clear,1,0,0
S073,C,Large,989,15.96,50,51,0,174,Medium,Clear,1,0,0
S046,D,Large,926,15.35,10,98,1,939,Low,Clear,0,0,0
S032,B,Standard,478,7.9,20,23,1,718,High,Clear,0,0,0
S032,A,Standard,846,14.07,100,36,1,552,Low,Rain,0,0,0
S006,D,Standard,546,8.81,10,25,1,222,High,Cloudy,0,0,1
S048,C,Standard,521,9.33,40,100,1,936,Medium,Clear,0,0,0
S038,B,Compact,620,10.63,80,11,1,169,Low,Clear,0,0,1
S017,C,Compact,704,12.4,30,28,1,322,High,Rain,0,0,0
S074,A,Standard,887,14.98,30,32,1,962,Low,Cloudy,0,0,0
S027,D,Standard,913,15.45,30,50,0,925,Low,Clear,0,1,0
S054,D,Standard,349,5.82,20,23,0,907,Medium,Clear,0,0,0
S050,D,Standard,787,13.59,50,56,1,310,Medium,Clear,0,1,0
S035,D,Standard,725,12.25,30,72,1,1197,Low,Clear,0,0,0
S085,B,Standard,133,2.16,60,99,1,327,Medium,Clear,0,0,1
S025,B,Compact,426,7.65,80,17,1,142,Medium,Cloudy,0,0,1
S028,C,Standard,362,5.64,50,36,1,1008,Low,Cloudy,0,0,1
S015,B,Standard,678,11.08,80,49,1,872,Medium,Cloudy,1,0,0
S004,A,Compact,369,6.99,30,37,0,177,High,Clear,1,0,0
S093,A,Standard,253,4.42,100,77,1,581,High,Clear,1,1,0
S073,D,Compact,404,5.94,40,70,1,822,Low,Cloudy,0,0,1
S027,A,Standard,343,6.02,100,47,0,216,Medium,Clear,0,0,0
S026,C,Standard,553,8.91,100,84,0,880,High,Rain,0,0,0
S019,B,Standard,194,3.06,80,33,1,285,High,Clear,0,0,1
S092,B,EV,588,10.57,30,37,0,1105,Low,Clear,1,0,0
S017,B,Standard,66,1.6,100,50,1,240,Low,Clear,0,1,0
S043,A,EV,624,11.0,50,27,1,706,Low,Cloudy,1,0,0
S041,B,Standard,828,13.62,20,58,0,662,Low,Clear,0,0,0
S042,D,Standard,625,10.33,80,94,0,304,Low,Rain,0,0,0
S050,D,Standard,88,1.53,100,35,1,1022,Medium,Cloudy,1,0,1
S084,D,Standard,179,3.24,60,12,1,1129,Low,Rain,0,0,1
S040,A,Standard,164,2.63,100,86,1,698,High,Rain,0,0,0
S039,B,Standard,499,8.88,40,47,0,155,Low,Clear,0,0,0
S023,A,Standard,999,16.8,50,23,1,241,Medium,Cloudy,0,1,0
S096,B,Standard,974,16.68,10,10,1,1052,Low,Clear,0,0,0
S052,C,Standard,94,1.33,30,20,1,224,Medium,Clear,1,0,1
S047,C,Standard,265,4.29,40,49,1,684,Medium,Clear,0,0,1
S063,A,Standard,649,10.89,20,13,0,134,Medium,Rain,0,1,0
S097,D,Compact,897,14.81,80,43,1,997,Low,Rain,0,0,0
S069,A,Large,464,8.05,10,74,0,777,Low,Cloudy,0,0,0
S043,D,Standard,738,12.62,80,65,1,1087,Medium,Clear,0,0,0
S048,B,Standard,314,5.16,30,19,0,1110,Low,Cloudy,1,0,0
S034,D,Standard,972,16.4,40,90,1,1100,Low,Cloudy,0,0,0
S040,D,Large,489,8.76,60,80,1,119,Low,Cloudy,0,0,1
S075,B,Standard,666,11.41,50,73,1,203,Medium,Clear,0,0,0
S061,C,Compact,430,7.36,80,22,1,814,Medium,Clear,0,0,0
S050,B,Standard,895,15.31,30,31,1,320,Low,Cloudy,0,0,0
S067,A,Standard,350,6.34,40,65,1,590,Low,Clear,1,0,1
S062,A,Standard,220,4.12,30,74,1,1147,Low,Cloudy,0,0,1
S058,A,Standard,669,11.13,60,22,0,620,Low,Clear,0,0,0
S033,A,Large,455,7.85,40,10,0,198,Medium,Rain,0,0,0
S075,A,Standard,404,6.64,50,47,1,59,High,Rain,1,0,1
S016,C,Compact,210,3.48,30,67,0,693,Low,Clear,0,0,0
S082,C,Compact,844,14.21,80,34,1,111,Medium,Clear,0,0,0
S094,D,Compact,601,9.58,40,51,0,823,Medium,Cloudy,1,0,0
S048,A,Standard,75,1.36,80,94,1,577,Medium,Clear,0,0,1
S010,B,Standard,132,1.99,10,42,1,494,Low,Clear,0,0,1
S082,A,Standard,222,3.34,20,66,0,1156,Medium,Clear,0,0,0
S038,C,Standard,734,12.47,60,46,0,66,Low,Rain,0,0,0
S019,A,Compact,843,13.97,40,66,1,418,Medium,Clear,0,0,0
S036,C,Standard,119,2.05,80,71,1,733,Low,Clear,0,0,1
S059,D,Compact,884,14.66,100,12,1,957,Medium,Clear,0,0,0
S063,D,Standard,55,1.0,100,39,1,632,Medium,Cloudy,1,0,1
S077,D,EV,845,14.12,40,76,0,304,Low,Clear,1,0,0
S046,C,Standard,244,3.66,40,72,0,505,Low,Cloudy,0,0,0
S003,A,Standard,574,9.54,100,91,0,692,Medium,Clear,0,0,0
S074,A,EV,112,2.46,30,32,1,610,High,Cloudy,1,0,1
S065,B,Standard,62,1.0,60,81,1,582,Medium,Cloudy,0,0,1
S091,C,EV,810,13.93,20,82,0,369,Low,Clear,1,0,0
S008,B,Standard,254,4.86,60,75,1,269,Low,Cloudy,0,1,0
S051,D,Standard,946,15.53,30,70,1,748,High,Cloudy,0,0,0
S081,A,Compact,814,13.66,80,11,1,81,Medium,Cloudy,1,0,0
S073,C,Large,89,1.09,40,36,1,764,Low,Clear,0,1,0
S006,B,Standard,214,3.13,60,57,1,803,Medium,Cloudy,1,0,1
S089,B,EV,80,1.38,40,72,1,1089,Low,Clear,1,0,1
S039,B,Compact,578,9.76,20,14,1,458,Medium,Cloudy,0,0,1
S060,A,Large,698,11.46,10,10,1,877,Medium,Clear,0,0,0
S028,A,Standard,926,15.09,30,31,1,222,Medium,Cloudy,0,0,0
S097,A,Standard,881,14.45,10,83,1,985,Low,Clear,0,0,0
S054,C,EV,874,14.83,60,33,1,1177,Low,Clear,1,0,0
S037,A,EV,958,16.24,40,68,1,756,Medium,Cloudy,1,0,0
S009,C,Standard,726,12.29,80,88,1,1025,Medium,Clear,0,0,0
S082,B,Standard,447,7.33,80,59,0,832,Low,Clear,0,0,0
S056,B,Standard,508,8.14,40,32,1,181,Low,Rain,0,0,1
S059,D,Compact,842,14.43,50,87,1,712,Low,Clear,0,0,0
S085,A,Standard,272,5.03,50,27,1,408,Medium,Clear,1,0,1
S002,B,Standard,683,11.23,10,98,1,809,Low,Rain,0,0,0
S061,A,Standard,127,2.07,50,31,1,214,Low,Clear,0,0,1
S058,C,Compact,874,14.13,80,53,0,766,Medium,Clear,0,0,0
S060,B,Standard,888,14.96,60,53,1,476,High,Cloudy,0,0,0
S040,A,Standard,649,11.44,100,46,1,726,High,Rain,0,0,0
S036,B,Compact,674,11.52,20,16,1,537,Low,Cloudy,0,0,1
S037,B,Compact,661,11.68,60,99,1,262,Medium,Rain,1,0,0
S079,A,Standard,987,16.33,10,33,0,815,Low,Clear,0,0,0
S092,B,Standard,987,16.06,60,86,1,206,Low,Clear,0,0,0
S018,B,Compact,864,14.85,50,50,0,1148,Medium,Cloudy,0,0,0
S098,B,Large,933,15.6,50,79,1,484,High,Cloudy,0,0,0
S063,B,Compact,477,7.68,20,94,0,891,High,Cloudy,0,0,0
S022,C,EV,474,8.46,100,80,1,694,High,Cloudy,1,0,0
S011,B,Compact,436,7.08,60,27,0,361,High,Rain,1,0,0
S058,D,Large,288,4.46,20,88,1,176,Low,Clear,0,0,1
S057,B,Standard,907,15.3,80,81,1,426,High,Rain,0,0,0
S077,A,Standard,672,10.81,10,69,0,274,Low,Cloudy,1,0,0
S004,D,Standard,139,2.62,30,61,1,1090,High,Clear,1,0,0
S086,C,Standard,434,6.89,100,89,0,546,Medium,Clear,0,0,0
S007,D,Standard,188,3.21,60,58,1,522,Medium,Cloudy,0,0,1
S061,D,Standard,696,11.7,80,76,1,524,Low,Cloudy,0,0,0
S054,D,Compact,573,9.63,80,54,1,266,Low,Cloudy,0,0,0
S088,A,Standard,293,4.5,60,18,1,245,Medium,Cloudy,0,0,1
S068,A,Standard,554,9.17,20,35,1,250,High,Clear,0,0,1
S092,A,EV,471,8.26,50,35,0,415,Low,Rain,1,1,0
S079,C,Standard,231,3.79,10,39,1,768,Low,Cloudy,0,0,1
S001,A,Standard,244,3.72,30,36,0,449,Low,Clear,0,0,0
S055,A,Standard,923,15.25,60,89,1,639,Low,Cloudy,0,0,0
S003,D,Large,683,11.01,10,13,1,263,Low,Clear,0,0,1
S078,A,Standard,102,1.05,50,60,0,390,Low,Cloudy,0,0,0
S038,B,Compact,977,16.23,100,92,0,1008,Low,Cloudy,0,0,0
S001,A,Standard,917,15.31,30,79,0,168,High,Cloudy,0,0,0
S038,C,Standard,734,12.44,30,88,1,885,High,Cloudy,0,0,0
S085,C,Standard,228,3.94,80,19,1,891,Low,Cloudy,0,0,1
S029,B,Compact,342,5.88,20,45,1,916,High,Clear,1,0,0
S005,C,Large,424,7.05,40,55,1,994,Low,Cloudy,0,0,0
S074,C,Compact,108,2.44,50,15,0,451,Medium,Rain,0,0,0
S092,D,Compact,103,1.46,40,79,1,932,Medium,Clear,0,0,1
S021,B,Standard,963,15.95,50,88,1,615,Low,Clear,0,0,0
S071,D,Compact,818,14.13,10,98,1,1152,Low,Cloudy,0,0,0
S067,D,Standard,294,4.78,40,92,1,473,High,Clear,0,0,0
S047,A,Compact,198,3.27,80,87,1,167,Low,Rain,0,1,0
S084,B,Standard,845,14.2,60,12,0,417,Low,Clear,0,0,0
S083,A,Standard,417,7.3,100,59,1,1179,High,Cloudy,0,0,0
S035,A,Standard,65,1.13,80,51,1,1178,Low,Cloudy,0,0,1
S068,D,Standard,225,3.48,80,87,1,679,Medium,Clear,0,0,0
S069,C,Standard,589,9.69,60,63,1,197,High,Cloudy,0,0,0
S001,B,Compact,455,7.75,60,48,1,199,High,Cloudy,0,0,0
S068,C,Standard,516,8.51,30,94,1,865,High,Clear,0,0,0
S012,D,Standard,929,15.34,20,64,1,305,Medium,Rain,1,0,0
S060,D,Compact,178,2.69,80,20,1,131,Low,Cloudy,0,0,1
S027,D,Standard,272,4.89,50,83,1,65,Medium,Cloudy,0,0,1
S056,D,Compact,933,15.51,20,88,0,950,Medium,Rain,0,0,0
S023,D,Compact,293,4.85,50,39,0,242,Medium,Clear,0,0,0
S025,D,EV,475,8.12,60,90,1,772,High,Cloudy,1,0,0
S021,C,Compact,403,6.31,30,65,0,1147,High,Cloudy,0,0,0
S061,A,Standard,799,13.33,30,38,0,1134,Medium,Rain,0,0,0
S063,C,Standard,793,13.67,30,26,1,1022,Low,Clear,0,0,0
S052,B,Standard,375,6.23,30,42,0,1000,Low,Rain,0,0,0
S088,C,EV,653,10.95,80,30,1,585,Medium,Cloudy,1,0,0
S025,D,Standard,52,1.0,30,87,1,392,Low,Clear,1,1,0
S055,C,Standard,528,9.12,60,19,1,444,Low,Clear,0,0,1
S046,A,Standard,130,2.23,20,96,0,992,Medium,Clear,0,0,0
S032,B,Large,93,2.29,10,48,0,307,Medium,Cloudy,1,0,0
S055,C,Standard,204,3.47,40,87,1,102,Medium,Clear,1,1,0
S096,A,EV,996,16.47,20,56,1,700,Low,Rain,1,0,0
S005,C,Standard,585,10.2,60,95,1,320,Low,Clear,1,0,0
S036,B,Standard,965,16.02,100,61,0,250,Low,Clear,0,0,0
S049,C,Standard,977,16.1,40,50,1,445,Medium,Rain,0,0,0
S058,D,Large,148,2.11,10,56,0,427,Medium,Clear,0,0,0
S039,C,Large,446,7.58,50,82,1,725,Medium,Cloudy,0,0,0
S080,A,Standard,929,15.35,80,96,1,584,Low,Clear,0,0,0
S097,C,Standard,220,3.43,10,80,0,972,Low,Clear,0,0,0
